0,"[-37.46760559  -1.4696573  -12.56372166   0.           0.
   0.          12.          -1.           1.26699448 105.03882599
 359.05914307   2.65164163   0.60661781   1.29866591   0.8
   0.7       ]",45,0.0,No collision,"[0, 0, 0, 0, 0, 0, 0, 0, 0, 0, 0, 0]",False
0,"[-2.71054821e+01 -1.74928284e+00 -1.54282627e+01  0.00000000e+00
  0.00000000e+00  0.00000000e+00  1.20000000e+01 -1.00000000e+00
  9.94698048e-01  1.05634132e+02  3.59548950e+02  5.58028616e-05
  6.71172262e+00  1.29674416e+00  8.00000000e-01  7.00000000e-01]",6,0.0,No collision,"[0, 0, 0, 0, 0, 0, 0, 0, 0, 0, 0, 0]",False
0,"[-2.71054821e+01 -1.74928296e+00 -1.54282618e+01  0.00000000e+00
  2.00000003e-01  0.00000000e+00  1.20000000e+01 -1.00000000e+00
  9.94673312e-01  1.05630409e+02  3.59548798e+02  5.53842022e-05
  1.34234506e+00  1.30003119e+00  8.00000000e-01  7.00000000e-01]",49,0.0,No collision,"[0, 0, 0, 0, 0, 0, 0, 0, 0, 0, 0, 0]",False
0,"[-2.71054821e+01 -1.74928331e+00 -1.54282618e+01  0.00000000e+00
  2.00000003e-01  0.00000000e+00  1.20000000e+01  1.00000000e+00
  9.94642913e-01  1.05626678e+02  3.59548676e+02  5.54954263e-05
  1.34237803e+00  1.30003120e+00  8.00000000e-01  7.00000000e-01]",13,0.0,No collision,"[0, 0, 0, 0, 0, 0, 0, 0, 0, 0, 0, 0]",False
0,"[ 7.81335163e+00 -2.24577665e+00 -2.53235874e+01  0.00000000e+00
  2.00000003e-01  0.00000000e+00  1.40000000e+01  1.00000000e+00
  1.31787300e+00  1.05815582e+02  3.59870239e+02  1.46755437e+01
  2.19679170e+01  1.29446139e+00  8.00000000e-01  7.00000000e-01]",3,1.0,No collision,"[0, 0, 0, 0.999775, 0.999775, 0.057615, 0.999775, 0.999775, 0.999775, 0.999775, 0.999775, 0.999775]",False
0,"[ 89.75299835  -3.63505912 -41.28292084   0.2          0.
   0.2         14.           1.           0.9649229  107.17858887
   0.61968052  10.86318328   2.07830544   5.62956877   0.8
   0.7       ]",0,0.999,No collision,"[0.999014, 0.999014, 0.999014, 0.999014, 0.999014, 0.999014, 0.999014, 0.999014, 0.999014, 0.999014, 0.999014, 0.999014]",False
0,"[ 1.26771492e+02 -4.05844927e+00 -5.30312042e+01  2.00000003e-01
  0.00000000e+00  2.00000003e-01  1.40000000e+01 -1.00000000e+00
  7.21192777e-01  1.07234276e+02  1.07161164e-01  8.03786060e-01
  2.99527052e-01  1.28059864e+00  8.00000000e-01  7.00000000e-01]",7,0.999,No collision,"[0.998627, 0, 0.998627, 0.998627, 0, 0, 0.998627, 0.998627, 0.998627, 0.998627, 0.998627, 0.998627]",False
0,"[138.46705627  -4.20562458 -56.42541504   0.           0.5
   0.          14.          -1.           0.57230955 105.50093842
 359.87515259   7.9921639   11.6806415    1.28855866   0.8
   0.7       ]",2,0.999,No collision,"[0.998563, 0.998563, 0.998563, 0.998563, 0.998563, 0.998563, 0.998563, 0.998563, 0.998563, 0, 0, 0]",False
0,"[ 1.72217010e+02 -4.60282516e+00 -6.50272369e+01  0.00000000e+00
  0.00000000e+00  0.00000000e+00  1.40000000e+01 -1.00000000e+00
  6.91959083e-01  1.02962616e+02  1.12141252e-01  2.89253509e-04
  3.34629101e+01  1.32300219e+00  8.00000000e-01  7.00000000e-01]",42,0.998,No collision,"[0.998325, 0, 0, 0, 0, 0, 0, 0, 0, 0, 0, 0]",False
0,"[ 1.72227249e+02 -4.60296202e+00 -6.50295563e+01  0.00000000e+00
  0.00000000e+00  0.00000000e+00  1.40000000e+01 -1.00000000e+00
  6.79131269e-01  1.02956192e+02  1.11851841e-01  2.29394614e-05
  3.34734717e+01  1.32301014e+00  8.00000000e-01  7.00000000e-01]",16,0.0,No collision,"[0, 0, 0, 0, 0, 0, 0, 0, 0, 0, 0, 0]",False
0,"[ 1.72227249e+02 -4.60296249e+00 -6.50295563e+01  0.00000000e+00
  0.00000000e+00  0.00000000e+00  1.40000000e+01  1.00000000e+00
  6.79131269e-01  1.02956192e+02  1.11849703e-01  2.97738210e-05
  3.34735430e+01  1.32301013e+00  8.00000000e-01  7.00000000e-01]",0,0.998,No collision,"[0, 0, 0, 0, 0, 0, 0, 0, 0, 0, 0, 0.998325]",False
0,"[ 1.72250275e+02 -4.60325050e+00 -6.50349960e+01  0.00000000e+00
  0.00000000e+00  0.00000000e+00  1.40000000e+01  1.00000000e+00
  6.49992347e-01  1.02965782e+02  1.12705953e-01  2.31845573e-01
  3.34972449e+01  1.32302115e+00  7.92369366e-01  7.00000000e-01]",44,1.0,9db2f1d3-b89c-48fa-908d-2a5f3b276094,"[0.998325, 0.998325, 0.998325, 0.998325, 0.998325, 1, 1, 0.999316, 0.998325, 0.998325, 0, 0]",False
0,"[ 1.76475143e+02 -4.65341091e+00 -6.55232697e+01  0.00000000e+00
  0.00000000e+00  0.00000000e+00  1.40000000e+01  1.00000000e+00
  6.72034204e-01  1.04104744e+02  1.38553277e-01  2.75250105e-05
  5.51798445e-01  6.43650292e-01  7.88536251e-01  1.00000000e+00]",2,1.0,9db2f1d3-b89c-48fa-908d-2a5f3b276094,"[0.398467, 0.481427, 1, 0.620079, 0.642129, 0.999309, 0.999265, 0.999205, 0.999174, 0.998115, 0.998115, 0.998115]",False
0,"[ 1.89897598e+02 -4.83525610e+00 -6.90440674e+01  0.00000000e+00
  0.00000000e+00  0.00000000e+00  1.40000000e+01 -1.00000000e+00
  7.04701543e-01  1.05589256e+02  1.23179249e-01  8.88272329e+00
  7.09536492e+00  1.30202454e+00  5.06766021e-01  7.00000000e-01]",39,1.0,No collision,"[0.998015, 0.99812, 0.998121, 0.998273, 0.998385, 0.999373, 0.999445, 0.999487, 0.999517, 0.999531, 0.99954, 0.999526]",False
0,"[261.6524353   -6.1443119  -88.0775528    0.           0.
   0.          14.          -1.           1.09557629 107.8788147
   0.42043218  11.5018567    1.34170946   1.25683374   0.8
   0.7       ]",19,1.0,No collision,"[0.997246, 0.999515, 0.999501, 0.999487, 0.999473, 0.999459, 0.999445, 0.999431, 0.999417, 0.997246, 0.997246, 0.997246]",False
0,"[ 303.5246582    -6.9833622  -104.57014465    0.            0.
    0.           14.           -1.            1.72960997   97.23726654
  359.89794922    1.84156846    3.80266427    1.42991787    0.93708068
    0.7       ]",20,0.997,No collision,"[0.996771, 0.996771, 0.996771, 0.996771, 0.996771, 0, 0, 0, 0, 0, 0, 0]",False
0,"[ 3.07382477e+02 -7.03052616e+00 -1.05065254e+02  0.00000000e+00
  0.00000000e+00  0.00000000e+00  1.40000000e+01 -1.00000000e+00
  1.54068023e-01  9.71441345e+01  3.58787170e+02  9.07875444e-05
  3.67484953e+00  1.44498462e+00  9.17182267e-01  1.58959470e-01]",45,0.0,No collision,"[0, 0, 0, 0, 0, 0, 0, 0, 0, 0, 0, 0]",False
0,"[ 3.07382477e+02 -7.03052616e+00 -1.05065254e+02  0.00000000e+00
  0.00000000e+00  0.00000000e+00  1.40000000e+01  1.00000000e+00
  1.54066309e-01  9.71441345e+01  3.58787170e+02  9.21154933e-05
  3.68198204e+00  1.44470340e+00  8.00000000e-01  7.00000000e-01]",25,0.0,No collision,"[0, 0, 0, 0, 0, 0, 0, 0, 0, 0, 0, 0]",False
0,"[ 3.07382477e+02 -7.03052616e+00 -1.05065254e+02  0.00000000e+00
  0.00000000e+00  0.00000000e+00  1.40000000e+01  1.00000000e+00
  1.54063642e-01  9.71441345e+01  3.58787170e+02  9.25037692e-05
  1.34772249e+00  1.45163449e+00  8.00000000e-01  7.00000000e-01]",24,0.0,No collision,"[0, 0, 0, 0, 0, 0, 0, 0, 0, 0, 0, 0]",False
0,"[ 3.07382477e+02 -7.03052616e+00 -1.05065254e+02  0.00000000e+00
  0.00000000e+00  0.00000000e+00  1.40000000e+01  0.00000000e+00
  1.54062465e-01  9.71441345e+01  3.58787170e+02  9.24070218e-05
  3.69425272e+00  1.44422215e+00  8.00000000e-01  7.00000000e-01]",32,0.0,No collision,"[0, 0, 0, 0, 0, 0, 0, 0, 0, 0, 0, 0]",True
1,"[-4.02979889e+01 -1.39666772e+00 -1.18001366e+01  0.00000000e+00
  0.00000000e+00  0.00000000e+00  1.20000000e+01 -1.00000000e+00
  1.47779047e+00  1.05017731e+02  3.59156036e+02  6.41480152e-05
  1.34289355e+00  1.31194018e+00  8.00000000e-01  7.00000000e-01]",8,0.0,No collision,"[0, 0, 0, 0, 0, 0, 0, 0, 0, 0, 0, 0]",False
1,"[-4.02979889e+01 -1.39665878e+00 -1.18001347e+01  0.00000000e+00
  1.00000000e+00  0.00000000e+00  1.20000000e+01 -1.00000000e+00
  1.47769177e+00  1.05017746e+02  3.59155701e+02  4.76073999e-05
  1.33913417e+00  1.31256040e+00  8.00000000e-01  7.00000000e-01]",36,0.0,No collision,"[0, 0, 0, 0, 0, 0, 0, 0, 0, 0, 0, 0]",False
1,"[-4.02979889e+01 -1.39665878e+00 -1.18001347e+01  0.00000000e+00
  1.00000000e+00  0.00000000e+00  1.20000000e+01 -1.00000000e+00
  1.47769403e+00  1.05017746e+02  3.59155701e+02  4.75535374e-05
  1.33913417e+00  1.31256040e+00  8.00000000e-01  7.00000000e-01]",4,0.0,No collision,"[0, 0, 0, 0, 0, 0, 0, 0, 0, 0, 0, 0]",False
1,"[-4.02979889e+01 -1.39665878e+00 -1.18001347e+01  5.00000000e-01
  0.00000000e+00  5.00000000e-01  1.20000000e+01  1.00000000e+00
  1.47769165e+00  1.05017746e+02  3.59155701e+02  4.75857629e-05
  1.33913417e+00  1.31256040e+00  8.00000000e-01  7.00000000e-01]",20,0.0,No collision,"[0, 0, 0, 0, 0, 0, 0, 0, 0, 0, 0, 0]",False
1,"[-4.02979889e+01 -1.39665878e+00 -1.18001347e+01  5.00000000e-01
  0.00000000e+00  5.00000000e-01  1.20000000e+01  1.00000000e+00
  1.47769189e+00  1.05017746e+02  3.59155701e+02  4.75993657e-05
  1.33913417e+00  1.31256040e+00  9.30319428e-01  3.45063714e-01]",12,0.0,No collision,"[0, 0, 0, 0, 0, 0, 0, 0, 0, 0, 0, 0]",True
2,"[-4.02709007e+01 -1.39741552e+00 -1.18087101e+01  0.00000000e+00
  0.00000000e+00  0.00000000e+00  1.20000000e+01 -1.00000000e+00
  1.41977465e+00  1.05006081e+02  3.59155396e+02  3.94457799e-01
  1.91623003e-01  1.31503159e+00  8.00000000e-01  7.00000000e-01]",21,0.0,No collision,"[0, 0, 0, 0, 0, 0, 0, 0, 0, 0, 0, 0]",False
2,"[-3.97603683e+01 -1.41097558e+00 -1.19517422e+01  0.00000000e+00
  0.00000000e+00  0.00000000e+00  1.20000000e+01 -1.00000000e+00
  1.44830275e+00  1.05101257e+02  3.59134979e+02  4.95353564e-05
  5.39522194e+00  1.30589540e+00  8.00000000e-01  7.00000000e-01]",12,0.0,No collision,"[0, 0, 0, 0, 0, 0, 0, 0, 0, 0, 0, 0]",False
2,"[-3.97542000e+01 -1.41116571e+00 -1.19555483e+01  0.00000000e+00
  0.00000000e+00  0.00000000e+00  1.00000000e+01 -1.00000000e+00
  1.44816923e+00  1.05111153e+02  3.59132385e+02  4.90731081e-05
  6.40535277e+00  1.30589665e+00  8.00000000e-01  7.00000000e-01]",18,0.0,No collision,"[0, 0, 0, 0, 0, 0, 0, 0, 0, 0, 0, 0]",False
2,"[-3.56958237e+01 -1.51419091e+00 -1.30694361e+01  0.00000000e+00
  0.00000000e+00  0.00000000e+00  1.00000000e+01  1.00000000e+00
  1.40109491e+00  1.05310555e+02  3.59030212e+02  9.42376605e-04
  1.33459621e-01  1.26903745e+00  8.00000000e-01  7.00000000e-01]",30,0.0,No collision,"[0, 0, 0, 0, 0, 0, 0, 0, 0, 0, 0, 0]",False
2,"[-30.10056114  -1.6726656  -14.62595749   0.           0.
   0.          10.           1.           1.51544464 105.52693939
 359.26596069   6.96203427   5.90854803   1.30123211   0.8
   0.7       ]",3,1.0,No collision,"[0, 0, 0, 0, 0, 0, 0, 0, 0, 0.999643, 0.999643, 0.999643]",False
2,"[ 5.36376190e+01 -3.08175445e+00 -3.64174690e+01  2.00000003e-01
  0.00000000e+00  2.00000003e-01  1.00000000e+01  1.00000000e+00
  8.19763243e-01  9.65676880e+01  3.57950226e+02  1.58832070e+01
  6.00984516e+01  1.32498523e+00  8.00000000e-01  7.00000000e-01]",22,1.0,No collision,"[0.99962, 0.99962, 0.99962, 0, 0, 0.99962, 0.99962, 0.99962, 0, 0.99962, 0, 0.99962]",False
2,"[ 9.89299088e+01 -3.74889755e+00 -3.79633408e+01  2.00000003e-01
  0.00000000e+00  2.00000003e-01  1.00000000e+01 -1.00000000e+00
  8.00489843e-01  9.93797073e+01  3.55258179e+02  2.29075468e-01
  1.02542658e+01  5.17475988e+00  9.78805125e-01  6.14751689e-01]",50,1.0,OBSTACLE,"[0.998974, 0.998974, 0.998974, 0.998974, 0, 0, 0.998974, 0.998974, 0.998974, 0.998974, 1, 0]",False
2,"[ 1.05671822e+02 -3.81921816e+00 -3.97568893e+01  2.00000003e-01
  0.00000000e+00  2.00000003e-01  1.00000000e+01 -1.00000000e+00
  6.10284865e-01  1.05188866e+02  3.55133209e+02  8.17004787e-03
  3.89660608e+00  1.29863287e+00  8.59177113e-01  7.60253885e-01]",21,0.0,No collision,"[0, 0, 0, 0, 0, 0, 0, 0, 0, 0, 0, 0]",False
2,"[ 1.05671600e+02 -3.82351851e+00 -3.97809219e+01  2.00000003e-01
  0.00000000e+00  2.00000003e-01  1.00000000e+01 -1.00000000e+00
  8.26991498e-01  1.04838333e+02  3.55322998e+02  5.39619861e-03
  1.68395648e+01  8.90769946e-01  8.00000000e-01  7.00000000e-01]",47,0.999,No collision,"[0, 0, 0, 0, 0, 0, 0, 0, 0.999231, 0, 0, 0]",False
2,"[ 1.05671875e+02 -3.82393551e+00 -3.97929764e+01  2.00000003e-01
  0.00000000e+00  2.00000003e-01  1.00000000e+01 -1.00000000e+00
  8.25333118e-01  1.04668587e+02  3.55321503e+02  2.70359081e-03
  1.34376929e+00  1.33615102e+00  8.00000000e-01  4.87415984e-01]",32,0.999,No collision,"[0, 0, 0, 0.99895, 0, 0, 0, 0, 0, 0, 0, 0]",False
2,"[ 1.05671516e+02 -3.82437658e+00 -3.98151970e+01  2.00000003e-01
  0.00000000e+00  2.00000003e-01  1.00000000e+01  1.00000000e+00
  8.08814764e-01  1.04243690e+02  3.55379608e+02  4.25271244e-03
  3.79722794e+01  1.12574733e+00  8.00000000e-01  7.00000000e-01]",43,1.0,OBSTACLE,"[0, 0, 0, 0, 0, 0, 1, 0, 0, 0, 0, 0]",False
2,"[ 1.05671577e+02 -3.82485580e+00 -3.98380852e+01  2.00000003e-01
  0.00000000e+00  2.00000003e-01  1.00000000e+01  1.00000000e+00
  8.02244067e-01  1.03831001e+02  3.55436584e+02  5.71339739e-03
  3.79624103e+01  1.12629099e+00  8.00000000e-01  7.00000000e-01]",31,1.0,OBSTACLE,"[0, 0, 0.998681, 1, 0, 0, 0, 0, 0, 0, 0, 0]",False
2,"[ 1.05670609e+02 -3.82448888e+00 -3.98595657e+01  2.00000003e-01
  0.00000000e+00  2.00000003e-01  1.00000000e+01  1.00000000e+00
  7.45146632e-01  1.03376259e+02  3.55472809e+02  3.17902117e-03
  3.79540992e+01  1.12681322e+00  8.00000000e-01  7.00000000e-01]",34,0.999,No collision,"[0, 0, 0, 0, 0, 0, 0, 0, 0.998681, 0, 0, 0]",False
2,"[ 1.05669289e+02 -3.82552052e+00 -3.98833656e+01  2.00000003e-01
  0.00000000e+00  2.00000003e-01  1.00000000e+01 -1.00000000e+00
  7.81867087e-01  1.02870811e+02  3.55531799e+02  3.39834437e-03
  3.79450932e+01  1.12739456e+00  8.00000000e-01  7.00000000e-01]",2,0.0,No collision,"[0, 0, 0, 0, 0, 0, 0, 0, 0, 0, 0, 0]",False
2,"[ 1.05668922e+02 -3.82578683e+00 -3.99070206e+01  0.00000000e+00
  0.00000000e+00  0.00000000e+00  1.00000000e+01 -1.00000000e+00
  7.60412574e-01  1.02400078e+02  3.55592865e+02  1.67180673e-03
  3.79353331e+01  1.12796227e+00  8.00000000e-01  7.00000000e-01]",36,1.0,OBSTACLE,"[0, 0, 0.998681, 1, 0, 0, 0, 0, 0, 0, 0, 0]",True
3,"[-39.51599121  -1.41738153 -12.01247692   0.           0.
   0.          12.          -1.           1.3513236  105.01555634
 359.12045288   1.59454608   0.81229018   1.306139     0.8
   0.7       ]",17,0.0,No collision,"[0, 0, 0, 0, 0, 0, 0, 0, 0, 0, 0, 0]",False
3,"[-11.71326065  -1.93655646 -19.81946754   0.           0.
   0.          12.           1.           0.39431912 106.02436066
   0.27148542   4.79939876  23.13448103   1.29509846   0.90881872
   0.74393187]",8,1.0,No collision,"[0, 0, 0, 0.999576, 0, 0, 0, 0, 0, 0, 0, 0]",False
3,"[-3.16397405e+00 -2.00492954e+00 -2.22956066e+01  0.00000000e+00
  1.00000000e+00  0.00000000e+00  1.20000000e+01  1.00000000e+00
  8.58359814e-01  1.06133224e+02  1.05962537e-01  5.75372333e+00
  2.10052742e+00  1.28921635e+00  7.60460854e-01  7.00000000e-01]",21,0.0,No collision,"[0, 0, 0, 0, 0, 0, 0, 0, 0, 0, 0, 0]",False
3,"[ 49.91175842  -3.02387667 -35.68211365   0.           1.
   0.          12.           1.           0.68551737  95.91226196
 357.90856934  13.58941677  33.15218591   1.34162326   0.81669044
   0.7       ]",41,1.0,No collision,"[0.999577, 0.999549, 0.999535, 0.999535, 0.999535, 0.999535, 0.999535, 0.999535, 0.999535, 0.999535, 0.999535, 0.999535]",False
3,"[ 9.24859695e+01 -3.69222498e+00 -4.56644707e+01  0.00000000e+00
  1.00000000e+00  0.00000000e+00  1.20000000e+01  1.00000000e+00
  9.03800964e-01  1.03660133e+02  3.59577789e+02  2.62501543e-03
  5.38579165e+00  1.29673145e+00  9.69072700e-01  7.84622103e-01]",23,1.0,No collision,"[0.999887, 0, 0, 0.999854, 0.999839, 0.99982, 0.999798, 0, 0, 0.99972, 0.999695, 0.999668]",False
3,"[ 94.94638062  -3.72327042 -46.26707077   0.           1.
   0.          12.           1.           0.64928401 103.59004211
 359.62145996   2.26997182   6.77577422   1.31296243   0.69414681
   0.6835733 ]",7,1.0,No collision,"[0.999674, 0.999647, 0.99962, 0.999592, 0.999564, 0.999536, 0.999508, 0.99948, 0.999452, 0.999424, 0.999396, 0.999368]",False
3,"[136.61302185  -4.18577576 -56.08417511   0.           0.5
   0.          12.          -1.           0.69609207 103.94284821
 359.93566895   9.91701104  21.08619365   1.33847729   0.8
   0.7       ]",29,1.0,No collision,"[0.999629, 0.999601, 0.999573, 0.999545, 0.999517, 0, 0.999461, 0, 0, 0, 0, 0]",False
3,"[ 1.52457199e+02 -4.38560390e+00 -6.01370621e+01  0.00000000e+00
  5.00000000e-01  0.00000000e+00  1.20000000e+01 -1.00000000e+00
  6.08139396e-01  1.04539185e+02  3.59740234e+02  2.96749160e-05
  7.88503159e+00  1.31774189e+00  6.28736615e-01  7.00000000e-01]",0,0.0,No collision,"[0, 0, 0, 0, 0, 0, 0, 0, 0, 0, 0, 0]",False
3,"[ 1.52457199e+02 -4.38560390e+00 -6.01370621e+01  0.00000000e+00
  5.00000000e-01  0.00000000e+00  1.20000000e+01 -1.00000000e+00
  6.08139634e-01  1.04539185e+02  3.59740234e+02  3.02376891e-05
  1.34483730e+00  1.31822522e+00  5.65842807e-01  7.00000000e-01]",18,0.0,No collision,"[0, 0, 0, 0, 0, 0, 0, 0, 0, 0, 0, 0]",False
3,"[ 1.52457199e+02 -4.38560390e+00 -6.01370621e+01  0.00000000e+00
  5.00000000e-01  0.00000000e+00  1.20000000e+01 -1.00000000e+00
  6.08139992e-01  1.04539185e+02  3.59740234e+02  3.04505427e-05
  1.34483730e+00  1.31822522e+00  6.48407578e-01  1.00000000e+00]",21,0.179,No collision,"[0, 0, 0, 0, 0, 0, 0, 0, 0.043099, 0.097202, 0.146571, 0.179338]",False
3,"[ 1.52457199e+02 -4.38560390e+00 -6.01370621e+01  0.00000000e+00
  5.00000000e-01  0.00000000e+00  1.20000000e+01  1.00000000e+00
  6.08142018e-01  1.04539185e+02  3.59740234e+02  3.06561126e-05
  1.34483730e+00  1.31822522e+00  7.80929506e-01  1.00000000e+00]",20,0.207,No collision,"[0.199837, 0.207115, 0.199496, 0.188621, 0.188621, 0, 0, 0, 0, 0, 0, 0]",False
3,"[ 1.52457199e+02 -4.38560390e+00 -6.01370621e+01  0.00000000e+00
  5.00000000e-01  0.00000000e+00  1.20000000e+01  1.00000000e+00
  6.08140707e-01  1.04539185e+02  3.59740234e+02  3.06264954e-05
  1.34526908e+00  1.31822389e+00  5.63889384e-01  7.00000000e-01]",15,0.0,No collision,"[0, 0, 0, 0, 0, 0, 0, 0, 0, 0, 0, 0]",False
3,"[ 1.52457199e+02 -4.38560390e+00 -6.01370621e+01  0.00000000e+00
  5.00000000e-01  0.00000000e+00  1.20000000e+01  1.00000000e+00
  6.08141422e-01  1.04539185e+02  3.59740234e+02  3.05728778e-05
  1.34542609e+00  1.31822335e+00  6.55474782e-01  7.00000000e-01]",19,0.0,No collision,"[0, 0, 0, 0, 0, 0, 0, 0, 0, 0, 0, 0]",False
3,"[ 1.52457199e+02 -4.38560390e+00 -6.01370621e+01  0.00000000e+00
  5.00000000e-01  0.00000000e+00  1.20000000e+01 -1.00000000e+00
  6.08139575e-01  1.04539185e+02  3.59740234e+02  3.08692923e-05
  1.34551768e+00  1.31822306e+00  6.92454219e-01  1.00000000e+00]",40,0.207,No collision,"[0, 0, 0.050811, 0.10654, 0.153019, 0.18328, 0.202029, 0.206935, 0.198341, 0.18861, 0.18861, 0]",False
3,"[ 1.52457199e+02 -4.38560390e+00 -6.01370621e+01  0.00000000e+00
  5.00000000e-01  0.00000000e+00  1.20000000e+01 -1.00000000e+00
  6.08141482e-01  1.04539185e+02  3.59740234e+02  3.00842709e-05
  1.34563544e+00  1.31822269e+00  5.86719930e-01  7.00000000e-01]",39,0.0,No collision,"[0, 0, 0, 0, 0, 0, 0, 0, 0, 0, 0, 0]",True
4,"[-4.03016968e+01 -1.39657533e+00 -1.18002634e+01  0.00000000e+00
  0.00000000e+00  0.00000000e+00  1.20000000e+01 -1.00000000e+00
  1.47784245e+00  1.05001999e+02  3.59153870e+02  5.07354871e-05
  1.72160038e-03 -1.41730514e+00  8.00000000e-01  7.00000000e-01]",9,0.0,No collision,"[0, 0, 0, 0, 0, 0, 0, 0, 0, 0, 0, 0]",False
4,"[-2.09099026e+01 -1.85272038e+00 -1.71990166e+01  0.00000000e+00
  0.00000000e+00  2.00000003e-01  1.20000000e+01 -1.00000000e+00
  6.06390953e-01  1.05876961e+02  3.59777710e+02  2.82388960e+00
  1.35374625e+01  1.29494044e+00  8.00000000e-01  7.00000000e-01]",10,0.0,No collision,"[0, 0, 0, 0, 0, 0, 0, 0, 0, 0, 0, 0]",False
4,"[-10.44874859  -1.94488525 -20.07076645   0.           0.
   0.5         12.           1.           0.70193213 104.97819519
   0.23523724   0.67315856   5.18571124   1.31560635   0.8
   0.7       ]",7,0.0,No collision,"[0, 0, 0, 0, 0, 0, 0, 0, 0, 0, 0, 0]",False
4,"[-5.68244171e+00 -1.97111225e+00 -2.13252277e+01  0.00000000e+00
  5.00000000e-01  0.00000000e+00  1.20000000e+01 -1.00000000e+00
  4.88456458e-01  1.04726517e+02  1.25927672e-01  1.59394296e-03
  2.89307479e+01  1.30093236e+00  8.00000000e-01  7.00000000e-01]",7,0.0,No collision,"[0, 0, 0, 0, 0, 0, 0, 0, 0, 0, 0, 0]",False
4,"[ 19.55426788  -2.48952937 -28.34518433   0.           0.5
   0.          12.           1.           1.13633156 105.4610672
 359.16104126  11.85236024  16.57692594   1.29519925   0.8
   0.7       ]",18,0.0,No collision,"[0, 0, 0, 0, 0, 0, 0, 0, 0, 0, 0, 0]",False
4,"[104.42276764  -3.8244915  -44.00231934   0.           0.5
   0.          12.           1.           0.91151083  99.29411316
   0.60591936  12.09954476  65.80885136   1.40438286   0.8
   0.7       ]",23,0.999,No collision,"[0.999184, 0.999184, 0, 0, 0, 0, 0, 0, 0, 0, 0, 0]",False
4,"[ 1.50701996e+02 -4.44056129e+00 -6.44216766e+01  0.00000000e+00
  5.00000000e-01  0.00000000e+00  1.20000000e+01 -1.00000000e+00
  9.83690679e-01  1.17428055e+02  3.59588684e+02  1.40230052e-02
  9.24545015e+00  1.08101006e+00  8.00000000e-01  7.00000000e-01]",33,0.998,No collision,"[0, 0.998407, 0, 0, 0, 0, 0, 0, 0, 0, 0, 0]",False
4,"[ 1.50706619e+02 -4.45161533e+00 -6.44176636e+01  0.00000000e+00
  5.00000000e-01  0.00000000e+00  1.20000000e+01 -1.00000000e+00
  9.13762689e-01  1.17387344e+02  3.58715424e+02  3.90755159e-04
  9.24800836e+00  1.08163488e+00  8.00000000e-01  7.00000000e-01]",23,0.0,No collision,"[0, 0, 0, 0, 0, 0, 0, 0, 0, 0, 0, 0]",False
4,"[ 1.50706619e+02 -4.45161533e+00 -6.44176636e+01  0.00000000e+00
  5.00000000e-01  0.00000000e+00  1.20000000e+01 -1.00000000e+00
  9.13773477e-01  1.17387306e+02  3.58715424e+02  3.93515639e-04
  1.34533119e+00  1.09904414e+00  8.00000000e-01  7.00000000e-01]",1,0.0,No collision,"[0, 0, 0, 0, 0, 0, 0, 0, 0, 0, 0, 0]",False
4,"[ 1.50706619e+02 -4.45161486e+00 -6.44176636e+01  0.00000000e+00
  5.00000000e-01  0.00000000e+00  1.20000000e+01 -1.00000000e+00
  9.13778663e-01  1.17387321e+02  3.58715424e+02  3.93255006e-04
  1.34857049e+00  1.09952727e+00  8.00000000e-01  7.00000000e-01]",47,0.0,No collision,"[0, 0, 0, 0, 0, 0, 0, 0, 0, 0, 0, 0]",True
5,"[-4.03014107e+01 -1.39657640e+00 -1.18001490e+01  0.00000000e+00
  0.00000000e+00  0.00000000e+00  1.20000000e+01 -1.00000000e+00
  1.47757840e+00  1.05000954e+02  3.59153931e+02  6.43605774e-05
  2.84179737e-03  1.48974091e+00  8.00000000e-01  7.00000000e-01]",38,0.0,No collision,"[0, 0, 0, 0, 0, 0, 0, 0, 0, 0, 0, 0]",False
5,"[-3.43094940e+01 -1.55086589e+00 -1.34410524e+01  0.00000000e+00
  0.00000000e+00  0.00000000e+00  1.20000000e+01 -1.00000000e+00
  1.48059750e+00  1.05339592e+02  3.59109619e+02  1.00906644e-03
  3.57075882e-01  1.38753687e+00  9.78800058e-01  2.42122976e-01]",18,0.0,No collision,"[0, 0, 0, 0, 0, 0, 0, 0, 0, 0, 0, 0]",False
5,"[-3.43014107e+01 -1.55110800e+00 -1.34457579e+01  0.00000000e+00
  0.00000000e+00  0.00000000e+00  1.20000000e+01 -1.00000000e+00
  1.48048079e+00  1.05340004e+02  3.59106628e+02  5.29393159e-05
  7.53722838e-01  1.34724580e+00  8.00000000e-01  7.00000000e-01]",50,0.0,No collision,"[0, 0, 0, 0, 0, 0, 0, 0, 0, 0, 0, 0]",False
5,"[-3.42798882e+01 -1.55174780e+00 -1.34518938e+01  0.00000000e+00
  0.00000000e+00  0.00000000e+00  1.20000000e+01  1.00000000e+00
  1.47682726e+00  1.05339630e+02  3.59107910e+02  1.47695712e-03
  7.95538287e-01  1.34533722e+00  9.27488267e-01  1.26044393e-01]",45,0.0,No collision,"[0, 0, 0, 0, 0, 0, 0, 0, 0, 0, 0, 0]",False
5,"[-3.40211334e+01 -1.55880165e+00 -1.35254354e+01  0.00000000e+00
  0.00000000e+00  0.00000000e+00  1.20000000e+01  1.00000000e+00
  1.50603592e+00  1.05347160e+02  3.59107941e+02  5.33730881e-05
  4.63708302e-01  1.38074281e+00  8.00000000e-01  7.00000000e-01]",16,0.0,No collision,"[0, 0, 0, 0, 0, 0, 0, 0, 0, 0, 0, 0]",False
5,"[-3.40211334e+01 -1.55880165e+00 -1.35254354e+01  0.00000000e+00
  0.00000000e+00  0.00000000e+00  1.20000000e+01  1.00000000e+00
  1.50603569e+00  1.05347160e+02  3.59107941e+02  5.32637409e-05
  4.63973217e-01  1.38069940e+00  8.00000000e-01  7.00000000e-01]",14,0.0,No collision,"[0, 0, 0, 0, 0, 0, 0, 0, 0, 0, 0, 0]",False
5,"[-3.40211334e+01 -1.55880165e+00 -1.35254354e+01  0.00000000e+00
  0.00000000e+00  0.00000000e+00  1.00000000e+01 -1.00000000e+00
  1.50603604e+00  1.05347160e+02  3.59107941e+02  5.33106104e-05
  4.64084062e-01  1.38068127e+00  8.00000000e-01  7.00000000e-01]",21,0.0,No collision,"[0, 0, 0, 0, 0, 0, 0, 0, 0, 0, 0, 0]",False
5,"[-3.40211334e+01 -1.55880141e+00 -1.35254354e+01  0.00000000e+00
  0.00000000e+00  0.00000000e+00  1.00000000e+01 -1.00000000e+00
  1.50603724e+00  1.05347160e+02  3.59107941e+02  5.32204644e-05
  4.64191301e-01  1.38066375e+00  8.00000000e-01  7.00000000e-01]",35,0.0,No collision,"[0, 0, 0, 0, 0, 0, 0, 0, 0, 0, 0, 0]",False
5,"[-3.40211334e+01 -1.55880141e+00 -1.35254354e+01  0.00000000e+00
  0.00000000e+00  0.00000000e+00  1.00000000e+01 -1.00000000e+00
  1.50603735e+00  1.05347160e+02  3.59107941e+02  5.31942587e-05
  4.64264890e-01  1.38065175e+00  7.93742001e-01  1.80621486e-01]",31,0.0,No collision,"[0, 0, 0, 0, 0, 0, 0, 0, 0, 0, 0, 0]",False
5,"[-3.40211334e+01 -1.55880141e+00 -1.35254354e+01  0.00000000e+00
  0.00000000e+00  0.00000000e+00  1.00000000e+01 -1.00000000e+00
  1.50603628e+00  1.05347160e+02  3.59107941e+02  5.31308626e-05
  4.64314296e-01  1.38064373e+00  8.00000000e-01  7.00000000e-01]",27,0.0,No collision,"[0, 0, 0, 0, 0, 0, 0, 0, 0, 0, 0, 0]",True
6,"[-4.03016968e+01 -1.39657485e+00 -1.18002167e+01  0.00000000e+00
  0.00000000e+00  0.00000000e+00  1.20000000e+01 -1.00000000e+00
  1.47785246e+00  1.05001976e+02  3.59153900e+02  5.01588316e-05
  6.97627469e+00  1.30789794e+00  8.00000000e-01  7.00000000e-01]",42,0.0,No collision,"[0, 0, 0, 0, 0, 0, 0, 0, 0, 0, 0, 0]",False
6,"[-24.90340805  -1.79094303 -16.08204651   0.           0.
   0.          12.          -1.           1.08897352 105.73355103
 359.61935425   2.58221042   9.66334616   1.29389135   0.8
   0.7       ]",29,0.0,No collision,"[0, 0, 0, 0, 0, 0, 0, 0, 0, 0, 0, 0]",False
6,"[-2.23546448e+01 -1.83613288e+00 -1.68075104e+01  0.00000000e+00
  0.00000000e+00  0.00000000e+00  1.20000000e+01 -1.00000000e+00
  9.13272083e-01  1.05844879e+02  3.59740509e+02  2.44166889e-05
  1.16593902e+01  1.29316099e+00  8.00000000e-01  7.00000000e-01]",6,0.0,No collision,"[0, 0, 0, 0, 0, 0, 0, 0, 0, 0, 0, 0]",False
6,"[-2.23546448e+01 -1.83613288e+00 -1.68075104e+01  0.00000000e+00
  2.00000003e-01  0.00000000e+00  1.20000000e+01  1.00000000e+00
  9.13270712e-01  1.05844879e+02  3.59740509e+02  2.45287574e-05
  1.16580328e+01  1.29315962e+00  8.00000000e-01  7.00000000e-01]",20,0.0,No collision,"[0, 0, 0, 0, 0, 0, 0, 0, 0, 0, 0, 0]",False
6,"[-2.03812180e+01 -1.86114573e+00 -1.73743649e+01  0.00000000e+00
  2.00000003e-01  0.00000000e+00  1.20000000e+01  1.00000000e+00
  2.97709763e-01  1.05965996e+02  3.59782318e+02  2.09287059e+00
  1.37106992e+01  1.29284820e+00  8.00000000e-01  7.00000000e-01]",30,0.0,No collision,"[0, 0, 0, 0, 0, 0, 0, 0, 0, 0, 0, 0]",False
6,"[-1.58894415e+01 -1.89304304e+00 -1.86767502e+01  0.00000000e+00
  2.00000003e-01  0.00000000e+00  1.20000000e+01 -1.00000000e+00
  5.40790200e-01  1.06173965e+02 -5.28066419e-03  1.58377548e-05
  1.83871785e+01  1.29176396e+00  8.00000000e-01  7.00000000e-01]",5,0.0,No collision,"[0, 0, 0, 0, 0, 0, 0, 0, 0, 0, 0, 0]",False
6,"[-9.16587734e+00 -1.95256448e+00 -2.06292324e+01  1.00000000e+00
  0.00000000e+00  1.00000000e+00  1.20000000e+01 -1.00000000e+00
  3.49425882e-01  1.06268951e+02  2.40623593e-01  4.39045942e-05
  2.53883419e+01  1.29077427e+00  8.00000000e-01  7.00000000e-01]",22,0.0,No collision,"[0, 0, 0, 0, 0, 0, 0, 0, 0, 0, 0, 0]",False
6,"[  4.28264713  -2.16059041 -24.40575218   1.           0.
   1.          12.          -1.           1.5430516  105.20343018
 359.88781738   2.05012646  39.35677893   1.29299589   0.8
   0.7       ]",49,1.0,No collision,"[0.99976, 0.99976, 0, 0, 0, 0, 0, 0, 0, 0, 0, 0]",False
6,"[ 11.61317253  -2.34552193 -26.40352249   1.           0.
   1.          12.          -1.           1.3424443  105.37684631
 359.85897827   4.26147447  46.95411259   1.2948946    0.8
   0.7       ]",30,1.0,No collision,"[0, 0, 0, 0, 0, 0, 0, 0, 0.999772, 0, 0, 0]",False
6,"[ 3.49213104e+01 -2.80596757e+00 -3.31070480e+01  1.00000000e+00
  0.00000000e+00  1.00000000e+00  1.20000000e+01 -1.00000000e+00
  1.15290010e+00  1.06120193e+02  3.58488403e+02  1.09575743e-04
  7.12068681e+01  1.29348291e+00  8.00000000e-01  7.00000000e-01]",6,1.0,No collision,"[0, 0, 0, 0, 0, 0, 0, 0, 0, 0, 0.999766, 0.999766]",False
6,"[ 4.07393379e+01 -2.91064668e+00 -3.47092781e+01  0.00000000e+00
  2.00000003e-01  0.00000000e+00  1.20000000e+01  1.00000000e+00
  7.76221454e-01  1.05136185e+02  3.58463470e+02  5.07601200e+00
  1.49603552e+00  1.31270091e+00  8.00000000e-01  7.00000000e-01]",24,0.999,No collision,"[0.999472, 0, 0, 0, 0, 0, 0, 0, 0.999472, 0.999472, 0.999472, 0.999472]",False
6,"[ 62.14845276  -3.1969533  -34.95804977   0.           0.2
   0.          12.           1.           0.70694423 105.45000458
   0.51090074   6.0433024    1.34420361   1.29880662   0.8
   0.7       ]",47,0.999,No collision,"[0.999293, 0.999293, 0, 0, 0, 0, 0, 0, 0, 0.999293, 0.999293, 0.999293]",False
6,"[ 9.60034866e+01 -3.84339237e+00 -6.47853622e+01  0.00000000e+00
  2.00000003e-01  0.00000000e+00  1.20000000e+01  1.00000000e+00
  3.59072083e+02  1.19059921e+02  5.09677696e+00  6.13130241e-01
  2.82042026e+00  1.06893711e+00  9.20145988e-01  3.80991508e-01]",51,0.0,No collision,"[0, 0, 0, 0, 0, 0, 0, 0, 0, 0, 0, 0]",False
6,"[ 9.60222092e+01 -3.83751321e+00 -6.48000031e+01  0.00000000e+00
  2.00000003e-01  0.00000000e+00  1.20000000e+01 -1.00000000e+00
  3.58535950e+02  1.18969383e+02  5.97924471e+00  3.15072595e-04
  1.35765922e+00  1.03815140e+00  8.00000000e-01  7.00000000e-01]",48,0.0,No collision,"[0, 0, 0, 0, 0, 0, 0, 0, 0, 0, 0, 0]",False
6,"[ 9.60222168e+01 -3.83750558e+00 -6.48000031e+01  0.00000000e+00
  2.00000003e-01  0.00000000e+00  1.20000000e+01 -1.00000000e+00
  3.58535492e+02  1.18963905e+02  5.97839165e+00  3.13121573e-04
  1.35765922e+00  1.03815140e+00  8.00000000e-01  7.00000000e-01]",47,0.161,No collision,"[0, 0, 0, 0, 0, 0, 0, 0, 0.006827, 0.069227, 0.120491, 0.161429]",False
6,"[ 9.60222244e+01 -3.83750105e+00 -6.48000031e+01  0.00000000e+00
  2.00000003e-01  0.00000000e+00  1.20000000e+01 -1.00000000e+00
  3.58535034e+02  1.18958405e+02  5.97806263e+00  3.12866901e-04
  1.35765922e+00  1.03815140e+00  8.00000000e-01  7.00000000e-01]",34,0.208,No collision,"[0.190898, 0.206953, 0.207736, 0.193291, 0.189972, 0.189972, 0, 0, 0, 0, 0, 0]",False
6,"[ 9.60222321e+01 -3.83749604e+00 -6.48000031e+01  0.00000000e+00
  2.00000003e-01  0.00000000e+00  1.20000000e+01 -1.00000000e+00
  3.58534546e+02  1.18952881e+02  5.97774649e+00  3.13224208e-04
  1.35765700e+00  1.03843090e+00  8.00000000e-01  7.00000000e-01]",35,0.0,No collision,"[0, 0, 0, 0, 0, 0, 0, 0, 0, 0, 0, 0]",False
6,"[ 9.60222397e+01 -3.83749151e+00 -6.48000031e+01  0.00000000e+00
  2.00000003e-01  0.00000000e+00  1.20000000e+01  1.00000000e+00
  3.58534088e+02  1.18947365e+02  5.97740030e+00  3.13114295e-04
  1.35767662e+00  1.03855029e+00  8.00000000e-01  7.00000000e-01]",27,0.0,No collision,"[0, 0, 0, 0, 0, 0, 0, 0, 0, 0, 0, 0]",False
6,"[ 9.60222473e+01 -3.83748698e+00 -6.48000031e+01  0.00000000e+00
  2.00000003e-01  0.00000000e+00  1.20000000e+01  1.00000000e+00
  3.58533600e+02  1.18941856e+02  5.97706842e+00  3.12946565e-04
  1.35767502e+00  1.03864089e+00  8.00000000e-01  7.00000000e-01]",19,0.208,No collision,"[0, 0, 0.002, 0.063954, 0.117891, 0.159461, 0.189662, 0.206376, 0.208023, 0.195996, 0.190034, 0.190034]",False
6,"[ 9.60222549e+01 -3.83748221e+00 -6.48000107e+01  0.00000000e+00
  2.00000003e-01  0.00000000e+00  1.20000000e+01  0.00000000e+00
  3.58533142e+02  1.18936356e+02  5.97673941e+00  3.13286543e-04
  1.35767342e+00  1.03873150e+00  8.00000000e-01  7.00000000e-01]",35,0.0,No collision,"[0, 0, 0, 0, 0, 0, 0, 0, 0, 0, 0, 0]",True
7,"[-4.02897224e+01 -1.39691269e+00 -1.18040457e+01  0.00000000e+00
  0.00000000e+00  0.00000000e+00  1.20000000e+01 -1.00000000e+00
  1.47692156e+00  1.04982735e+02  3.59153046e+02  6.34385877e-05
  1.10443816e-02  1.19577370e+00  8.00000000e-01  7.00000000e-01]",13,0.0,No collision,"[0, 0, 0, 0, 0, 0, 0, 0, 0, 0, 0, 0]",False
7,"[-32.92347717  -1.58763766 -13.81224728   0.           0.
   0.          14.          -1.           1.63355505 105.30828857
 359.12081909   0.58318628   0.80587308   1.27455479   0.8
   0.7       ]",13,0.0,No collision,"[0, 0, 0, 0, 0, 0, 0, 0, 0, 0, 0, 0]",False
7,"[-3.29029694e+01 -1.58822060e+00 -1.38180065e+01  0.00000000e+00
  0.00000000e+00  0.00000000e+00  1.40000000e+01 -1.00000000e+00
  1.57543445e+00  1.05309204e+02  3.59120605e+02  5.52637681e-05
  6.95188183e-01  1.26944000e+00  8.00000000e-01  7.00000000e-01]",42,0.0,No collision,"[0, 0, 0, 0, 0, 0, 0, 0, 0, 0, 0, 0]",False
7,"[-3.29029694e+01 -1.58822060e+00 -1.38180065e+01  0.00000000e+00
  0.00000000e+00  0.00000000e+00  1.40000000e+01  1.00000000e+00
  1.57543492e+00  1.05309204e+02  3.59120605e+02  5.52036359e-05
  6.94178451e-01  1.26938827e+00  8.00000000e-01  7.00000000e-01]",20,0.0,No collision,"[0, 0, 0, 0, 0, 0, 0, 0, 0, 0, 0, 0]",False
7,"[-1.65289783e+01 -1.88799739e+00 -1.84373245e+01  0.00000000e+00
  0.00000000e+00  0.00000000e+00  1.40000000e+01 -1.00000000e+00
  2.15580165e-01  1.05888390e+02  3.59921997e+02  9.65334554e+00
  5.77135298e+00  1.28158990e+00  9.78588521e-01  1.00000000e+00]",14,0.432,No collision,"[0.121707, 0.19269, 0.171186, 0.23194, 0.287601, 0.269628, 0.262378, 0.210025, 0.157343, 0.431674, 0.401954, 0.414291]",False
7,"[ 66.31233215  -3.26944137 -35.68483734   0.           0.
   0.          10.           1.           0.812823    87.26139832
 359.58987427  15.77638433  41.7873746    1.43786902   0.8
   0.7       ]",8,0.0,No collision,"[0, 0, 0, 0, 0, 0, 0, 0, 0, 0, 0, 0]",False
7,"[ 8.67344055e+01 -3.60888982e+00 -3.56316719e+01  0.00000000e+00
  1.00000000e+00  0.00000000e+00  1.00000000e+01 -1.00000000e+00
  3.59605469e+02  6.64853210e+01  3.59717163e+02  2.61248049e-02
  3.54045833e+01  1.53104209e+00  8.00000000e-01  7.00000000e-01]",16,0.0,No collision,"[0, 0, 0, 0, 0, 0, 0, 0, 0, 0, 0, 0]",False
7,"[ 8.69426498e+01 -3.61293387e+00 -3.56480331e+01  0.00000000e+00
  1.00000000e+00  0.00000000e+00  1.00000000e+01 -1.00000000e+00
  3.59611115e+02  6.81619110e+01  3.59745697e+02  7.76770537e-03
  6.88391635e+00 -1.34099162e+00  8.00000000e-01  7.00000000e-01]",3,0.0,No collision,"[0, 0, 0, 0, 0, 0, 0, 0, 0, 0, 0, 0]",False
7,"[ 8.72001724e+01 -3.61857700e+00 -3.56513443e+01  2.00000003e-01
  0.00000000e+00  2.00000003e-01  1.00000000e+01 -1.00000000e+00
  3.59648315e+02  7.08162537e+01  3.59686188e+02  1.52738204e-02
  1.09530878e+01 -1.54877554e+00  8.00000000e-01  7.00000000e-01]",41,0.999,No collision,"[0, 0.999007, 0, 0, 0, 0.999007, 0, 0, 0, 0, 0, 0]",False
7,"[ 8.72784653e+01 -3.62041664e+00 -3.56573448e+01  2.00000003e-01
  0.00000000e+00  2.00000003e-01  1.00000000e+01 -1.00000000e+00
  3.59649872e+02  7.14643326e+01  3.59674255e+02  1.55800139e-04
  2.49383894e+01  1.41062966e+00  8.00000000e-01  7.00000000e-01]",35,0.0,No collision,"[0, 0, 0, 0, 0, 0, 0, 0, 0, 0, 0, 0]",False
7,"[ 8.72784576e+01 -3.62043715e+00 -3.56573410e+01  2.00000003e-01
  0.00000000e+00  2.00000003e-01  1.00000000e+01  1.00000000e+00
  3.59650635e+02  7.14792252e+01  3.59673218e+02  1.55188349e-04
  2.49384051e+01  1.41062961e+00  8.00000000e-01  7.00000000e-01]",6,0.0,No collision,"[0, 0, 0, 0, 0, 0, 0, 0, 0, 0, 0, 0]",False
7,"[ 8.72784500e+01 -3.62046289e+00 -3.56573334e+01  0.00000000e+00
  2.00000003e-01  0.00000000e+00  1.00000000e+01  1.00000000e+00
  3.59651550e+02  7.14941483e+01  3.59671753e+02  1.55387834e-04
  1.35077664e+00  5.03686870e+00  8.00000000e-01  7.00000000e-01]",40,0.0,No collision,"[0, 0, 0, 0, 0, 0, 0, 0, 0, 0, 0, 0]",False
7,"[ 8.72784424e+01 -3.62048864e+00 -3.56573296e+01  0.00000000e+00
  2.00000003e-01  0.00000000e+00  1.00000000e+01  1.00000000e+00
  3.59652466e+02  7.15090637e+01  3.59670319e+02  1.55497353e-04
  2.49384220e+01  1.41062925e+00  8.00000000e-01  7.00000000e-01]",30,0.0,No collision,"[0, 0, 0, 0, 0, 0, 0, 0, 0, 0, 0, 0]",False
7,"[ 8.72784348e+01 -3.62051439e+00 -3.56573219e+01  0.00000000e+00
  2.00000003e-01  0.00000000e+00  1.00000000e+01 -1.00000000e+00
  3.59653412e+02  7.15239716e+01  3.59668823e+02  1.54985306e-04
  2.49384307e+01  1.41062900e+00  8.00000000e-01  7.00000000e-01]",40,0.0,No collision,"[0, 0, 0, 0, 0, 0, 0, 0, 0, 0, 0, 0]",False
7,"[ 8.72784271e+01 -3.62054038e+00 -3.56573143e+01  0.00000000e+00
  2.00000003e-01  0.00000000e+00  1.00000000e+01 -1.00000000e+00
  3.59654327e+02  7.15388947e+01  3.59667389e+02  1.55217305e-04
  2.49384395e+01  1.41062875e+00  8.00000000e-01  7.00000000e-01]",7,0.0,No collision,"[0, 0, 0, 0, 0, 0, 0, 0, 0, 0, 0, 0]",True
8,"[-38.56568527  -1.44197965 -12.24458981   0.           0.
   0.          12.          -1.           1.2584089  104.61058044
 359.06539917   2.84809021   1.79036045   1.31985079   0.8
   0.7       ]",21,0.0,No collision,"[0, 0, 0, 0, 0, 0, 0, 0, 0, 0, 0, 0]",False
8,"[ -1.04719651  -2.04491329 -22.67852592   0.           0.
   0.          12.           1.           1.16815698 105.89012146
   0.14816794  11.06526347  34.49680645   1.29905193   0.8
   0.7       ]",30,1.0,No collision,"[0, 0, 0, 0, 0, 0.999747, 0.999747, 0.999747, 0.999747, 0.999747, 0.999747, 0.999747]",False
8,"[ 72.33490753  -3.38787031 -39.99656677   0.           0.
   0.          12.          -1.           0.80902165  98.62138367
 359.32693481  11.5643091  109.18936538   1.32662021   0.8
   0.7       ]",36,1.0,No collision,"[0.999669, 0.999669, 0.999669, 0.999669, 0.999669, 0.999669, 0.999669, 0.999669, 0.999669, 0.999669, 0.999669, 0.999669]",False
8,"[120.10910797  -4.07418966 -56.34391403   0.           0.
   0.          12.           1.           1.04848826 115.342659
 358.91296387   5.09779456 156.75375108   1.29950472   0.8
   0.7       ]",7,0.999,No collision,"[0.999431, 0.999431, 0, 0, 0, 0, 0, 0, 0, 0, 0, 0]",False
8,"[ 1.23110428e+02 -4.07782888e+00 -5.77695885e+01  0.00000000e+00
  5.00000000e-01  0.00000000e+00  1.20000000e+01  1.00000000e+00
  3.59012970e+02  1.15252106e+02  2.10221124e+00  3.61817524e-05
  1.60028516e+02  1.29594755e+00  8.00000000e-01  7.00000000e-01]",49,0.0,No collision,"[0, 0, 0, 0, 0, 0, 0, 0, 0, 0, 0, 0]",False
8,"[ 1.23109993e+02 -4.07783461e+00 -5.77680626e+01  0.00000000e+00
  5.00000000e-01  0.00000000e+00  1.20000000e+01  1.00000000e+00
  3.59014191e+02  1.15223396e+02  2.09823394e+00  3.61362981e-05
  1.60027833e+02  1.29595598e+00  5.69162309e-01  7.00000000e-01]",49,0.0,No collision,"[0, 0, 0, 0, 0, 0, 0, 0, 0, 0, 0, 0]",False
8,"[ 1.23109993e+02 -4.07783985e+00 -5.77680588e+01  0.00000000e+00
  5.00000000e-01  0.00000000e+00  1.20000000e+01 -1.00000000e+00
  3.59014191e+02  1.15214203e+02  2.09773755e+00  3.62477193e-05
  1.35456131e+00  1.12113396e+00  5.17299354e-01  7.00000000e-01]",44,0.0,No collision,"[0, 0, 0, 0, 0, 0, 0, 0, 0, 0, 0, 0]",False
8,"[ 1.23110001e+02 -4.07784414e+00 -5.77680588e+01  0.00000000e+00
  5.00000000e-01  0.00000000e+00  1.20000000e+01 -1.00000000e+00
  3.59014191e+02  1.15205009e+02  2.09724545e+00  3.57301354e-05
  1.35457505e+00  1.12113886e+00  6.52799428e-01  7.00000000e-01]",33,0.0,No collision,"[0, 0, 0, 0, 0, 0, 0, 0, 0, 0, 0, 0]",False
8,"[ 1.23110001e+02 -4.07784891e+00 -5.77680550e+01  0.00000000e+00
  5.00000000e-01  0.00000000e+00  1.20000000e+01 -1.00000000e+00
  3.59014221e+02  1.15195824e+02  2.09673834e+00  3.62022966e-05
  1.35455965e+00  1.12113650e+00  8.05527627e-01  7.00000000e-01]",17,0.0,No collision,"[0, 0, 0, 0, 0, 0, 0, 0, 0, 0, 0, 0]",False
8,"[ 1.23110008e+02 -4.07785416e+00 -5.77680511e+01  0.00000000e+00
  5.00000000e-01  0.00000000e+00  1.20000000e+01 -1.00000000e+00
  3.59014221e+02  1.15186630e+02  2.09624195e+00  3.65702415e-05
  1.35457861e+00  1.12114638e+00  7.84667909e-01  7.00000000e-01]",18,0.0,No collision,"[0, 0, 0, 0, 0, 0, 0, 0, 0, 0, 0, 0]",True
9,"[-4.03016968e+01 -1.39657497e+00 -1.18002310e+01  0.00000000e+00
  0.00000000e+00  0.00000000e+00  1.20000000e+01 -1.00000000e+00
  1.47784746e+00  1.05001984e+02  3.59153900e+02  5.05584478e-05
  1.33915244e+00  1.31234155e+00  8.00000000e-01  7.00000000e-01]",26,0.0,No collision,"[0, 0, 0, 0, 0, 0, 0, 0, 0, 0, 0, 0]",False
9,"[-4.03016968e+01 -1.39657485e+00 -1.18002310e+01  0.00000000e+00
  0.00000000e+00  0.00000000e+00  1.20000000e+01 -1.00000000e+00
  1.47784555e+00  1.05001984e+02  3.59153900e+02  4.99708224e-05
  1.33913267e+00  1.31284367e+00  9.75125670e-01  6.44971861e-02]",4,0.0,No collision,"[0, 0, 0, 0, 0, 0, 0, 0, 0, 0, 0, 0]",False
9,"[-4.03016968e+01 -1.39657485e+00 -1.18002310e+01  5.00000000e-01
  0.00000000e+00  5.00000000e-01  1.20000000e+01 -1.00000000e+00
  1.47784543e+00  1.05001984e+02  3.59153900e+02  4.99447600e-05
  1.33913267e+00  1.31284367e+00  8.00000000e-01  7.00000000e-01]",39,0.0,No collision,"[0, 0, 0, 0, 0, 0, 0, 0, 0, 0, 0, 0]",False
9,"[-4.03016968e+01 -1.39657485e+00 -1.18002310e+01  5.00000000e-01
  0.00000000e+00  5.00000000e-01  1.20000000e+01  1.00000000e+00
  1.47784495e+00  1.05001984e+02  3.59153900e+02  5.00026858e-05
  1.33913267e+00  1.31284367e+00  8.00000000e-01  7.00000000e-01]",33,0.0,No collision,"[0, 0, 0, 0, 0, 0, 0, 0, 0, 0, 0, 0]",False
9,"[-4.03016968e+01 -1.39657485e+00 -1.18002310e+01  5.00000000e-01
  0.00000000e+00  5.00000000e-01  1.20000000e+01  1.00000000e+00
  1.47784507e+00  1.05001984e+02  3.59153900e+02  4.99472992e-05
  1.33913267e+00  1.31284367e+00  8.00000000e-01  7.00000000e-01]",38,0.0,No collision,"[0, 0, 0, 0, 0, 0, 0, 0, 0, 0, 0, 0]",True
10,"[-4.03016968e+01 -1.39657497e+00 -1.18002300e+01  0.00000000e+00
  0.00000000e+00  0.00000000e+00  1.20000000e+01 -1.00000000e+00
  1.47784710e+00  1.05001984e+02  3.59153900e+02  5.04367882e-05
  1.33913267e+00  1.31284368e+00  8.00000000e-01  7.00000000e-01]",20,0.0,No collision,"[0, 0, 0, 0, 0, 0, 0, 0, 0, 0, 0, 0]",False
10,"[-3.29994164e+01 -1.58574128e+00 -1.37994795e+01  0.00000000e+00
  0.00000000e+00  0.00000000e+00  1.20000000e+01 -1.00000000e+00
  1.56803131e+00  1.05344086e+02  3.59114136e+02  1.13278429e-03
  2.30887131e+00  1.29929660e+00  9.59238529e-01  1.87356297e-01]",27,0.0,No collision,"[0, 0, 0, 0, 0, 0, 0, 0, 0, 0, 0, 0]",False
10,"[-3.29995956e+01 -1.58573580e+00 -1.38000526e+01  0.00000000e+00
  0.00000000e+00  0.00000000e+00  1.20000000e+01 -1.00000000e+00
  1.56657135e+00  1.05343727e+02  3.59113312e+02  5.50061514e-05
  5.98965656e-01  1.28468882e+00  9.05082285e-01  2.28777730e-01]",20,0.0,No collision,"[0, 0, 0, 0, 0, 0, 0, 0, 0, 0, 0, 0]",False
10,"[-3.29995956e+01 -1.58573580e+00 -1.38000526e+01  0.00000000e+00
  0.00000000e+00  0.00000000e+00  1.20000000e+01  1.00000000e+00
  1.56657207e+00  1.05343727e+02  3.59113312e+02  5.50366155e-05
  5.96083536e-01  1.28460177e+00  8.55676591e-01  1.66906842e-01]",15,0.258,No collision,"[0, 0, 0, 0, 0, 0, 0, 0.070638, 0.156874, 0.179166, 0.253218, 0.257795]",False
10,"[ 19.77077484  -2.50100756 -28.67866898   0.           0.
   0.          12.           1.           1.26959729 105.07202148
 359.03253174  16.15671816   9.01589352   1.30253083   0.8
   0.7       ]",14,1.0,No collision,"[0.345089, 0.348474, 0.353855, 0.309334, 0.999778, 0.999772, 0.169497, 0.094153, 0, 0, 0.999685, 0]",False
10,"[ 8.49121780e+01 -3.58094239e+00 -3.51536255e+01  0.00000000e+00
  0.00000000e+00  0.00000000e+00  1.00000000e+01  1.00000000e+00
  3.59827942e+02  6.64165726e+01  3.59707184e+02  2.26516468e-03
  2.97246945e+01  1.54441603e+00  8.00000000e-01  7.00000000e-01]",4,0.999,No collision,"[0, 0.999218, 0, 0, 0, 0.999218, 0, 0, 0, 0, 0, 0]",False
10,"[ 8.50146255e+01 -3.58326435e+00 -3.51573105e+01  5.00000000e-01
  0.00000000e+00  5.00000000e-01  1.00000000e+01 -1.00000000e+00
  3.59809845e+02  6.73365250e+01  3.59719940e+02  4.00128220e-02
  1.34981728e+00  5.10921445e+00  8.00000000e-01  7.00000000e-01]",38,0.999,No collision,"[0, 0, 0, 0.999085, 0.999085, 0, 0.999085, 0.999085, 0.999085, 0.999085, 0.999085, 0.999085]",False
10,"[ 8.51498260e+01 -3.58599687e+00 -3.51803551e+01  5.00000000e-01
  0.00000000e+00  5.00000000e-01  1.00000000e+01 -1.00000000e+00
  3.59742371e+02  6.78880386e+01  3.59719727e+02  2.24377410e-02
  2.08985294e+01  9.92013618e-01  8.00000000e-01  7.00000000e-01]",47,0.999,No collision,"[0.998976, 0, 0, 0.998976, 0, 0, 0.998976, 0.998976, 0, 0, 0, 0]",False
10,"[ 8.52717514e+01 -3.58809996e+00 -3.51969833e+01  5.00000000e-01
  0.00000000e+00  5.00000000e-01  1.00000000e+01 -1.00000000e+00
  3.59816132e+02  6.85904541e+01  3.59776703e+02  5.14873729e-02
  3.02259853e+00 -1.28475109e+00  8.00000000e-01  7.00000000e-01]",3,0.999,No collision,"[0, 0, 0, 0.999066, 0, 0, 0, 0, 0, 0, 0, 0]",False
10,"[ 8.53526077e+01 -3.59054112e+00 -3.52088051e+01  2.00000003e-01
  0.00000000e+00  2.00000003e-01  1.00000000e+01 -1.00000000e+00
  3.59851471e+02  6.91420593e+01  3.59760498e+02  2.05658419e-04
  1.36362289e+00  5.07096385e+00  8.00000000e-01  7.00000000e-01]",4,0.0,No collision,"[0, 0, 0, 0, 0, 0, 0, 0, 0, 0, 0, 0]",False
10,"[ 8.53525925e+01 -3.59059930e+00 -3.52088051e+01  5.00000000e-01
  0.00000000e+00  5.00000000e-01  1.00000000e+01  1.00000000e+00
  3.59853333e+02  6.91569061e+01  3.59759888e+02  1.61080543e-04
  1.36360860e+00  5.07096778e+00  8.00000000e-01  7.00000000e-01]",46,0.0,No collision,"[0, 0, 0, 0, 0, 0, 0, 0, 0, 0, 0, 0]",False
10,"[ 8.53525848e+01 -3.59062576e+00 -3.52088013e+01  5.00000000e-01
  0.00000000e+00  5.00000000e-01  1.00000000e+01  1.00000000e+00
  3.59854309e+02  6.91717682e+01  3.59758514e+02  1.60672658e-04
  1.36360279e+00  5.07097236e+00  8.00000000e-01  7.00000000e-01]",26,0.0,No collision,"[0, 0, 0, 0, 0, 0, 0, 0, 0, 0, 0, 0]",False
10,"[ 8.53525772e+01 -3.59065223e+00 -3.52087936e+01  5.00000000e-01
  0.00000000e+00  5.00000000e-01  1.00000000e+01  1.00000000e+00
  3.59855255e+02  6.91866379e+01  3.59757111e+02  1.61122382e-04
  1.36360547e+00  5.07097760e+00  8.00000000e-01  7.00000000e-01]",4,0.0,No collision,"[0, 0, 0, 0, 0, 0, 0, 0, 0, 0, 0, 0]",False
10,"[ 8.53525696e+01 -3.59067869e+00 -3.52087898e+01  5.00000000e-01
  0.00000000e+00  5.00000000e-01  1.00000000e+01 -1.00000000e+00
  3.59856232e+02  6.92015076e+01  3.59755737e+02  1.60636162e-04
  1.36359966e+00  5.07098219e+00  8.00000000e-01  7.00000000e-01]",43,0.0,No collision,"[0, 0, 0, 0, 0, 0, 0, 0, 0, 0, 0, 0]",False
10,"[ 8.53525620e+01 -3.59070492e+00 -3.52087822e+01  5.00000000e-01
  0.00000000e+00  5.00000000e-01  1.00000000e+01 -1.00000000e+00
  3.59857178e+02  6.92163773e+01  3.59754364e+02  1.61221165e-04
  1.36359520e+00  5.07098939e+00  8.00000000e-01  7.00000000e-01]",49,0.0,No collision,"[0, 0, 0, 0, 0, 0, 0, 0, 0, 0, 0, 0]",True
11,"[-39.16644287  -1.42656469 -12.10595131   0.           0.
   0.          12.          -1.           1.32599759 105.00707245
 359.09112549   1.88578756   1.17411586   1.30717257   0.8
   0.7       ]",17,0.0,No collision,"[0, 0, 0, 0, 0, 0, 0, 0, 0, 0, 0, 0]",False
11,"[-10.17995071  -1.94788349 -20.25245285   0.           0.
   0.          12.           1.           0.24913198 106.0773468
   0.24804334   6.79438963  16.73264297   1.29305193   0.9313634
   0.7       ]",13,1.0,Sedan(Clone)b20298d5-f352-4c8e-b12c-aa5ca2e15cea,"[0, 0, 0, 0, 0, 0, 0, 0, 1, 0, 0, 0]",False
11,"[ 2.73625031e+01 -2.65734410e+00 -3.07250042e+01  0.00000000e+00
  0.00000000e+00  0.00000000e+00  1.40000000e+01 -1.00000000e+00
  9.95791316e-01  1.04842010e+02  3.58808472e+02  2.58307845e-03
  3.69956560e+01  1.29829147e+00  8.00000000e-01  7.00000000e-01]",40,0.0,No collision,"[0, 0, 0, 0, 0, 0, 0, 0, 0, 0, 0, 0]",False
11,"[ 2.73649769e+01 -2.65743923e+00 -3.07285442e+01  0.00000000e+00
  0.00000000e+00  0.00000000e+00  1.40000000e+01  1.00000000e+00
  9.94397461e-01  1.04840706e+02  3.58808960e+02  8.91303952e-05
  8.56457164e+00  1.30100526e+00  6.04599297e-01  1.00000000e+00]",9,0.0,No collision,"[0, 0, 0, 0, 0, 0, 0, 0, 0, 0, 0, 0]",False
11,"[ 2.74609737e+01 -2.65885925e+00 -3.07575436e+01  0.00000000e+00
  0.00000000e+00  2.00000003e-01  1.40000000e+01  1.00000000e+00
  1.00667524e+00  1.04821709e+02  3.58813446e+02  9.03946039e-05
  6.49898225e+00  1.29768195e+00  9.15920973e-01  1.00000000e+00]",0,0.0,No collision,"[0, 0, 0, 0, 0, 0, 0, 0, 0, 0, 0, 0]",False
11,"[ 2.76553574e+01 -2.66177583e+00 -3.07914886e+01  0.00000000e+00
  0.00000000e+00  2.00000003e-01  1.40000000e+01  1.00000000e+00
  9.89207029e-01  1.03932426e+02  3.58797852e+02  2.62242164e-03
  4.79088173e+00  1.34445307e+00  8.00000000e-01  7.00000000e-01]",35,1.0,Sedan(Clone)b20298d5-f352-4c8e-b12c-aa5ca2e15cea,"[0.401171, 0.681026, 1, 0.40114, 0.401162, 0.641416, 0.641446, 0.641467, 0.401235, 0.401241, 0.641517, 0.795226]",False
11,"[ 2.79484901e+01 -2.63740349e+00 -3.10406017e+01  0.00000000e+00
  0.00000000e+00  2.00000003e-01  1.40000000e+01 -1.00000000e+00
  3.53921082e+02  9.70205078e+01  3.58730438e+02  3.27421716e+00
  1.37835651e+00  1.45392445e+00  9.76408839e-01  7.00000000e-01]",38,1.0,Sedan(Clone)b20298d5-f352-4c8e-b12c-aa5ca2e15cea,"[1, 0.999995, 0.999987, 0.999996, 0.724503, 0.724472, 0.724466, 0.724468, 0.72447, 0.72447, 0.724471, 0.724471]",False
11,"[ 2.38815384e+01 -2.61232424e+00 -3.04689198e+01  0.00000000e+00
  0.00000000e+00  2.00000003e-01  1.40000000e+01 -1.00000000e+00
  1.35614264e+00  1.16254875e+02  3.58954102e+02  2.27301941e-03
  1.33995771e+00  1.11735775e+00  7.92727768e-01  7.00000000e-01]",45,1.0,Sedan(Clone)b20298d5-f352-4c8e-b12c-aa5ca2e15cea,"[0, 0, 0, 0, 0, 0, 0, 0, 0, 1, 0, 0]",False
11,"[ 2.39469585e+01 -2.61321425e+00 -3.04987316e+01  0.00000000e+00
  0.00000000e+00  2.00000003e-01  1.40000000e+01 -1.00000000e+00
  1.11831784e+00  1.15930794e+02  3.58699310e+02  3.33586764e-03
  4.46150506e-01  1.27045397e+00  6.87009096e-01  7.00000000e-01]",5,0.101,No collision,"[0.100938, 0.100946, 0.100936, 0.101135, 0.101101, 0.101, 0.100997, 0.101031, 0.101046, 0.101037, 0.101049, 0.101262]",False
11,"[ 2.39469948e+01 -2.61402440e+00 -3.05213223e+01  1.00000000e+00
  0.00000000e+00  1.00000000e+00  1.40000000e+01 -1.00000000e+00
  1.07715058e+00  1.15949074e+02  3.58634857e+02  3.66506086e-03
  5.95325982e-01  1.07860881e+00  9.52118814e-01  7.00000000e-01]",50,0.001,No collision,"[0.001013, 0.000994, 0.000991, 0.000975, 0.000955, 0.00099, 0.000983, 0.001014, 0.001024, 0.001034, 0.001047, 0.001056]",False
11,"[ 2.39419632e+01 -2.61477566e+00 -3.05383530e+01  1.00000000e+00
  0.00000000e+00  1.00000000e+00  1.40000000e+01  1.00000000e+00
  1.27062356e+00  1.15942612e+02  3.58879089e+02  2.80978826e-03
  1.34055832e+00  1.12306189e+00  8.23301077e-01  7.00000000e-01]",7,0.0,No collision,"[0, 0, 0, 0, 0, 0, 0, 0, 0, 0, 0, 0]",False
11,"[ 2.39404221e+01 -2.61528969e+00 -3.05566177e+01  0.00000000e+00
  5.00000000e-01  0.00000000e+00  1.40000000e+01  1.00000000e+00
  1.27098227e+00  1.15880173e+02  3.58878510e+02  2.19608830e-03
  1.34718529e+00  1.11034495e+00  8.98299217e-01  7.00000000e-01]",27,0.0,No collision,"[0, 0, 0, 0, 0, 0, 0, 0, 0, 0, 0, 0]",False
11,"[ 2.39395351e+01 -2.61595058e+00 -3.05786057e+01  0.00000000e+00
  5.00000000e-01  0.00000000e+00  1.40000000e+01  1.00000000e+00
  1.26169360e+00  1.15873260e+02  3.58851471e+02  1.06819380e-03
  5.66151984e+00  1.28614929e+00  8.83649826e-01  7.00000000e-01]",6,0.615,No collision,"[0.614167, 0.614217, 0.614269, 0.614323, 0.61438, 0.614435, 0.614489, 0.614548, 0.614603, 0.61466, 0.614719, 0.614778]",False
11,"[ 2.39443455e+01 -2.61749315e+00 -3.06265907e+01  0.00000000e+00
  2.00000003e-01  0.00000000e+00  1.40000000e+01 -1.00000000e+00
  1.11756074e+00  1.16223457e+02  3.58712799e+02  7.07441090e-03
  1.34920704e+00  1.11074731e+00  7.37321258e-01  1.00000000e+00]",5,0.0,No collision,"[0, 0, 0, 0, 0, 0, 0, 0, 0, 0, 0, 0]",False
11,"[ 2.39457378e+01 -2.61950302e+00 -3.06695156e+01  1.00000000e+00
  0.00000000e+00  1.00000000e+00  1.40000000e+01 -1.00000000e+00
  1.17268384e+00  1.16530647e+02  3.58769196e+02  6.76253632e-03
  1.34317168e+00  1.11132424e+00  6.06865644e-01  1.00000000e+00]",35,0.0,No collision,"[0, 0, 0, 0, 0, 0, 0, 0, 0, 0, 0, 0]",True
12,"[-36.95541     -1.48057747 -12.57221222   0.           0.
   0.          12.          -1.           1.36928654 103.26928711
 359.16595459   2.63954854   3.43257775   1.34388828   0.8
   0.7       ]",48,0.0,No collision,"[0, 0, 0, 0, 0, 0, 0, 0, 0, 0, 0, 0]",False
12,"[ 16.63682938  -2.43212438 -27.38858604   0.           0.
   0.          12.          -1.           0.92748433 103.83864594
 359.71685791  10.04015573  53.29918507   1.30041233   0.8
   0.7       ]",9,0.0,No collision,"[0, 0, 0, 0, 0, 0, 0, 0, 0, 0, 0, 0]",False
12,"[ 4.10836411e+01 -2.89605522e+00 -3.41099548e+01  0.00000000e+00
  0.00000000e+00  2.00000003e-01  1.20000000e+01 -1.00000000e+00
  9.67339098e-01  1.05950684e+02  3.58478851e+02  1.13130910e-04
  7.74138703e+01  1.30073127e+00  8.00000000e-01  7.00000000e-01]",10,0.0,No collision,"[0, 0, 0, 0, 0, 0, 0, 0, 0, 0, 0, 0]",False
12,"[ 48.73936844  -2.97624731 -33.87218857   0.           0.
   0.5         12.           1.           0.37304795  79.05254364
 358.60980225   7.48560549   6.43724536   4.78386451   0.8
   0.7       ]",39,0.0,No collision,"[0, 0, 0, 0, 0, 0, 0, 0, 0, 0, 0, 0]",False
12,"[ 81.37120056  -3.52571249 -36.48862839   0.           0.
   0.5         12.           1.           0.15942243 130.35876465
   1.965397     6.67431445   7.49716065   0.96328272   0.8
   0.7       ]",31,0.0,No collision,"[0, 0, 0, 0, 0, 0, 0, 0, 0, 0, 0, 0]",False
12,"[121.91337585  -4.10477448 -57.18938828   0.           0.
   0.5         12.           1.           0.52250677 100.04573822
 358.46777344   6.13907583  16.79495232   0.98358695   0.8
   0.7       ]",49,0.0,No collision,"[0, 0, 0, 0, 0, 0, 0, 0, 0, 0, 0, 0]",False
12,"[ 1.33719391e+02 -4.19341230e+00 -5.82404747e+01  0.00000000e+00
  0.00000000e+00  5.00000000e-01  1.20000000e+01 -1.00000000e+00
  5.31762898e-01  9.43834076e+01  3.58571381e+02  6.93126364e-04
  1.34536462e+00  1.50081450e+00  8.00000000e-01  7.00000000e-01]",30,0.0,No collision,"[0, 0, 0, 0, 0, 0, 0, 0, 0, 0, 0, 0]",False
12,"[151.12109375  -4.37158728 -60.01398849   0.           0.
   0.5         12.          -1.           0.59053886  97.34352112
 359.74401855   2.67333377  12.03240948   1.46691618   0.8
   0.7       ]",15,0.998,No collision,"[0.998432, 0.998432, 0, 0, 0, 0, 0.998432, 0.998432, 0, 0.998432, 0.998432, 0.998432]",False
12,"[155.20643616  -4.41566324 -60.73879623   0.           0.
   0.5         12.          -1.           0.45046747 100.09432983
 359.63046265   1.7302132    1.02523047   1.40575991   0.8
   0.7       ]",13,0.998,No collision,"[0.998328, 0.998328, 0.998328, 0.998328, 0.998328, 0.998328, 0.998328, 0.998328, 0.998328, 0.998328, 0, 0]",False
12,"[209.31414795  -5.14529133 -74.4961853    0.           0.
   0.5         14.          -1.           0.93852562 105.48361206
   0.2188392   13.16881732  24.13148758   1.29600704   0.8
   0.7       ]",37,0.998,No collision,"[0, 0.997899, 0.997899, 0.997899, 0.997899, 0.997899, 0.997899, 0, 0, 0, 0, 0]",False
12,"[ 292.49377441   -6.78154469 -100.61633301    0.            0.
    0.5          14.            1.            1.23289764  116.39642334
  359.15518188   15.46649052   48.7712322     1.22735538    0.8
    0.7       ]",37,1.0,OBSTACLE,"[0, 0, 1, 0, 0, 0, 0, 0, 0, 0, 0, 0]",False
12,"[ 3.09014771e+02 -6.77688122e+00 -1.08816093e+02  0.00000000e+00
  0.00000000e+00  5.00000000e-01  1.40000000e+01  1.00000000e+00
  2.10241377e-01  1.13426567e+02  6.44622517e+00  3.08759816e-04
  3.28922349e+00 -5.51726405e-01  8.00000000e-01  7.00000000e-01]",1,0.0,No collision,"[0, 0, 0, 0, 0, 0, 0, 0, 0, 0, 0, 0]",False
12,"[ 3.09014404e+02 -6.77731800e+00 -1.08814720e+02  0.00000000e+00
  0.00000000e+00  5.00000000e-01  1.40000000e+01  1.00000000e+00
  2.41241291e-01  1.13468262e+02  6.52879095e+00  1.10650997e-03
  3.28824608e+00 -5.52040160e-01  8.00000000e-01  7.00000000e-01]",11,0.0,No collision,"[0, 0, 0, 0, 0, 0, 0, 0, 0, 0, 0, 0]",False
12,"[ 3.09014221e+02 -6.77830744e+00 -1.08813004e+02  0.00000000e+00
  0.00000000e+00  1.00000000e+00  1.40000000e+01 -1.00000000e+00
  2.61568129e-01  1.13504417e+02  6.53945827e+00  2.94033351e-04
  3.28688065e+00 -5.52361479e-01  8.00000000e-01  7.00000000e-01]",21,0.0,No collision,"[0, 0, 0, 0, 0, 0, 0, 0, 0, 0, 0, 0]",False
12,"[ 3.09013855e+02 -6.77800274e+00 -1.08811203e+02  0.00000000e+00
  0.00000000e+00  1.00000000e+00  1.40000000e+01 -1.00000000e+00
  2.96364963e-01  1.13551674e+02  6.60048342e+00  8.76798573e-04
  3.28555629e+00 -5.52751815e-01  8.00000000e-01  7.00000000e-01]",0,0.0,No collision,"[0, 0, 0, 0, 0, 0, 0, 0, 0, 0, 0, 0]",True
13,"[-4.03012695e+01 -1.39657700e+00 -1.18000164e+01  0.00000000e+00
  0.00000000e+00  0.00000000e+00  1.20000000e+01 -1.00000000e+00
  1.47752786e+00  1.05000755e+02  3.59154114e+02  6.65447933e-05
  1.27040369e-03 -1.55803468e+00  8.00000000e-01  7.00000000e-01]",7,0.0,No collision,"[0, 0, 0, 0, 0, 0, 0, 0, 0, 0, 0, 0]",False
13,"[-4.03012695e+01 -1.39658487e+00 -1.18005857e+01  0.00000000e+00
  5.00000000e-01  0.00000000e+00  1.20000000e+01 -1.00000000e+00
  1.47753716e+00  1.05000771e+02  3.59153534e+02  6.69051596e-05
  1.39876323e-03 -1.13886655e+00  8.00000000e-01  7.00000000e-01]",39,0.0,No collision,"[0, 0, 0, 0, 0, 0, 0, 0, 0, 0, 0, 0]",False
13,"[-4.03012695e+01 -1.39659250e+00 -1.18011541e+01  0.00000000e+00
  5.00000000e-01  0.00000000e+00  1.20000000e+01 -1.00000000e+00
  1.47756076e+00  1.05000786e+02  3.59152924e+02  6.62597554e-05
  1.71617428e-03 -8.33357392e-01  8.00000000e-01  7.00000000e-01]",34,0.0,No collision,"[0, 0, 0, 0, 0, 0, 0, 0, 0, 0, 0, 0]",False
13,"[-4.03012695e+01 -1.39660013e+00 -1.18017235e+01  0.00000000e+00
  5.00000000e-01  0.00000000e+00  1.20000000e+01  1.00000000e+00
  1.47757995e+00  1.05000801e+02  3.59152344e+02  6.61311628e-05
  2.14088481e-03 -6.35217887e-01  8.00000000e-01  7.00000000e-01]",33,0.0,No collision,"[0, 0, 0, 0, 0, 0, 0, 0, 0, 0, 0, 0]",False
13,"[-4.03012657e+01 -1.39660811e+00 -1.18022919e+01  0.00000000e+00
  5.00000000e-01  0.00000000e+00  1.20000000e+01  1.00000000e+00
  1.47760093e+00  1.05000816e+02  3.59151764e+02  6.66243514e-05
  2.61835144e-03 -5.04869981e-01  8.00000000e-01  7.00000000e-01]",12,0.0,No collision,"[0, 0, 0, 0, 0, 0, 0, 0, 0, 0, 0, 0]",True
14,"[-4.03012733e+01 -1.39657700e+00 -1.18000307e+01  0.00000000e+00
  0.00000000e+00  0.00000000e+00  1.20000000e+01 -1.00000000e+00
  1.47752416e+00  1.05000824e+02  3.59154083e+02  6.61932383e-05
  1.27447570e-03 -1.54684920e+00  8.00000000e-01  7.00000000e-01]",39,0.0,No collision,"[0, 0, 0, 0, 0, 0, 0, 0, 0, 0, 0, 0]",False
14,"[-4.03012733e+01 -1.39658499e+00 -1.18006001e+01  0.00000000e+00
  0.00000000e+00  0.00000000e+00  1.20000000e+01 -1.00000000e+00
  1.47753978e+00  1.05000839e+02  3.59153503e+02  6.68468302e-05
  1.40825788e-03 -1.13077402e+00  8.00000000e-01  7.00000000e-01]",28,0.0,No collision,"[0, 0, 0, 0, 0, 0, 0, 0, 0, 0, 0, 0]",False
14,"[-4.03012733e+01 -1.39659262e+00 -1.18011684e+01  0.00000000e+00
  0.00000000e+00  0.00000000e+00  1.20000000e+01 -1.00000000e+00
  1.47755551e+00  1.05000854e+02  3.59152924e+02  6.64499379e-05
  1.72863168e-03 -8.28714044e-01  8.00000000e-01  7.00000000e-01]",26,0.0,No collision,"[0, 0, 0, 0, 0, 0, 0, 0, 0, 0, 0, 0]",False
14,"[-4.03012733e+01 -1.39660084e+00 -1.18017368e+01  0.00000000e+00
  0.00000000e+00  0.00000000e+00  1.20000000e+01  1.00000000e+00
  1.47758257e+00  1.05000862e+02  3.59152344e+02  6.67262098e-05
  2.15389859e-03 -6.32963556e-01  9.50455725e-01  4.46235852e-01]",34,0.0,No collision,"[0, 0, 0, 0, 0, 0, 0, 0, 0, 0, 0, 0]",False
14,"[-4.03012695e+01 -1.39660800e+00 -1.18023062e+01  0.00000000e+00
  0.00000000e+00  0.00000000e+00  1.20000000e+01  1.00000000e+00
  1.47760224e+00  1.05000877e+02  3.59151764e+02  6.65596184e-05
  1.33913793e+00  1.31287344e+00  8.00000000e-01  7.00000000e-01]",4,0.0,No collision,"[0, 0, 0, 0, 0, 0, 0, 0, 0, 0, 0, 0]",True
15,"[-4.03012962e+01 -1.39657712e+00 -1.18000669e+01  0.00000000e+00
  0.00000000e+00  0.00000000e+00  1.20000000e+01 -1.00000000e+00
  1.47752583e+00  1.05000977e+02  3.59154053e+02  6.62386416e-05
  1.29871720e-03 -1.51937134e+00  8.00000000e-01  7.00000000e-01]",50,0.0,No collision,"[0, 0, 0, 0, 0, 0, 0, 0, 0, 0, 0, 0]",False
15,"[-4.03012962e+01 -1.39658499e+00 -1.18006353e+01  0.00000000e+00
  0.00000000e+00  0.00000000e+00  1.20000000e+01 -1.00000000e+00
  1.47754896e+00  1.05000999e+02  3.59153473e+02  6.64304860e-05
  1.44416816e-03 -1.11541887e+00  9.56982434e-01  1.04289136e-01]",4,0.0,No collision,"[0, 0, 0, 0, 0, 0, 0, 0, 0, 0, 0, 0]",False
15,"[-4.03012962e+01 -1.39659262e+00 -1.18012047e+01  5.00000000e-01
  0.00000000e+00  5.00000000e-01  1.20000000e+01 -1.00000000e+00
  1.47756815e+00  1.05001007e+02  3.59152893e+02  6.64454388e-05
  1.77003000e-03 -8.22363370e-01  8.00000000e-01  7.00000000e-01]",38,0.0,No collision,"[0, 0, 0, 0, 0, 0, 0, 0, 0, 0, 0, 0]",False
15,"[-4.03012962e+01 -1.39660037e+00 -1.18017731e+01  5.00000000e-01
  0.00000000e+00  5.00000000e-01  1.20000000e+01  1.00000000e+00
  1.47758520e+00  1.05001022e+02  3.59152283e+02  6.60472450e-05
  2.19665966e-03 -6.31606501e-01  9.69315410e-01  3.50448028e-01]",39,0.0,No collision,"[0, 0, 0, 0, 0, 0, 0, 0, 0, 0, 0, 0]",False
15,"[-4.03012924e+01 -1.39660811e+00 -1.18023415e+01  5.00000000e-01
  0.00000000e+00  5.00000000e-01  1.20000000e+01  1.00000000e+00
  1.47760820e+00  1.05001030e+02  3.59151703e+02  6.64420838e-05
  2.67467013e-03 -5.04638936e-01  8.00000000e-01  7.00000000e-01]",2,0.0,No collision,"[0, 0, 0, 0, 0, 0, 0, 0, 0, 0, 0, 0]",True
