Episode,State,Action,Choosing_Type,Not Stop,Sudden Braking,Improper Passing,Improper Lane Changing,Collision_Probability,Collision_uid,Collision_Probability_Per_Step,Done
0,"[-3.62056198e+01 -1.50695980e+00 -1.33067207e+01  0.00000000e+00
  0.00000000e+00  0.00000000e+00  1.20000000e+01 -1.00000000e+00
  1.44631600e+00  1.08185913e+02  3.58675598e+02  1.76498944e+00
  1.42791355e+00  1.25901024e+00  1.00000000e+05  1.00000000e+03
  1.00000000e+03  1.00000000e+05  0.00000000e+00  0.00000000e+00
  0.00000000e+00  0.00000000e+00  0.00000000e+00  0.00000000e+00
  0.00000000e+00  0.00000000e+00  0.00000000e+00  0.00000000e+00
  0.00000000e+00  0.00000000e+00  0.00000000e+00  0.00000000e+00
  0.00000000e+00  0.00000000e+00  0.00000000e+00  0.00000000e+00
  0.00000000e+00  0.00000000e+00  1.69561752e+01  1.00000000e+02
  7.16455146e+00 -6.87303066e-01  1.00000000e+00]",9,by model,-1.0,-1.0,-1.0,-1.0,0.0,No collision,"[0, 0, 0, 0, 0, 0, 0, 0, 0, 0, 0]",False
0,"[-3.32354507e+01 -1.58626235e+00 -1.41883335e+01  0.00000000e+00
  0.00000000e+00  1.00000000e+00  1.20000000e+01 -1.00000000e+00
  1.57055831e+00  1.06565338e+02  3.58695557e+02  5.43196797e-05
  1.33851821e+00  1.28766318e+00  1.00000000e+05  1.00000000e+03
  1.00000000e+03  1.00000000e+05  0.00000000e+00  0.00000000e+00
  0.00000000e+00  0.00000000e+00  0.00000000e+00  0.00000000e+00
  0.00000000e+00  0.00000000e+00  0.00000000e+00  0.00000000e+00
  0.00000000e+00  0.00000000e+00  0.00000000e+00  0.00000000e+00
  0.00000000e+00  0.00000000e+00  0.00000000e+00  0.00000000e+00
  0.00000000e+00  0.00000000e+00  6.99923500e+01  1.00000000e+02
  1.27089532e+00 -3.00000000e+00  1.00000000e+00]",7,by model,-1.0,-1.0,-1.0,-1.0,0.0,No collision,"[0, 0, 0, 0, 0, 0, 0, 0, 0, 0, 0]",False
0,"[-3.32354507e+01 -1.58626235e+00 -1.41883335e+01  0.00000000e+00
  0.00000000e+00  2.00000003e-01  1.20000000e+01 -1.00000000e+00
  1.57055819e+00  1.06565338e+02  3.58695557e+02  5.41886106e-05
  1.33851821e+00  1.28766318e+00  1.00000000e+05  1.00000000e+03
  1.00000000e+03  1.00000000e+05  0.00000000e+00  0.00000000e+00
  0.00000000e+00  0.00000000e+00  0.00000000e+00  0.00000000e+00
  0.00000000e+00  0.00000000e+00  0.00000000e+00  0.00000000e+00
  0.00000000e+00  0.00000000e+00  0.00000000e+00  0.00000000e+00
  0.00000000e+00  0.00000000e+00  0.00000000e+00  0.00000000e+00
  0.00000000e+00  0.00000000e+00  6.99923339e+01  1.00000000e+02
  1.27089532e+00 -3.00000000e+00  1.00000000e+00]",9,by model,-1.0,-1.0,-1.0,-1.0,0.0,No collision,"[0, 0, 0, 0, 0, 0, 0, 0, 0, 0, 0]",False
0,"[-3.32354507e+01 -1.58626235e+00 -1.41883335e+01  0.00000000e+00
  0.00000000e+00  1.00000000e+00  1.20000000e+01  1.00000000e+00
  1.57055819e+00  1.06565338e+02  3.58695557e+02  5.44365208e-05
  1.33851821e+00  1.28766318e+00  1.00000000e+05  1.00000000e+03
  1.00000000e+03  1.00000000e+05  0.00000000e+00  0.00000000e+00
  0.00000000e+00  0.00000000e+00  0.00000000e+00  0.00000000e+00
  0.00000000e+00  0.00000000e+00  0.00000000e+00  0.00000000e+00
  0.00000000e+00  0.00000000e+00  0.00000000e+00  0.00000000e+00
  0.00000000e+00  0.00000000e+00  0.00000000e+00  0.00000000e+00
  0.00000000e+00  0.00000000e+00  6.99923679e+01  1.00000000e+02
  1.27089532e+00 -3.00000000e+00  1.00000000e+00]",7,by model,-1.0,-1.0,-1.0,-1.0,0.0,No collision,"[0, 0, 0, 0, 0, 0, 0, 0, 0, 0, 0]",False
0,"[-3.87496853e+00 -1.99489689e+00 -2.24119663e+01  0.00000000e+00
  0.00000000e+00  2.00000003e-01  1.20000000e+01 -1.00000000e+00
  7.18104124e-01  1.05459129e+02  9.18563902e-02  8.86883900e+00
  1.87145237e+00  1.30054522e+00  1.00000000e+05  1.00000000e+03
  1.00000000e+03  1.00000000e+05  0.00000000e+00  0.00000000e+00
  0.00000000e+00  0.00000000e+00  0.00000000e+00  0.00000000e+00
  0.00000000e+00  0.00000000e+00  0.00000000e+00  0.00000000e+00
  0.00000000e+00  0.00000000e+00  0.00000000e+00  0.00000000e+00
  0.00000000e+00  0.00000000e+00  0.00000000e+00  0.00000000e+00
  0.00000000e+00  0.00000000e+00  1.45000000e+01  1.00000000e+02
  1.74623981e-03 -3.83556244e-01  1.00000000e+00]",9,by model,-1.0,-1.0,-1.0,-1.0,0.0,No collision,"[0, 0, 0, 0, 0, 0, 0, 0, 0, 0, 0, 0]",False
0,"[ 5.25272484e+01 -3.03491068e+00 -3.40753822e+01  0.00000000e+00
  0.00000000e+00  1.00000000e+00  1.20000000e+01  1.00000000e+00
  1.08971822e+00  9.22182846e+01  3.61813068e-01  7.38912878e+00
  1.34170763e+00  1.53042378e+00  1.00000000e+05  1.00000000e+03
  1.00000000e+03  1.00000000e+05  0.00000000e+00  0.00000000e+00
  0.00000000e+00  0.00000000e+00  0.00000000e+00  0.00000000e+00
  0.00000000e+00  0.00000000e+00  0.00000000e+00  0.00000000e+00
  0.00000000e+00  0.00000000e+00  0.00000000e+00  0.00000000e+00
  0.00000000e+00  0.00000000e+00  0.00000000e+00  0.00000000e+00
  0.00000000e+00  0.00000000e+00  1.45000000e+01  1.00000000e+02
 -1.68434114e+01 -1.23873231e-01  1.00000000e+00]",7,by model,-1.0,-1.0,-1.0,-1.0,0.0,No collision,"[0, 0, 0, 0, 0, 0, 0, 0, 0, 0, 0, 0]",False
0,"[ 1.03911514e+02 -3.81993365e+00 -4.67200661e+01  0.00000000e+00
  0.00000000e+00  2.00000003e-01  1.20000000e+01 -1.00000000e+00
  6.79368734e-01  1.04900490e+02  3.59897186e+02  1.04821282e+01
  1.76346400e+00  1.31271995e+00  1.00000000e+05  1.00000000e+03
  1.00000000e+03  1.00000000e+05  0.00000000e+00  0.00000000e+00
  0.00000000e+00  0.00000000e+00  0.00000000e+00  0.00000000e+00
  0.00000000e+00  0.00000000e+00  0.00000000e+00  0.00000000e+00
  0.00000000e+00  0.00000000e+00  0.00000000e+00  0.00000000e+00
  0.00000000e+00  0.00000000e+00  0.00000000e+00  0.00000000e+00
  0.00000000e+00  1.57000000e+01  0.00000000e+00  1.00000000e+02
 -9.09646487e-03  2.24897669e-01  1.00000000e+00]",14,randomly,-1.0,-1.0,-1.0,-1.0,0.781,No collision,"[0, 0.427476, 0.731836, 0.059294, 0.780578, 0, 0, 0.034867, 0, 0, 0, 0]",False
0,"[163.69766235  -4.53550434 -64.29434204   0.           0.
   0.2         12.          -1.           0.76169151 112.29038239
   0.3793079    9.51763084   1.34383182   1.18001604  32.72118318
   0.           0.91357362  32.72118318   0.           0.
   0.           0.           0.           0.           0.
   0.           0.           0.           0.           0.
   0.           0.           0.           0.           0.
   0.           0.          24.59541882   0.         100.
  14.94631336   0.86602704   1.        ]",19,by model,-1.0,-1.0,-1.0,0.2363895479906478,0.0,No collision,"[0, 0, 0, 0, 0, 0, 0, 0, 0, 0, 0, 0]",False
0,"[ 2.16788910e+02 -5.38085222e+00 -8.03069687e+01  0.00000000e+00
  0.00000000e+00  2.00000003e-01  1.20000000e+01 -1.00000000e+00
  1.08883798e+00  1.05373222e+02  3.58595551e+02  9.53683240e+00
  1.62821788e+00  1.31085224e+00  4.66481428e+01  5.34293295e+00
  1.52745070e+02  4.66481428e+01  0.00000000e+00  0.00000000e+00
  7.71493703e+00  6.02827793e+00  5.34293366e+00  7.41390754e+00
  0.00000000e+00  0.00000000e+00  0.00000000e+00  0.00000000e+00
  0.00000000e+00  0.00000000e+00  0.00000000e+00  0.00000000e+00
  0.00000000e+00  0.00000000e+00  0.00000000e+00  0.00000000e+00
  0.00000000e+00  0.00000000e+00  2.00724602e+01  1.00000000e+02
  7.58960124e+00 -9.28703155e-01  1.00000000e+00]",22,randomly,-1.0,-1.0,0.8235924321217429,1.0,0.13,No collision,"[0.130433, 0, 0, 0, 0, 0, 0, 0, 0, 0, 0, 0]",False
0,"[ 2.56993622e+02 -6.08035803e+00 -8.92348022e+01  0.00000000e+00
  0.00000000e+00  2.00000003e-01  1.20000000e+01 -1.00000000e+00
  1.07387745e+00  1.02303551e+02  3.59062592e+02  1.16562114e+00
  1.34182922e+00  1.36034950e+00  1.59299396e+01  4.99771885e+00
  1.40914070e+01  3.51981964e+01  0.00000000e+00  0.00000000e+00
  3.68376340e+00  6.28637219e+00  4.59348910e-01  6.54244238e+00
  0.00000000e+00  0.00000000e+00  2.00000000e+00  0.00000000e+00
  0.00000000e+00  0.00000000e+00  0.00000000e+00  0.00000000e+00
  0.00000000e+00  0.00000000e+00  0.00000000e+00  0.00000000e+00
  0.00000000e+00  0.00000000e+00  1.45000000e+01  1.00000000e+02
 -1.96919780e-01 -5.29358649e-01  1.00000000e+00]",5,randomly,-1.0,-1.0,-1.0,-1.0,0.0,No collision,"[0, 0, 0, 0, 0, 0, 0, 0, 0, 0, 0]",False
0,"[283.36804199  -6.56068897 -95.29243469   0.           0.5
   0.          12.           1.           0.9640556  103.74724579
 359.66296387   8.12837417   1.74792334   1.3320255   18.90193059
   4.9993308   14.10604698  18.90193059   0.           0.
  51.94377133   8.09108686  52.33081444  11.73111009   0.
   0.           1.           0.           0.           0.
   0.           0.           0.           0.           0.
   0.           0.          24.4652783    0.         100.
  -0.51059295   1.71013886   1.        ]",9,by model,-1.0,-1.0,-1.0,-1.0,0.305,No collision,"[0, 0, 0, 0, 0.19616, 0.017152, 0.305455]",False
0,"[ 330.77038574   -7.27865839 -103.42303467    0.            0.
    1.           12.            1.            0.69011176   68.38660431
  359.03759766    5.62991738    1.34430011    5.09401986   16.03950471
    5.00292147   14.02923759  346.63864622    0.            0.
    0.96419612    6.12580909    4.71379514    1.16032569    0.
    0.            1.            0.            0.            0.
    0.            0.            0.            0.            0.
    0.            0.           20.00843319    0.          100.
   25.58258569    1.04754254    1.        ]",17,by model,-1.0,-1.0,-1.0,-1.0,0.0,No collision,"[0, 0, 0, 0, 0, 0, 0, 0, 0, 0, 0, 0]",False
0,"[ 3.41661530e+02 -7.47840500e+00 -8.97645721e+01  0.00000000e+00
  0.00000000e+00  1.00000000e+00  1.20000000e+01  1.00000000e+00
  1.79329574e-01  2.00996933e+01  3.58047394e+02  3.45929545e+00
  1.34760042e+00  5.94126730e+00  5.56101998e+01  1.00003774e+01
  1.53823113e+02  5.56101998e+01  0.00000000e+00  0.00000000e+00
  1.00000000e+02  1.00000000e+01  1.00000000e+02  2.00000000e+01
  0.00000000e+00  0.00000000e+00  0.00000000e+00  0.00000000e+00
  0.00000000e+00  0.00000000e+00  0.00000000e+00  0.00000000e+00
  0.00000000e+00  0.00000000e+00  0.00000000e+00  0.00000000e+00
  0.00000000e+00  0.00000000e+00  1.45000000e+01  1.00000000e+02
  8.95658125e+00 -8.72627814e-02  1.00000000e+00]",11,by model,-1.0,-1.0,-1.0,-1.0,0.0,No collision,"[0, 0, 0, 0, 0, 0, 0, 0, 0, 0, 0]",False
0,"[ 3.46460571e+02 -7.52890778e+00 -7.21684570e+01  0.00000000e+00
  0.00000000e+00  1.00000000e+00  1.40000000e+01 -1.00000000e+00
  1.34376362e-01  1.41020708e+01  3.58021515e+02  1.89340098e+00
  1.34788039e+00  6.04606750e+00  9.73646534e+01  9.99965568e+00
  1.50814282e+02  9.73646534e+01  0.00000000e+00  0.00000000e+00
  1.00000000e+02  1.00000000e+01  1.00000000e+02  2.00000000e+01
  0.00000000e+00  0.00000000e+00  0.00000000e+00  0.00000000e+00
  0.00000000e+00  0.00000000e+00  0.00000000e+00  0.00000000e+00
  0.00000000e+00  0.00000000e+00  0.00000000e+00  0.00000000e+00
  0.00000000e+00  0.00000000e+00  1.45000000e+01  1.00000000e+02
  3.96845766e-01 -4.98905575e-01  1.00000000e+00]",9,by model,-1.0,0.02098616109679598,-1.0,-1.0,0.0,No collision,"[0, 0, 0, 0, 0, 0, 0, 0, 0, 0, 0, 0]",False
0,"[ 3.47321320e+02 -7.53680706e+00 -6.88508682e+01  0.00000000e+00
  0.00000000e+00  1.00000000e+00  1.40000000e+01 -1.00000000e+00
  1.03839599e-01  1.39807501e+01  3.57896606e+02  1.94966647e-01
  1.35179762e+00  6.04860183e+00  1.53931551e+02  1.00033908e+01
  1.51696114e+02  1.53931551e+02  0.00000000e+00  0.00000000e+00
  0.00000000e+00  0.00000000e+00  0.00000000e+00  0.00000000e+00
  0.00000000e+00  0.00000000e+00  0.00000000e+00  0.00000000e+00
  0.00000000e+00  0.00000000e+00  0.00000000e+00  0.00000000e+00
  0.00000000e+00  0.00000000e+00  0.00000000e+00  0.00000000e+00
  0.00000000e+00  4.46274818e+01  0.00000000e+00  1.00000000e+02
  1.87953050e-01  1.82383404e-02  1.00000000e+00]",1,by model,-1.0,-1.0,-1.0,-1.0,0.0,No collision,"[0, 0, 0, 0, 0, 0, 0, 0, 0, 0, 0]",False
0,"[ 3.47432098e+02 -7.53819227e+00 -6.85208282e+01  2.00000003e-01
  0.00000000e+00  2.00000003e-01  1.40000000e+01 -1.00000000e+00
  1.06518529e-01  1.39572496e+01  3.57875671e+02  5.41096116e-02
  1.34905991e+00  6.04918670e+00  2.14345855e+02  0.00000000e+00
  9.13573624e-01  3.54204731e+02  0.00000000e+00  0.00000000e+00
  0.00000000e+00  0.00000000e+00  0.00000000e+00  0.00000000e+00
  0.00000000e+00  0.00000000e+00  0.00000000e+00  0.00000000e+00
  0.00000000e+00  0.00000000e+00  0.00000000e+00  0.00000000e+00
  0.00000000e+00  0.00000000e+00  0.00000000e+00  0.00000000e+00
  0.00000000e+00  1.57000000e+01  0.00000000e+00  1.00000000e+02
  2.23648449e-01  1.47897922e-02  1.00000000e+00]",9,by model,-1.0,0.011663879334288517,-1.0,-1.0,0.0,No collision,"[0, 0, 0, 0, 0, 0, 0, 0, 0, 0, 0, 0]",False
0,"[ 3.47494659e+02 -7.53929710e+00 -6.83763428e+01  0.00000000e+00
  0.00000000e+00  1.00000000e+00  1.40000000e+01 -1.00000000e+00
  9.88085940e-02  1.39544039e+01  3.57865601e+02  3.68705705e-02
  1.34846896e+00  6.04926836e+00  2.14396403e+02  0.00000000e+00
  9.13573624e-01  3.54238202e+02  0.00000000e+00  0.00000000e+00
  0.00000000e+00  0.00000000e+00  0.00000000e+00  0.00000000e+00
  0.00000000e+00  0.00000000e+00  0.00000000e+00  0.00000000e+00
  0.00000000e+00  0.00000000e+00  0.00000000e+00  0.00000000e+00
  0.00000000e+00  0.00000000e+00  0.00000000e+00  0.00000000e+00
  0.00000000e+00  0.00000000e+00  2.71049925e+01  1.00000000e+02
  2.13049628e-01 -7.04387411e-03  1.00000000e+00]",1,by model,-1.0,-1.0,-1.0,-1.0,0.0,No collision,"[0, 0, 0, 0, 0, 0, 0, 0, 0, 0, 0, 0]",False
0,"[ 3.47511993e+02 -7.53974199e+00 -6.83541641e+01  2.00000003e-01
  0.00000000e+00  2.00000003e-01  1.40000000e+01  1.00000000e+00
  9.62907746e-02  1.39524679e+01  3.57866760e+02  4.64792803e-03
  1.34812259e+00  6.04937003e+00  2.14411880e+02  0.00000000e+00
  9.13573624e-01  3.54250935e+02  0.00000000e+00  0.00000000e+00
  0.00000000e+00  0.00000000e+00  0.00000000e+00  0.00000000e+00
  0.00000000e+00  0.00000000e+00  0.00000000e+00  0.00000000e+00
  0.00000000e+00  0.00000000e+00  0.00000000e+00  0.00000000e+00
  0.00000000e+00  0.00000000e+00  0.00000000e+00  0.00000000e+00
  0.00000000e+00  0.00000000e+00  3.53606069e+01  1.00000000e+02
  2.13049628e-01 -8.35633595e-03  1.00000000e+00]",9,by model,-1.0,-1.0,-1.0,-1.0,0.0,No collision,"[0, 0, 0, 0, 0, 0, 0, 0, 0, 0, 0, 0]",False
0,"[ 3.47527283e+02 -7.54026365e+00 -6.83530426e+01  0.00000000e+00
  0.00000000e+00  1.00000000e+00  1.40000000e+01  1.00000000e+00
  1.01740941e-01  1.39622269e+01  3.57863220e+02  4.60284825e-03
  1.34809046e+00  6.04920146e+00  2.14427034e+02  0.00000000e+00
  9.13573624e-01  3.54265728e+02  0.00000000e+00  0.00000000e+00
  0.00000000e+00  0.00000000e+00  0.00000000e+00  0.00000000e+00
  0.00000000e+00  0.00000000e+00  0.00000000e+00  0.00000000e+00
  0.00000000e+00  0.00000000e+00  0.00000000e+00  0.00000000e+00
  0.00000000e+00  0.00000000e+00  0.00000000e+00  0.00000000e+00
  0.00000000e+00  0.00000000e+00  1.57675778e+01  1.00000000e+02
  2.13049628e-01 -3.06358295e-03  1.00000000e+00]",1,by model,-1.0,-1.0,-1.0,-1.0,0.0,No collision,"[0, 0, 0, 0, 0, 0, 0, 0, 0, 0, 0, 0]",False
0,"[ 3.47536438e+02 -7.54053497e+00 -6.83460007e+01  2.00000003e-01
  0.00000000e+00  2.00000003e-01  1.40000000e+01  0.00000000e+00
  9.37526077e-02  1.39598951e+01  3.57864868e+02  3.99219047e-02
  1.34853506e+00  6.04923351e+00  2.14435589e+02  0.00000000e+00
  9.13573624e-01  3.54273357e+02  0.00000000e+00  0.00000000e+00
  0.00000000e+00  0.00000000e+00  0.00000000e+00  0.00000000e+00
  0.00000000e+00  0.00000000e+00  0.00000000e+00  0.00000000e+00
  0.00000000e+00  0.00000000e+00  0.00000000e+00  0.00000000e+00
  0.00000000e+00  0.00000000e+00  0.00000000e+00  0.00000000e+00
  0.00000000e+00  0.00000000e+00  3.91383536e+01  1.00000000e+02
  2.13049628e-01 -1.71421320e-02  1.00000000e+00]",9,by model,-1.0,-1.0,-1.0,-1.0,0.0,No collision,"[0, 0, 0, 0, 0, 0, 0, 0, 0, 0, 0, 0]",True
1,"[-3.73055115e+01 -1.48892248e+00 -1.33600025e+01  0.00000000e+00
  0.00000000e+00  0.00000000e+00  1.20000000e+01 -1.00000000e+00
  1.61422670e+00  1.13790489e+02  3.58736420e+02  1.04666593e+00
  1.33821846e+00  1.16137288e+00  1.00000000e+05  1.00000000e+03
  1.00000000e+03  1.00000000e+05  0.00000000e+00  0.00000000e+00
  0.00000000e+00  0.00000000e+00  0.00000000e+00  0.00000000e+00
  0.00000000e+00  0.00000000e+00  0.00000000e+00  0.00000000e+00
  0.00000000e+00  0.00000000e+00  0.00000000e+00  0.00000000e+00
  0.00000000e+00  0.00000000e+00  0.00000000e+00  0.00000000e+00
  0.00000000e+00  0.00000000e+00  1.45000000e+01  1.00000000e+02
  2.62269043e+01 -2.27296992e-01  1.00000000e+00]",7,by model,-1.0,-1.0,-1.0,-1.0,0.0,No collision,"[0, 0, 0, 0, 0, 0, 0, 0, 0, 0, 0, 0]",False
1,"[-3.33194580e+01 -1.59396982e+00 -1.45230389e+01  0.00000000e+00
  0.00000000e+00  2.00000003e-01  1.20000000e+01 -1.00000000e+00
  1.58991575e+00  1.05599525e+02  3.58649902e+02  5.13371131e-02
  1.33839233e+00  1.30473007e+00  1.00000000e+05  1.00000000e+03
  1.00000000e+03  1.00000000e+05  0.00000000e+00  0.00000000e+00
  0.00000000e+00  0.00000000e+00  0.00000000e+00  0.00000000e+00
  0.00000000e+00  0.00000000e+00  0.00000000e+00  0.00000000e+00
  0.00000000e+00  0.00000000e+00  0.00000000e+00  0.00000000e+00
  0.00000000e+00  0.00000000e+00  0.00000000e+00  0.00000000e+00
  0.00000000e+00  1.57000000e+01  0.00000000e+00  1.00000000e+02
  5.26358232e+00  1.73018643e-01  1.00000000e+00]",9,by model,-1.0,-1.0,-1.0,-1.0,0.0,No collision,"[0, 0, 0, 0, 0, 0, 0, 0, 0, 0, 0, 0]",False
1,"[-3.32238617e+01 -1.59674501e+00 -1.45531473e+01  0.00000000e+00
  0.00000000e+00  1.00000000e+00  1.20000000e+01 -1.00000000e+00
  1.53247082e+00  1.05523880e+02  3.58630402e+02  1.11964475e-04
  1.33878145e+00  1.30613800e+00  1.00000000e+05  1.00000000e+03
  1.00000000e+03  1.00000000e+05  0.00000000e+00  0.00000000e+00
  0.00000000e+00  0.00000000e+00  0.00000000e+00  0.00000000e+00
  0.00000000e+00  0.00000000e+00  0.00000000e+00  0.00000000e+00
  0.00000000e+00  0.00000000e+00  0.00000000e+00  0.00000000e+00
  0.00000000e+00  0.00000000e+00  0.00000000e+00  0.00000000e+00
  0.00000000e+00  0.00000000e+00  6.99842317e+01  1.00000000e+02
  5.18464170e+00 -3.00000000e+00  1.00000000e+00]",38,randomly,-1.0,0.5,1.0,0.26724944405019685,0.308,No collision,"[0, 0, 0, 0, 0.215518, 0.254828, 0.308454, 0, 0, 0, 0, 0]",False
1,"[-3.26992188e+01 -1.61048400e+00 -1.46933193e+01  0.00000000e+00
  0.00000000e+00  1.00000000e+00  1.20000000e+01  1.00000000e+00
  1.56155419e+00  1.05129951e+02  3.58643799e+02  1.06822956e-04
  1.33858607e+00  1.31295036e+00  2.76640718e+01  1.44674857e+01
  1.51956410e+02  2.76640718e+01  0.00000000e+00  0.00000000e+00
  1.00000000e+02  1.00000000e+01  1.00000000e+02  2.00000000e+01
  0.00000000e+00  0.00000000e+00  0.00000000e+00  0.00000000e+00
  0.00000000e+00  0.00000000e+00  0.00000000e+00  0.00000000e+00
  0.00000000e+00  0.00000000e+00  0.00000000e+00  0.00000000e+00
  0.00000000e+00  0.00000000e+00  6.99849562e+01  1.00000000e+02
  4.84068167e+00 -3.00000000e+00  1.00000000e+00]",7,by model,-1.0,0.14477401883551413,0.7350058193125483,0.14477401883551413,0.0,No collision,"[0, 0, 0, 0, 0, 0, 0, 0, 0, 0, 0, 0]",False
1,"[-4.06537008e+00 -1.99193001e+00 -2.22495918e+01  0.00000000e+00
  0.00000000e+00  2.00000003e-01  1.20000000e+01 -1.00000000e+00
  6.96654439e-01  1.05326736e+02  1.08548552e-01  8.72430716e+00
  1.34426834e+00  1.30279796e+00  2.27054917e+01  1.94361861e+01
  1.76191879e+02  2.27054917e+01  0.00000000e+00  0.00000000e+00
  0.00000000e+00  0.00000000e+00  0.00000000e+00  0.00000000e+00
  0.00000000e+00  0.00000000e+00  0.00000000e+00  0.00000000e+00
  0.00000000e+00  0.00000000e+00  0.00000000e+00  0.00000000e+00
  0.00000000e+00  0.00000000e+00  0.00000000e+00  0.00000000e+00
  0.00000000e+00  0.00000000e+00  1.45000000e+01  1.00000000e+02
 -3.78443083e-02 -2.23586025e-01  1.00000000e+00]",9,by model,-1.0,-1.0,-1.0,-1.0,0.0,No collision,"[0, 0, 0, 0, 0, 0, 0, 0, 0, 0, 0, 0]",False
1,"[ 52.39634705  -3.03253579 -33.97340393   0.           0.
   1.          12.           1.           1.08387411  91.7168808
   0.20189911   7.5439122    1.79621525   1.5440786   62.52012181
  19.43618613 176.19187948  62.52012181   0.           0.
   0.           0.           0.           0.           0.
   0.           0.           0.           0.           0.
   0.           0.           0.           0.           0.
   0.           0.           0.          39.17458259 100.
  -8.62310093  -0.67861731   1.        ]",1,by model,-1.0,-1.0,-1.0,-1.0,0.0,No collision,"[0, 0, 0, 0, 0, 0, 0, 0, 0, 0, 0, 0]",False
1,"[ 1.05124146e+02 -3.83611679e+00 -4.73477135e+01  2.00000003e-01
  0.00000000e+00  2.00000003e-01  1.20000000e+01 -1.00000000e+00
  6.34232938e-01  1.05608047e+02  3.59910919e+02  1.07589521e+01
  1.34467981e+00  1.29879348e+00  1.15358605e+02  1.94361861e+01
  1.76191879e+02  1.15358605e+02  0.00000000e+00  0.00000000e+00
  0.00000000e+00  0.00000000e+00  0.00000000e+00  0.00000000e+00
  0.00000000e+00  0.00000000e+00  0.00000000e+00  0.00000000e+00
  0.00000000e+00  0.00000000e+00  0.00000000e+00  0.00000000e+00
  0.00000000e+00  0.00000000e+00  0.00000000e+00  0.00000000e+00
  0.00000000e+00  1.57000000e+01  0.00000000e+00  1.00000000e+02
  1.69908958e+00  4.93913822e-01  1.00000000e+00]",7,by model,-1.0,-1.0,-1.0,-1.0,0.0,No collision,"[0, 0, 0, 0, 0, 0, 0, 0, 0, 0, 0]",False
1,"[ 1.69262650e+02 -4.57163239e+00 -6.46059418e+01  0.00000000e+00
  0.00000000e+00  2.00000003e-01  1.20000000e+01 -1.00000000e+00
  5.72830856e-01  1.05482162e+02  3.59959167e+02  1.10096604e+01
  1.56516787e+00  1.30117498e+00  1.81230991e+02  1.94361861e+01
  1.76191879e+02  1.81230991e+02  0.00000000e+00  0.00000000e+00
  0.00000000e+00  0.00000000e+00  0.00000000e+00  0.00000000e+00
  0.00000000e+00  0.00000000e+00  0.00000000e+00  0.00000000e+00
  0.00000000e+00  0.00000000e+00  0.00000000e+00  0.00000000e+00
  0.00000000e+00  0.00000000e+00  0.00000000e+00  0.00000000e+00
  0.00000000e+00  1.57000000e+01  0.00000000e+00  1.00000000e+02
  2.64014958e+00  6.39227077e-02  1.00000000e+00]",32,randomly,-1.0,-1.0,-1.0,-1.0,0.0,No collision,"[0, 0, 0, 0, 0, 0, 0, 0, 0, 0, 0, 0]",False
1,"[ 2.34863831e+02 -5.65851688e+00 -8.15228500e+01  0.00000000e+00
  0.00000000e+00  2.00000003e-01  1.20000000e+01 -1.00000000e+00
  1.09828508e+00  1.04723778e+02  3.59686829e+02  1.14693088e+01
  1.91469949e+00  1.31579381e+00  2.11042931e+02  1.55684815e+01
  1.52705090e+02  2.48674512e+02  0.00000000e+00  0.00000000e+00
  0.00000000e+00  0.00000000e+00  0.00000000e+00  0.00000000e+00
  0.00000000e+00  0.00000000e+00  0.00000000e+00  0.00000000e+00
  0.00000000e+00  0.00000000e+00  0.00000000e+00  0.00000000e+00
  0.00000000e+00  0.00000000e+00  0.00000000e+00  0.00000000e+00
  0.00000000e+00  0.00000000e+00  1.45000000e+01  1.00000000e+02
  1.11311018e+00 -1.44361829e-03  1.00000000e+00]",9,by model,-1.0,-1.0,-1.0,-1.0,0.0,No collision,"[0, 0, 0, 0, 0, 0, 0, 0, 0, 0, 0, 0]",False
1,"[ 2.99908051e+02 -6.84856939e+00 -9.90271072e+01  0.00000000e+00
  0.00000000e+00  1.00000000e+00  1.20000000e+01 -1.00000000e+00
  8.28897119e-01  1.05415703e+02  1.45402595e-01  1.11980252e+01
  1.34340200e+00  1.30107155e+00  2.86554518e+02  1.92219204e-04
  1.53266601e+02  3.15908388e+02  0.00000000e+00  0.00000000e+00
  0.00000000e+00  0.00000000e+00  0.00000000e+00  0.00000000e+00
  0.00000000e+00  0.00000000e+00  0.00000000e+00  0.00000000e+00
  0.00000000e+00  0.00000000e+00  0.00000000e+00  0.00000000e+00
  0.00000000e+00  0.00000000e+00  0.00000000e+00  0.00000000e+00
  0.00000000e+00  1.57000000e+01  0.00000000e+00  1.00000000e+02
  2.44849373e-01  7.23995033e-01  1.00000000e+00]",39,randomly,-1.0,-1.0,-1.0,-1.0,0.098,No collision,"[0, 0, 0, 0, 0, 0, 0, 0.098295, 0, 0, 0, 0]",False
1,"[339.94555664  -7.45337629 -93.46242523   0.           0.
   1.          12.           1.           0.5051738   28.07216454
 358.50790405   3.66587022   1.3455479    5.80001881  24.53997794
   5.58673892  14.04723311 352.63828384   0.           0.
   0.           0.           0.           0.           0.
   0.           1.           0.           0.           0.
   0.           0.           0.           0.           0.
   0.           0.           0.          23.61669326 100.
  14.34592467  -1.27550239   1.        ]",17,by model,-1.0,-1.0,-1.0,-1.0,0.0,No collision,"[0, 0, 0, 0, 0, 0, 0, 0, 0, 0, 0, 0]",False
1,"[ 3.44495758e+02 -7.51300430e+00 -7.94192047e+01  0.00000000e+00
  0.00000000e+00  1.00000000e+00  1.20000000e+01  1.00000000e+00
  1.35994241e-01  1.51221313e+01  3.58355835e+02  3.05346827e+00
  1.34784576e+00  6.02675127e+00  5.33753432e+01  1.00005758e+01
  1.53858617e+02  3.53611627e+02  0.00000000e+00  0.00000000e+00
  1.00000000e+02  1.00000000e+01  1.00000000e+02  2.00000000e+01
  0.00000000e+00  0.00000000e+00  0.00000000e+00  0.00000000e+00
  0.00000000e+00  0.00000000e+00  0.00000000e+00  0.00000000e+00
  0.00000000e+00  0.00000000e+00  0.00000000e+00  0.00000000e+00
  0.00000000e+00  0.00000000e+00  1.45000000e+01  1.00000000e+02
  8.31502940e-01 -5.50057282e-01  1.00000000e+00]",19,by model,-1.0,-1.0,-1.0,-1.0,0.0,No collision,"[0, 0, 0, 0, 0, 0, 0, 0, 0, 0, 0, 0]",False
1,"[ 3.47031342e+02 -7.53418636e+00 -6.98318329e+01  0.00000000e+00
  0.00000000e+00  1.00000000e+00  1.20000000e+01  1.00000000e+00
  1.33697897e-01  1.43268700e+01  3.57932892e+02  6.95610137e-01
  1.34789574e+00  6.04252825e+00  1.03447758e+02  9.98789827e+00
  1.51332443e+02  3.54067791e+02  0.00000000e+00  0.00000000e+00
  1.16516105e+01  6.27281015e+00  4.12691460e+00  1.77172602e+00
  0.00000000e+00  0.00000000e+00  1.00000000e+00  0.00000000e+00
  0.00000000e+00  0.00000000e+00  0.00000000e+00  0.00000000e+00
  0.00000000e+00  0.00000000e+00  0.00000000e+00  0.00000000e+00
  0.00000000e+00  1.57000000e+01  0.00000000e+00  1.00000000e+02
  4.01660154e-01  1.28959243e-01  1.00000000e+00]",19,by model,-1.0,0.12786606133146694,-1.0,-1.0,0.0,No collision,"[0, 0, 0, 0, 0, 0, 0, 0, 0, 0, 0, 0]",False
1,"[ 3.47436707e+02 -7.53664303e+00 -6.82913132e+01  0.00000000e+00
  0.00000000e+00  1.00000000e+00  1.20000000e+01 -1.00000000e+00
  1.05496652e-01  1.42362432e+01  3.57867523e+02  1.55184030e-04
  1.34806463e+00  6.04442335e+00  1.01185744e+02  9.99499182e+00
  1.85914205e+01  3.54164890e+02  0.00000000e+00  0.00000000e+00
  4.78233843e+00  6.27360698e+00  4.07115798e+00  4.92341476e+00
  0.00000000e+00  0.00000000e+00  1.00000000e+00  0.00000000e+00
  0.00000000e+00  0.00000000e+00  0.00000000e+00  0.00000000e+00
  0.00000000e+00  0.00000000e+00  0.00000000e+00  0.00000000e+00
  0.00000000e+00  0.00000000e+00  5.41557531e+01  1.00000000e+02
  3.27120249e-01 -1.60301612e-01  1.00000000e+00]",32,randomly,-1.0,0.04935181462683102,-1.0,-1.0,0.0,No collision,"[0, 0, 0, 0, 0, 0, 0, 0, 0, 0, 0, 0]",False
1,"[ 3.47436707e+02 -7.53664255e+00 -6.82913132e+01  0.00000000e+00
  0.00000000e+00  1.00000000e+00  1.20000000e+01 -1.00000000e+00
  1.05481952e-01  1.42357359e+01  3.57867554e+02  1.53602262e-04
  1.34805742e+00  6.04444534e+00  6.91207447e+01  1.56394259e+01
  1.40574596e+01  3.54164890e+02  0.00000000e+00  0.00000000e+00
  0.00000000e+00  0.00000000e+00  0.00000000e+00  0.00000000e+00
  0.00000000e+00  0.00000000e+00  0.00000000e+00  0.00000000e+00
  0.00000000e+00  0.00000000e+00  0.00000000e+00  0.00000000e+00
  0.00000000e+00  0.00000000e+00  0.00000000e+00  0.00000000e+00
  0.00000000e+00  0.00000000e+00  5.19947301e+01  1.00000000e+02
  3.27120249e-01 -1.34349262e-01  1.00000000e+00]",17,by model,-1.0,0.16758804790733148,-1.0,-1.0,0.0,No collision,"[0, 0, 0, 0, 0, 0, 0, 0, 0, 0, 0, 0]",False
1,"[ 3.47436707e+02 -7.53664303e+00 -6.82913132e+01  0.00000000e+00
  0.00000000e+00  1.00000000e+00  1.20000000e+01 -1.00000000e+00
  1.05446778e-01  1.42352266e+01  3.57867554e+02  1.53698450e-04
  1.34807205e+00  6.04442468e+00  6.77463850e+01  9.98660290e+00
  9.98947890e+01  3.54164890e+02  0.00000000e+00  0.00000000e+00
  2.19169286e+00  6.27247941e+00  2.49954071e+00  1.30249432e+00
  0.00000000e+00  0.00000000e+00  1.00000000e+00  0.00000000e+00
  0.00000000e+00  0.00000000e+00  0.00000000e+00  0.00000000e+00
  0.00000000e+00  0.00000000e+00  0.00000000e+00  0.00000000e+00
  0.00000000e+00  0.00000000e+00  4.99101977e+01  1.00000000e+02
  3.27120249e-01 -1.08296958e-01  1.00000000e+00]",19,by model,-1.0,0.07750954623425102,-1.0,-1.0,0.0,No collision,"[0, 0, 0, 0, 0, 0, 0, 0, 0, 0, 0, 0]",False
1,"[ 3.47436707e+02 -7.53664255e+00 -6.82913132e+01  0.00000000e+00
  0.00000000e+00  1.00000000e+00  1.20000000e+01 -1.00000000e+00
  1.05458312e-01  1.42347174e+01  3.57867554e+02  1.54725087e-04
  1.34805761e+00  6.04446868e+00  1.02782850e+02  9.98777119e+00
  1.86560197e+01  3.54164890e+02  0.00000000e+00  0.00000000e+00
  7.03976240e+00  6.26880012e+00  4.35128380e+00  3.69799987e+00
  0.00000000e+00  0.00000000e+00  1.00000000e+00  0.00000000e+00
  0.00000000e+00  0.00000000e+00  0.00000000e+00  0.00000000e+00
  0.00000000e+00  0.00000000e+00  0.00000000e+00  0.00000000e+00
  0.00000000e+00  0.00000000e+00  4.90041102e+01  1.00000000e+02
  3.27120249e-01 -8.11123844e-02  1.00000000e+00]",17,by model,-1.0,0.15403376928342222,-1.0,-1.0,0.0,No collision,"[0, 0, 0, 0, 0, 0, 0, 0, 0, 0, 0, 0]",False
1,"[ 3.47436707e+02 -7.53664255e+00 -6.82913132e+01  0.00000000e+00
  0.00000000e+00  1.00000000e+00  1.20000000e+01  1.00000000e+00
  1.05435580e-01  1.42342100e+01  3.57867554e+02  1.53378105e-04
  1.34807224e+00  6.04444802e+00  6.85065085e+01  9.98642387e+00
  1.00758793e+02  3.54164890e+02  0.00000000e+00  0.00000000e+00
  3.20350970e+00  6.27203957e+00  3.18974116e+00  1.49040391e+00
  0.00000000e+00  0.00000000e+00  1.00000000e+00  0.00000000e+00
  0.00000000e+00  0.00000000e+00  0.00000000e+00  0.00000000e+00
  0.00000000e+00  0.00000000e+00  0.00000000e+00  0.00000000e+00
  0.00000000e+00  0.00000000e+00  4.81153681e+01  1.00000000e+02
  3.27120249e-01 -5.44807329e-02  1.00000000e+00]",43,randomly,-1.0,0.03928536864185368,-1.0,-1.0,0.0,No collision,"[0, 0, 0, 0, 0, 0, 0, 0, 0, 0, 0, 0]",False
1,"[ 3.47436707e+02 -7.53664160e+00 -6.82913132e+01  0.00000000e+00
  0.00000000e+00  1.00000000e+00  1.20000000e+01  1.00000000e+00
  1.05387948e-01  1.42336998e+01  3.57867554e+02  1.54123531e-04
  1.34807224e+00  6.04444802e+00  1.28504719e+02  1.00096296e+01
  9.88920779e+01  3.54164890e+02  0.00000000e+00  0.00000000e+00
  0.00000000e+00  0.00000000e+00  0.00000000e+00  0.00000000e+00
  0.00000000e+00  0.00000000e+00  0.00000000e+00  0.00000000e+00
  0.00000000e+00  0.00000000e+00  0.00000000e+00  0.00000000e+00
  0.00000000e+00  0.00000000e+00  0.00000000e+00  0.00000000e+00
  0.00000000e+00  0.00000000e+00  4.71948298e+01  1.00000000e+02
  3.27120249e-01 -2.68950622e-02  1.00000000e+00]",19,by model,-1.0,0.08425076619613209,-1.0,-1.0,0.0,No collision,"[0, 0, 0, 0, 0, 0, 0, 0, 0, 0, 0, 0]",False
1,"[ 3.47436707e+02 -7.53664160e+00 -6.82913132e+01  0.00000000e+00
  0.00000000e+00  1.00000000e+00  1.20000000e+01  0.00000000e+00
  1.05378538e-01  1.42331915e+01  3.57867554e+02  1.53701524e-04
  1.34805781e+00  6.04449201e+00  1.04068464e+02  9.98627556e+00
  1.53202648e+02  3.54164890e+02  0.00000000e+00  0.00000000e+00
  1.00000000e+02  1.00000000e+01  1.00000000e+02  2.00000000e+01
  0.00000000e+00  0.00000000e+00  0.00000000e+00  0.00000000e+00
  0.00000000e+00  0.00000000e+00  0.00000000e+00  0.00000000e+00
  0.00000000e+00  0.00000000e+00  0.00000000e+00  0.00000000e+00
  0.00000000e+00  1.57000000e+01  0.00000000e+00  1.00000000e+02
  3.27120249e-01  8.10968022e-04  1.00000000e+00]",1,by model,-1.0,-1.0,-1.0,-1.0,0.0,No collision,"[0, 0, 0, 0, 0, 0, 0, 0, 0, 0, 0]",True
2,"[-3.68336906e+01 -1.49572885e+00 -1.33069582e+01  0.00000000e+00
  0.00000000e+00  0.00000000e+00  1.20000000e+01 -1.00000000e+00
  1.54891527e+00  1.11737175e+02  3.58718201e+02  1.26226494e+00
  1.36389796e+00  1.19718455e+00  1.00000000e+05  1.00000000e+03
  1.00000000e+03  1.00000000e+05  0.00000000e+00  0.00000000e+00
  0.00000000e+00  0.00000000e+00  0.00000000e+00  0.00000000e+00
  0.00000000e+00  0.00000000e+00  0.00000000e+00  0.00000000e+00
  0.00000000e+00  0.00000000e+00  0.00000000e+00  0.00000000e+00
  0.00000000e+00  0.00000000e+00  0.00000000e+00  0.00000000e+00
  0.00000000e+00  0.00000000e+00  1.45000000e+01  1.00000000e+02
  1.38681806e+01 -2.31082419e-01  1.00000000e+00]",9,by model,-1.0,-1.0,-1.0,-1.0,0.0,No collision,"[0, 0, 0, 0, 0, 0, 0, 0, 0, 0, 0, 0]",False
2,"[-3.30654068e+01 -1.59743989e+00 -1.44727097e+01  0.00000000e+00
  0.00000000e+00  1.00000000e+00  1.20000000e+01 -1.00000000e+00
  1.56278074e+00  1.06410095e+02  3.58654938e+02  3.42065085e-01
  1.37621926e+00  1.29003819e+00  1.00000000e+05  1.00000000e+03
  1.00000000e+03  1.00000000e+05  0.00000000e+00  0.00000000e+00
  0.00000000e+00  0.00000000e+00  0.00000000e+00  0.00000000e+00
  0.00000000e+00  0.00000000e+00  0.00000000e+00  0.00000000e+00
  0.00000000e+00  0.00000000e+00  0.00000000e+00  0.00000000e+00
  0.00000000e+00  0.00000000e+00  0.00000000e+00  0.00000000e+00
  0.00000000e+00  0.00000000e+00  4.16048178e+01  1.00000000e+02
  6.78975053e+00 -3.00000000e+00  1.00000000e+00]",7,by model,-1.0,-1.0,-1.0,-1.0,0.0,No collision,"[0, 0, 0, 0, 0, 0, 0, 0, 0, 0, 0, 0]",False
2,"[-3.30615692e+01 -1.59757030e+00 -1.44771175e+01  0.00000000e+00
  0.00000000e+00  2.00000003e-01  1.20000000e+01 -1.00000000e+00
  1.57161415e+00  1.06406326e+02  3.58654510e+02  1.11693980e-04
  1.33851147e+00  1.29062338e+00  1.00000000e+05  1.00000000e+03
  1.00000000e+03  1.00000000e+05  0.00000000e+00  0.00000000e+00
  0.00000000e+00  0.00000000e+00  0.00000000e+00  0.00000000e+00
  0.00000000e+00  0.00000000e+00  0.00000000e+00  0.00000000e+00
  0.00000000e+00  0.00000000e+00  0.00000000e+00  0.00000000e+00
  0.00000000e+00  0.00000000e+00  0.00000000e+00  0.00000000e+00
  0.00000000e+00  0.00000000e+00  6.99842790e+01  1.00000000e+02
  6.75737874e+00 -3.00000000e+00  1.00000000e+00]",1,randomly,-1.0,-1.0,-1.0,-1.0,0.0,No collision,"[0, 0, 0, 0, 0, 0, 0, 0, 0, 0, 0, 0]",False
2,"[-3.30615692e+01 -1.59758711e+00 -1.44776897e+01  2.00000003e-01
  0.00000000e+00  2.00000003e-01  1.20000000e+01  1.00000000e+00
  1.57158625e+00  1.06406326e+02  3.58654510e+02  1.11638168e-04
  1.33851042e+00  1.29062612e+00  1.00000000e+05  1.00000000e+03
  1.00000000e+03  1.00000000e+05  0.00000000e+00  0.00000000e+00
  0.00000000e+00  0.00000000e+00  0.00000000e+00  0.00000000e+00
  0.00000000e+00  0.00000000e+00  0.00000000e+00  0.00000000e+00
  0.00000000e+00  0.00000000e+00  0.00000000e+00  0.00000000e+00
  0.00000000e+00  0.00000000e+00  0.00000000e+00  0.00000000e+00
  0.00000000e+00  0.00000000e+00  6.99842776e+01  1.00000000e+02
  6.75737874e+00 -3.00000000e+00  1.00000000e+00]",9,randomly,-1.0,-1.0,-1.0,-1.0,0.0,No collision,"[0, 0, 0, 0, 0, 0, 0, 0, 0, 0, 0, 0]",False
2,"[-4.82345676e+00 -1.98152089e+00 -2.21488876e+01  0.00000000e+00
  0.00000000e+00  1.00000000e+00  1.20000000e+01 -1.00000000e+00
  4.22207743e-01  1.05297104e+02  1.23823971e-01  8.85365944e+00
  1.96307063e+00  1.30350200e+00  1.00000000e+05  1.00000000e+03
  1.00000000e+03  1.00000000e+05  0.00000000e+00  0.00000000e+00
  0.00000000e+00  0.00000000e+00  0.00000000e+00  0.00000000e+00
  0.00000000e+00  0.00000000e+00  0.00000000e+00  0.00000000e+00
  0.00000000e+00  0.00000000e+00  0.00000000e+00  0.00000000e+00
  0.00000000e+00  0.00000000e+00  0.00000000e+00  0.00000000e+00
  0.00000000e+00  4.63811741e+01  0.00000000e+00  1.00000000e+02
 -2.32792254e-01  2.73524696e+00  1.00000000e+00]",7,by model,-1.0,-1.0,-1.0,-1.0,0.0,No collision,"[0, 0, 0, 0, 0, 0, 0, 0, 0, 0, 0]",False
2,"[ 5.22103233e+01 -3.02932501e+00 -3.39750862e+01  0.00000000e+00
  0.00000000e+00  2.00000003e-01  1.20000000e+01  1.00000000e+00
  1.08675003e+00  9.15492020e+01  3.01076502e-01  7.52948766e+00
  1.94760203e+00  1.55138475e+00  1.00000000e+05  1.00000000e+03
  1.00000000e+03  1.00000000e+05  0.00000000e+00  0.00000000e+00
  0.00000000e+00  0.00000000e+00  0.00000000e+00  0.00000000e+00
  0.00000000e+00  0.00000000e+00  0.00000000e+00  0.00000000e+00
  0.00000000e+00  0.00000000e+00  0.00000000e+00  0.00000000e+00
  0.00000000e+00  0.00000000e+00  0.00000000e+00  0.00000000e+00
  0.00000000e+00  0.00000000e+00  2.28705551e+01  1.00000000e+02
 -1.76244600e+01 -4.60541317e-01  1.00000000e+00]",9,by model,-1.0,-1.0,-1.0,-1.0,0.0,No collision,"[0, 0, 0, 0, 0, 0, 0, 0, 0, 0, 0]",False
2,"[ 1.05382973e+02 -3.83813858e+00 -4.72683258e+01  0.00000000e+00
  0.00000000e+00  1.00000000e+00  1.20000000e+01 -1.00000000e+00
  6.23375535e-01  1.04661415e+02  3.59805267e+02  1.06403874e+01
  1.34472360e+00  1.31579439e+00  1.00000000e+05  1.00000000e+03
  1.00000000e+03  1.00000000e+05  0.00000000e+00  0.00000000e+00
  0.00000000e+00  0.00000000e+00  0.00000000e+00  0.00000000e+00
  0.00000000e+00  0.00000000e+00  0.00000000e+00  0.00000000e+00
  0.00000000e+00  0.00000000e+00  0.00000000e+00  0.00000000e+00
  0.00000000e+00  0.00000000e+00  0.00000000e+00  0.00000000e+00
  0.00000000e+00  1.57000000e+01  0.00000000e+00  1.00000000e+02
 -7.90522586e-02  4.85103091e-02  1.00000000e+00]",7,by model,-1.0,-1.0,-1.0,-1.0,0.0,No collision,"[0, 0, 0, 0, 0, 0, 0, 0, 0, 0, 0]",False
2,"[ 1.69048569e+02 -4.56728172e+00 -6.40768814e+01  0.00000000e+00
  0.00000000e+00  2.00000003e-01  1.20000000e+01 -1.00000000e+00
  6.04284585e-01  1.04781113e+02  3.59920776e+02  1.10187338e+01
  1.34485692e+00  1.31317823e+00  1.00000000e+05  1.00000000e+03
  1.00000000e+03  1.00000000e+05  0.00000000e+00  0.00000000e+00
  0.00000000e+00  0.00000000e+00  0.00000000e+00  0.00000000e+00
  0.00000000e+00  0.00000000e+00  0.00000000e+00  0.00000000e+00
  0.00000000e+00  0.00000000e+00  0.00000000e+00  0.00000000e+00
  0.00000000e+00  0.00000000e+00  0.00000000e+00  0.00000000e+00
  0.00000000e+00  1.57000000e+01  0.00000000e+00  1.00000000e+02
  3.57404774e-02  2.08821984e-01  1.00000000e+00]",20,randomly,-1.0,-1.0,-1.0,-1.0,0.0,No collision,"[0, 0, 0, 0, 0, 0, 0, 0, 0, 0, 0]",False
2,"[ 2.34617340e+02 -5.65216112e+00 -8.13359680e+01  0.00000000e+00
  0.00000000e+00  2.00000003e-01  1.20000000e+01 -1.00000000e+00
  1.08789301e+00  1.04724754e+02  3.59656799e+02  1.13967684e+01
  2.14104197e+00  1.31475328e+00  3.62081614e+01  9.99602622e+00
  1.27839162e+01  3.62081614e+01  0.00000000e+00  0.00000000e+00
  1.00000000e+02  1.00000000e+01  1.00000000e+02  2.00000000e+01
  0.00000000e+00  0.00000000e+00  0.00000000e+00  0.00000000e+00
  0.00000000e+00  0.00000000e+00  0.00000000e+00  0.00000000e+00
  0.00000000e+00  0.00000000e+00  0.00000000e+00  0.00000000e+00
  0.00000000e+00  1.57000000e+01  0.00000000e+00  1.00000000e+02
  1.40543283e-01  1.19990099e-01  1.00000000e+00]",22,randomly,-1.0,0.46862213654433676,-1.0,1.0,1.0,SUV(Clone)ccb403bc-3620-4b40-938a-c2178da8b475,"[0.477169, 0.506575, 1, 0, 0, 0, 0, 0, 0, 0, 0, 0]",False
2,"[ 2.47657043e+02 -5.90256166e+00 -8.47695312e+01  0.00000000e+00
  0.00000000e+00  2.00000003e-01  1.20000000e+01 -1.00000000e+00
  7.12068021e-01  1.04870178e+02  4.27256012e-03  3.01658478e-01
  1.34418625e+00  1.31124727e+00  5.20695294e+00  0.00000000e+00
  1.83913206e+01  8.27033695e+01  0.00000000e+00  0.00000000e+00
  4.10497783e+01  6.77176459e+00  5.00022661e+00  2.52092390e+00
  0.00000000e+00  0.00000000e+00  1.00000000e+00  0.00000000e+00
  0.00000000e+00  0.00000000e+00  0.00000000e+00  0.00000000e+00
  0.00000000e+00  0.00000000e+00  0.00000000e+00  0.00000000e+00
  0.00000000e+00  0.00000000e+00  1.45000000e+01  1.00000000e+02
 -7.13515984e-04 -7.94581494e-02  1.00000000e+00]",27,randomly,-1.0,0.5,-1.0,0.4468086729330429,0.897,No collision,"[0.749336, 0.896619, 0, 0, 0, 0, 0, 0, 0, 0, 0.003394, 0.007206]",False
2,"[ 2.47890808e+02 -5.90570974e+00 -8.48314362e+01  0.00000000e+00
  0.00000000e+00  2.00000003e-01  1.20000000e+01  1.00000000e+00
  7.59671807e-01  1.04846474e+02  6.96927193e-04  3.74083441e-03
  1.34387637e+00  1.31167355e+00  4.96516971e+00  0.00000000e+00
  1.83913229e+01  2.62070797e+02  0.00000000e+00  0.00000000e+00
  1.37554332e+00  6.27762913e+00  0.00000000e+00  2.04715126e+00
  0.00000000e+00  0.00000000e+00  1.00000000e+00  0.00000000e+00
  0.00000000e+00  0.00000000e+00  0.00000000e+00  0.00000000e+00
  0.00000000e+00  0.00000000e+00  0.00000000e+00  0.00000000e+00
  0.00000000e+00  0.00000000e+00  5.00000000e+01  0.00000000e+00
  0.00000000e+00  0.00000000e+00  1.00000000e+00]",19,by model,-1.0,0.5,0.5891166527416516,0.019083617635686674,0.622,No collision,"[0.007323, 0.504351, 0.598849, 0.622495, 0.017229, 0.311628, 0.019847, 0.041459, 0.042997, 0.045596, 0.045743, 0.02425]",False
2,"[ 2.47973206e+02 -5.90699053e+00 -8.48532486e+01  0.00000000e+00
  0.00000000e+00  2.00000003e-01  1.20000000e+01  1.00000000e+00
  7.58912265e-01  1.04845810e+02  1.08951062e-03  1.22123169e-05
  1.34387247e+00  1.31168452e+00  4.87994563e+00  0.00000000e+00
  1.83913229e+01  2.62155826e+02  0.00000000e+00  0.00000000e+00
  5.05745678e+01  8.11801028e+00  5.00000000e+01  1.09622849e+01
  0.00000000e+00  0.00000000e+00  1.00000000e+00  0.00000000e+00
  0.00000000e+00  0.00000000e+00  0.00000000e+00  0.00000000e+00
  0.00000000e+00  0.00000000e+00  0.00000000e+00  0.00000000e+00
  0.00000000e+00  0.00000000e+00  1.45000000e+01  1.00000000e+02
 -6.03687615e-04 -8.58074921e-04  1.00000000e+00]",19,by model,-1.0,-1.0,-1.0,0.01907746819598963,0.637,No collision,"[0.047918, 0.491966, 0.587382, 0.624265, 0.636982, 0.386214, 0.335253, 0.047917, 0.047917, 0.047917, 0.047917, 0.047917]",False
2,"[ 2.47973221e+02 -5.90699244e+00 -8.48532486e+01  0.00000000e+00
  0.00000000e+00  2.00000003e-01  1.20000000e+01  1.00000000e+00
  7.56856501e-01  1.04845650e+02  9.43342166e-04  2.34338839e-05
  1.34390196e+00  1.31169034e+00  4.87993093e+00  0.00000000e+00
  1.83913229e+01  2.62155840e+02  0.00000000e+00  0.00000000e+00
  4.15051195e+01  4.92710513e+00  5.00313554e+00  3.07396377e+00
  0.00000000e+00  0.00000000e+00  1.00000000e+00  0.00000000e+00
  0.00000000e+00  0.00000000e+00  0.00000000e+00  0.00000000e+00
  0.00000000e+00  0.00000000e+00  0.00000000e+00  0.00000000e+00
  0.00000000e+00  0.00000000e+00  1.45000000e+01  1.00000000e+02
 -6.03687615e-04 -9.32188544e-04  1.00000000e+00]",19,by model,-1.0,-1.0,-1.0,-1.0,0.639,No collision,"[0.314105, 0.547781, 0.62155, 0.639195, 0.540487, 0.33211, 0.327812, 0.047918, 0.047918, 0.047918, 0.047918]",False
2,"[ 2.47973221e+02 -5.90699244e+00 -8.48532486e+01  0.00000000e+00
  0.00000000e+00  2.00000003e-01  1.20000000e+01 -1.00000000e+00
  7.56855667e-01  1.04845650e+02  9.40193539e-04  2.33805727e-05
  1.34390196e+00  1.31169034e+00  4.87992671e+00  0.00000000e+00
  1.83912952e+01  2.62155840e+02  0.00000000e+00  0.00000000e+00
  4.15581600e+01  5.55312298e+00  2.60197467e+00  2.92250657e+00
  0.00000000e+00  0.00000000e+00  1.00000000e+00  0.00000000e+00
  0.00000000e+00  0.00000000e+00  0.00000000e+00  0.00000000e+00
  0.00000000e+00  0.00000000e+00  0.00000000e+00  0.00000000e+00
  0.00000000e+00  0.00000000e+00  1.45000000e+01  1.00000000e+02
 -6.03687615e-04 -1.00215104e-03  1.00000000e+00]",19,by model,-1.0,-1.0,-1.0,0.05080766743278758,0.624,No collision,"[0.273019, 0.492266, 0.587459, 0.624346, 0.446459, 0.344232, 0.330022, 0.327837, 0.047918, 0.047918, 0.047918, 0.047918]",False
2,"[ 2.47973221e+02 -5.90699291e+00 -8.48532486e+01  0.00000000e+00
  0.00000000e+00  2.00000003e-01  1.20000000e+01 -1.00000000e+00
  7.56853402e-01  1.04845650e+02  9.37898818e-04  3.29148838e-05
  1.34390196e+00  1.31169034e+00  4.87992668e+00  0.00000000e+00
  1.83912690e+01  2.62155840e+02  0.00000000e+00  0.00000000e+00
  4.08971799e+01  4.97041465e+00  6.51893462e+00  9.75171385e+00
  0.00000000e+00  0.00000000e+00  1.00000000e+00  0.00000000e+00
  0.00000000e+00  0.00000000e+00  0.00000000e+00  0.00000000e+00
  0.00000000e+00  0.00000000e+00  0.00000000e+00  0.00000000e+00
  0.00000000e+00  0.00000000e+00  1.45000000e+01  1.00000000e+02
 -6.03687615e-04 -1.07779786e-03  1.00000000e+00]",26,randomly,-1.0,-1.0,-1.0,0.050807667432773936,0.643,No collision,"[0.272957, 0.491985, 0.587125, 0.197561, 0.11897, 0.641304, 0.642433, 0.642721, 0.642841, 0.642823, 0.642789, 0.642835]",True
3,"[-3.69038162e+01 -1.47604227e+00 -1.21920357e+01  0.00000000e+00
  0.00000000e+00  0.00000000e+00  1.20000000e+01 -1.00000000e+00
  1.34402871e+00  9.87170563e+01  3.59522980e+02  1.37357772e+00
  1.36748739e+00  1.42075365e+00  1.00000000e+05  1.00000000e+03
  1.00000000e+03  1.00000000e+05  0.00000000e+00  0.00000000e+00
  0.00000000e+00  0.00000000e+00  0.00000000e+00  0.00000000e+00
  0.00000000e+00  0.00000000e+00  0.00000000e+00  0.00000000e+00
  0.00000000e+00  0.00000000e+00  0.00000000e+00  0.00000000e+00
  0.00000000e+00  0.00000000e+00  0.00000000e+00  0.00000000e+00
  0.00000000e+00  0.00000000e+00  1.45000000e+01  1.00000000e+02
 -1.11917966e+01 -2.37734766e-01  1.00000000e+00]",2,randomly,-1.0,-1.0,-1.0,-1.0,0.0,No collision,"[0, 0, 0, 0, 0, 0, 0, 0, 0, 0, 0, 0]",False
3,"[-3.29730911e+01 -1.57558990e+00 -1.30981236e+01  5.00000000e-01
  0.00000000e+00  5.00000000e-01  1.20000000e+01 -1.00000000e+00
  1.46031308e+00  1.03292633e+02  3.59761688e+02  7.51450941e-01
  1.36791424e+00  1.33976462e+00  1.00000000e+05  1.00000000e+03
  1.00000000e+03  1.00000000e+05  0.00000000e+00  0.00000000e+00
  0.00000000e+00  0.00000000e+00  0.00000000e+00  0.00000000e+00
  0.00000000e+00  0.00000000e+00  0.00000000e+00  0.00000000e+00
  0.00000000e+00  0.00000000e+00  0.00000000e+00  0.00000000e+00
  0.00000000e+00  0.00000000e+00  0.00000000e+00  0.00000000e+00
  0.00000000e+00  0.00000000e+00  4.13164476e+01  1.00000000e+02
 -5.16169217e+00 -3.00000000e+00  1.00000000e+00]",9,by model,-1.0,-1.0,-1.0,-1.0,0.0,No collision,"[0, 0, 0, 0, 0, 0, 0, 0, 0, 0, 0, 0]",False
3,"[-3.29273987e+01 -1.57674432e+00 -1.31110220e+01  0.00000000e+00
  0.00000000e+00  1.00000000e+00  1.20000000e+01 -1.00000000e+00
  1.53302824e+00  1.03324921e+02  3.59757599e+02  5.53839950e-05
  1.33875318e+00  1.33934549e+00  1.00000000e+05  1.00000000e+03
  1.00000000e+03  1.00000000e+05  0.00000000e+00  0.00000000e+00
  0.00000000e+00  0.00000000e+00  0.00000000e+00  0.00000000e+00
  0.00000000e+00  0.00000000e+00  0.00000000e+00  0.00000000e+00
  0.00000000e+00  0.00000000e+00  0.00000000e+00  0.00000000e+00
  0.00000000e+00  0.00000000e+00  0.00000000e+00  0.00000000e+00
  0.00000000e+00  0.00000000e+00  6.99922001e+01  1.00000000e+02
 -5.11276223e+00 -3.00000000e+00  1.00000000e+00]",43,randomly,-1.0,0.24765502872978082,-1.0,0.24765502872978082,1.0,Hatchback(Clone)0e8a828b-3786-441b-9044-1b0fec870caa,"[0, 0, 0, 1, 0.025421, 0, 0, 0, 0, 0, 0, 0]",False
3,"[-3.29094772e+01 -1.57711387e+00 -1.31081362e+01  0.00000000e+00
  0.00000000e+00  1.00000000e+00  1.20000000e+01  1.00000000e+00
  1.53840470e+00  1.03710739e+02  3.59776611e+02  5.41459365e-05
  1.33871052e+00  1.33252358e+00  6.63150876e+00  1.14528186e-01
  1.21591939e+01  6.63150876e+00  0.00000000e+00  0.00000000e+00
  1.00000000e+02  1.00000000e+01  1.00000000e+02  2.00000000e+01
  0.00000000e+00  0.00000000e+00  0.00000000e+00  0.00000000e+00
  0.00000000e+00  0.00000000e+00  0.00000000e+00  0.00000000e+00
  0.00000000e+00  0.00000000e+00  0.00000000e+00  0.00000000e+00
  0.00000000e+00  0.00000000e+00  6.99923744e+01  1.00000000e+02
 -6.48217539e+00 -3.00000000e+00  1.00000000e+00]",7,by model,-1.0,-1.0,-1.0,-1.0,0.0,No collision,"[0, 0, 0, 0, 0, 0, 0, 0, 0, 0, 0]",False
3,"[-4.25811911e+00 -1.98744023e+00 -2.13242073e+01  0.00000000e+00
  0.00000000e+00  2.00000003e-01  1.20000000e+01 -1.00000000e+00
  5.09793401e-01  1.06503212e+02  1.14115573e-01  9.18293110e+00
  1.34546433e+00  1.28223958e+00  3.64677011e+01  9.53674316e-05
  1.21591956e+01  3.64677011e+01  0.00000000e+00  0.00000000e+00
  0.00000000e+00  0.00000000e+00  0.00000000e+00  0.00000000e+00
  0.00000000e+00  0.00000000e+00  0.00000000e+00  0.00000000e+00
  0.00000000e+00  0.00000000e+00  0.00000000e+00  0.00000000e+00
  0.00000000e+00  0.00000000e+00  0.00000000e+00  0.00000000e+00
  0.00000000e+00  2.61813579e+01  0.00000000e+00  1.00000000e+02
  1.35123509e-01  1.00222900e+00  1.00000000e+00]",45,randomly,-1.0,-1.0,-1.0,-1.0,0.0,No collision,"[0, 0, 0, 0, 0, 0, 0, 0, 0, 0, 0]",False
3,"[ 53.22235489  -3.04693556 -33.87591171   0.           0.
   0.2         12.           1.           1.11389315  95.09428406
   0.53185791   7.33835972   1.78229609   1.48654544  64.72211585
  17.64573448 151.18021132  64.72211585   0.           0.
 100.          10.         100.          20.           0.
   0.           0.           0.           0.           0.
   0.           0.           0.           0.           0.
   0.           0.           0.          14.5        100.
  -3.55440408  -0.48951982   1.        ]",9,by model,-1.0,-1.0,-1.0,-1.0,0.0,No collision,"[0, 0, 0, 0, 0, 0, 0, 0, 0, 0, 0, 0]",False
3,"[105.78775024  -3.84341002 -47.47258377   0.           0.
   1.          12.          -1.           0.60762471 105.23059845
 359.86505127  10.68319444   1.77196596   1.30571945 116.01493918
  19.85995959 177.7902179  116.01493918   0.           0.
   0.           0.           0.           0.           0.
   0.           0.           0.           0.           0.
   0.           0.           0.           0.           0.
   0.           0.          20.41473783   0.         100.
   0.58761832   0.39258522   1.        ]",7,by model,-1.0,-1.0,-1.0,-1.0,0.0,No collision,"[0, 0, 0, 0, 0, 0, 0, 0, 0, 0, 0, 0]",False
3,"[ 1.70754684e+02 -4.58679438e+00 -6.46156540e+01  0.00000000e+00
  0.00000000e+00  2.00000003e-01  1.20000000e+01 -1.00000000e+00
  6.53368711e-01  1.04845695e+02  9.54212397e-02  1.12912684e+01
  1.34456174e+00  1.31125684e+00  1.82629088e+02  1.98599596e+01
  1.77790218e+02  1.82629088e+02  0.00000000e+00  0.00000000e+00
  0.00000000e+00  0.00000000e+00  0.00000000e+00  0.00000000e+00
  0.00000000e+00  0.00000000e+00  0.00000000e+00  0.00000000e+00
  0.00000000e+00  0.00000000e+00  0.00000000e+00  0.00000000e+00
  0.00000000e+00  0.00000000e+00  0.00000000e+00  0.00000000e+00
  0.00000000e+00  1.57000000e+01  0.00000000e+00  1.00000000e+02
  6.95318716e-01  2.83381887e-01  1.00000000e+00]",9,by model,-1.0,-1.0,-1.0,-1.0,0.0,No collision,"[0, 0, 0, 0, 0, 0, 0, 0, 0, 0, 0, 0]",False
3,"[ 2.36564774e+02 -5.69228125e+00 -8.18949280e+01  0.00000000e+00
  0.00000000e+00  1.00000000e+00  1.20000000e+01 -1.00000000e+00
  1.19371259e+00  1.04653908e+02  3.59588654e+02  1.12724203e+01
  1.90415936e+00  1.31701723e+00  2.50403821e+02  1.98599596e+01
  1.77790218e+02  2.50403821e+02  0.00000000e+00  0.00000000e+00
  0.00000000e+00  0.00000000e+00  0.00000000e+00  0.00000000e+00
  0.00000000e+00  0.00000000e+00  0.00000000e+00  0.00000000e+00
  0.00000000e+00  0.00000000e+00  0.00000000e+00  0.00000000e+00
  0.00000000e+00  0.00000000e+00  0.00000000e+00  0.00000000e+00
  0.00000000e+00  1.57000000e+01  0.00000000e+00  1.00000000e+02
  3.21743510e-01  2.40525988e-01  1.00000000e+00]",14,by model,-1.0,-1.0,-1.0,-1.0,0.85,No collision,"[0, 0, 0.145909, 0.512668, 0.849676, 0.58996, 0.373576, 0, 0, 0, 0, 0]",False
3,"[ 3.01220215e+02 -6.86868525e+00 -9.93920135e+01  0.00000000e+00
  0.00000000e+00  1.00000000e+00  1.20000000e+01 -1.00000000e+00
  7.33790696e-01  1.05541801e+02  1.56006724e-01  1.11730552e+01
  1.45575039e+00  1.29885189e+00  3.72180028e+01  0.00000000e+00
  9.14199612e-01  3.17268922e+02  0.00000000e+00  0.00000000e+00
  0.00000000e+00  0.00000000e+00  0.00000000e+00  0.00000000e+00
  0.00000000e+00  0.00000000e+00  0.00000000e+00  0.00000000e+00
  0.00000000e+00  0.00000000e+00  0.00000000e+00  0.00000000e+00
  0.00000000e+00  0.00000000e+00  0.00000000e+00  0.00000000e+00
  0.00000000e+00  0.00000000e+00  1.89948293e+01  1.00000000e+02
  8.28598528e-01 -1.17842666e-01  1.00000000e+00]",7,by model,-1.0,0.07711010580024759,-1.0,-1.0,0.0,No collision,"[0, 0, 0, 0, 0, 0, 0, 0, 0, 0, 0, 0]",False
3,"[ 3.38170410e+02 -7.42144012e+00 -9.66121292e+01  0.00000000e+00
  0.00000000e+00  2.00000003e-01  1.20000000e+01  1.00000000e+00
  7.38109708e-01  3.72395821e+01  3.59155182e+02  3.55842697e+00
  1.37950987e+00  5.63686806e+00  7.24826078e+01  0.00000000e+00
  9.14199612e-01  3.51778634e+02  0.00000000e+00  0.00000000e+00
  0.00000000e+00  0.00000000e+00  0.00000000e+00  0.00000000e+00
  0.00000000e+00  0.00000000e+00  0.00000000e+00  0.00000000e+00
  0.00000000e+00  0.00000000e+00  0.00000000e+00  0.00000000e+00
  0.00000000e+00  0.00000000e+00  0.00000000e+00  0.00000000e+00
  0.00000000e+00  0.00000000e+00  1.45000000e+01  1.00000000e+02
  2.01299727e+01 -5.00897596e-01  1.00000000e+00]",9,by model,-1.0,-1.0,-1.0,-1.0,0.0,No collision,"[0, 0, 0, 0, 0, 0, 0, 0, 0, 0, 0, 0]",False
3,"[ 3.44935120e+02 -7.51445103e+00 -7.73843842e+01  0.00000000e+00
  0.00000000e+00  1.00000000e+00  1.20000000e+01  1.00000000e+00
  1.75132781e-01  1.47831526e+01  3.58322723e+02  3.07622773e+00
  1.34759915e+00  6.03283227e+00  7.89624578e+01  0.00000000e+00
  9.14199612e-01  3.53588810e+02  0.00000000e+00  0.00000000e+00
  0.00000000e+00  0.00000000e+00  0.00000000e+00  0.00000000e+00
  0.00000000e+00  0.00000000e+00  0.00000000e+00  0.00000000e+00
  0.00000000e+00  0.00000000e+00  0.00000000e+00  0.00000000e+00
  0.00000000e+00  0.00000000e+00  0.00000000e+00  0.00000000e+00
  0.00000000e+00  0.00000000e+00  1.45000000e+01  1.00000000e+02
  6.66295931e-01 -2.97008478e-01  1.00000000e+00]",46,randomly,-1.0,0.06806648338915865,-1.0,-1.0,0.0,No collision,"[0, 0, 0, 0, 0, 0, 0, 0, 0, 0, 0, 0]",False
3,"[ 3.47178558e+02 -7.53161430e+00 -6.88228683e+01  0.00000000e+00
  0.00000000e+00  1.00000000e+00  1.20000000e+01  1.00000000e+00
  1.15637690e-01  1.42730017e+01  3.57905823e+02  7.53485540e-02
  1.35157261e+00  6.04340503e+00  3.91035584e+01  7.81763650e+00
  1.82062531e+01  3.54014497e+02  0.00000000e+00  0.00000000e+00
  0.00000000e+00  0.00000000e+00  0.00000000e+00  0.00000000e+00
  0.00000000e+00  0.00000000e+00  1.00000000e+00  0.00000000e+00
  0.00000000e+00  0.00000000e+00  0.00000000e+00  0.00000000e+00
  0.00000000e+00  0.00000000e+00  0.00000000e+00  0.00000000e+00
  0.00000000e+00  1.57000000e+01  0.00000000e+00  1.00000000e+02
  1.91134971e-01  4.79921848e-02  1.00000000e+00]",19,by model,-1.0,-1.0,-1.0,-1.0,0.0,No collision,"[0, 0, 0, 0, 0, 0, 0, 0, 0, 0, 0]",False
3,"[ 3.47308105e+02 -7.53316116e+00 -6.84261703e+01  0.00000000e+00
  0.00000000e+00  1.00000000e+00  1.20000000e+01 -1.00000000e+00
  1.20097220e-01  1.42432146e+01  3.57880798e+02  4.58091636e-03
  1.34797414e+00  6.04422059e+00  8.27614446e+01  0.00000000e+00
  9.14199612e-01  3.54064697e+02  0.00000000e+00  0.00000000e+00
  1.00000000e+02  1.00000000e+01  1.00000000e+02  2.00000000e+01
  0.00000000e+00  0.00000000e+00  0.00000000e+00  0.00000000e+00
  0.00000000e+00  0.00000000e+00  0.00000000e+00  0.00000000e+00
  0.00000000e+00  0.00000000e+00  0.00000000e+00  0.00000000e+00
  0.00000000e+00  1.57000000e+01  0.00000000e+00  1.00000000e+02
  2.07203893e-01  2.72730584e-02  1.00000000e+00]",45,randomly,-1.0,0.10271743118914493,-1.0,-1.0,0.0,No collision,"[0, 0, 0, 0, 0, 0, 0, 0, 0, 0, 0, 0]",False
3,"[ 3.47363007e+02 -7.53422117e+00 -6.83119583e+01  0.00000000e+00
  0.00000000e+00  1.00000000e+00  1.20000000e+01 -1.00000000e+00
  1.07245147e-01  1.42371664e+01  3.57872589e+02  4.57956245e-03
  1.34804961e+00  6.04439733e+00  3.84514493e+01  7.78210262e+00
  1.40354458e+01  3.54096521e+02  0.00000000e+00  0.00000000e+00
  0.00000000e+00  0.00000000e+00  0.00000000e+00  0.00000000e+00
  0.00000000e+00  0.00000000e+00  1.00000000e+00  0.00000000e+00
  0.00000000e+00  0.00000000e+00  0.00000000e+00  0.00000000e+00
  0.00000000e+00  0.00000000e+00  0.00000000e+00  0.00000000e+00
  0.00000000e+00  0.00000000e+00  1.45000000e+01  1.00000000e+02
  2.10688060e-01 -2.40878337e-04  1.00000000e+00]",19,by model,-1.0,-1.0,-1.0,-1.0,0.0,No collision,"[0, 0, 0, 0, 0, 0, 0, 0, 0, 0, 0, 0]",False
3,"[ 3.47380035e+02 -7.53473473e+00 -6.83009949e+01  0.00000000e+00
  0.00000000e+00  1.00000000e+00  1.20000000e+01 -1.00000000e+00
  1.06355831e-01  1.42446632e+01  3.57871765e+02  4.60547827e-03
  1.34805587e+00  6.04425866e+00  8.28585230e+01  0.00000000e+00
  9.14199612e-01  3.54111123e+02  0.00000000e+00  0.00000000e+00
  2.01215383e+00  6.27228562e+00  4.32181475e+00  7.38470295e-01
  0.00000000e+00  0.00000000e+00  1.00000000e+00  0.00000000e+00
  0.00000000e+00  0.00000000e+00  0.00000000e+00  0.00000000e+00
  0.00000000e+00  0.00000000e+00  0.00000000e+00  0.00000000e+00
  0.00000000e+00  0.00000000e+00  1.60161334e+01  1.00000000e+02
  2.10688060e-01 -3.12219436e-03  1.00000000e+00]",19,by model,-1.0,-1.0,-1.0,-1.0,0.0,No collision,"[0, 0, 0, 0, 0, 0, 0, 0, 0, 0, 0, 0]",False
3,"[ 3.47392639e+02 -7.53515816e+00 -6.82988510e+01  0.00000000e+00
  0.00000000e+00  1.00000000e+00  1.20000000e+01 -1.00000000e+00
  1.05449378e-01  1.42438078e+01  3.57870361e+02  4.58999076e-03
  1.34806347e+00  6.04428334e+00  8.28712982e+01  0.00000000e+00
  9.14199612e-01  3.54123082e+02  0.00000000e+00  0.00000000e+00
  1.00000000e+02  1.00000000e+01  1.00000000e+02  2.00000000e+01
  0.00000000e+00  0.00000000e+00  0.00000000e+00  0.00000000e+00
  0.00000000e+00  0.00000000e+00  0.00000000e+00  0.00000000e+00
  0.00000000e+00  0.00000000e+00  0.00000000e+00  0.00000000e+00
  0.00000000e+00  0.00000000e+00  1.59225866e+01  1.00000000e+02
  2.10688060e-01 -3.09915956e-03  1.00000000e+00]",1,by model,-1.0,-1.0,-1.0,-1.0,0.0,No collision,"[0, 0, 0, 0, 0, 0, 0, 0, 0, 0, 0, 0]",False
3,"[ 3.47398834e+02 -7.53535271e+00 -6.82958069e+01  2.00000003e-01
  0.00000000e+00  2.00000003e-01  1.20000000e+01  1.00000000e+00
  1.05212763e-01  1.42435131e+01  3.57870300e+02  1.54017842e-04
  1.34806347e+00  6.04428334e+00  8.28780047e+01  0.00000000e+00
  9.14199612e-01  3.54128577e+02  0.00000000e+00  0.00000000e+00
  0.00000000e+00  0.00000000e+00  0.00000000e+00  0.00000000e+00
  0.00000000e+00  0.00000000e+00  0.00000000e+00  0.00000000e+00
  0.00000000e+00  0.00000000e+00  0.00000000e+00  0.00000000e+00
  0.00000000e+00  0.00000000e+00  0.00000000e+00  0.00000000e+00
  0.00000000e+00  0.00000000e+00  1.45000000e+01  1.00000000e+02
  2.10688060e-01 -1.82164210e-05  1.00000000e+00]",9,by model,-1.0,0.03534498353759576,-1.0,-1.0,0.0,No collision,"[0, 0, 0, 0, 0, 0, 0, 0, 0, 0, 0, 0]",False
3,"[ 3.47405640e+02 -7.53552961e+00 -6.82874680e+01  0.00000000e+00
  0.00000000e+00  1.00000000e+00  1.20000000e+01  1.00000000e+00
  1.04998358e-01  1.42454453e+01  3.57869476e+02  1.55065302e-04
  1.34807051e+00  6.04423801e+00  8.28864443e+01  0.00000000e+00
  9.14199612e-01  3.54133648e+02  0.00000000e+00  0.00000000e+00
  0.00000000e+00  0.00000000e+00  0.00000000e+00  0.00000000e+00
  0.00000000e+00  0.00000000e+00  0.00000000e+00  0.00000000e+00
  0.00000000e+00  0.00000000e+00  0.00000000e+00  0.00000000e+00
  0.00000000e+00  0.00000000e+00  0.00000000e+00  0.00000000e+00
  0.00000000e+00  0.00000000e+00  4.66815068e+01  1.00000000e+02
  2.10688060e-01 -1.17913696e-02  1.00000000e+00]",17,by model,-1.0,0.1897374330364911,-1.0,-1.0,0.0,No collision,"[0, 0, 0, 0, 0, 0, 0, 0, 0, 0, 0]",False
3,"[ 3.47405640e+02 -7.53552961e+00 -6.82874680e+01  0.00000000e+00
  0.00000000e+00  1.00000000e+00  1.20000000e+01  0.00000000e+00
  1.04970396e-01  1.42449360e+01  3.57869537e+02  1.54260830e-04
  1.34807070e+00  6.04426134e+00  6.47530918e+01  1.00025229e+01
  1.41149607e+01  3.54133648e+02  0.00000000e+00  0.00000000e+00
  4.96274810e+00  6.43900488e+00  2.16499515e+00  7.38458168e-01
  0.00000000e+00  0.00000000e+00  1.00000000e+00  0.00000000e+00
  0.00000000e+00  0.00000000e+00  0.00000000e+00  0.00000000e+00
  0.00000000e+00  0.00000000e+00  0.00000000e+00  0.00000000e+00
  0.00000000e+00  0.00000000e+00  4.66815309e+01  1.00000000e+02
  2.10688060e-01 -1.17853112e-02  1.00000000e+00]",17,by model,-1.0,0.18895543118562352,-1.0,-1.0,0.0,No collision,"[0, 0, 0, 0, 0, 0, 0, 0, 0, 0, 0, 0]",True
4,"[-3.71098671e+01 -1.49126661e+00 -1.33298502e+01  0.00000000e+00
  0.00000000e+00  0.00000000e+00  1.20000000e+01 -1.00000000e+00
  1.57192528e+00  1.11865395e+02  3.58683868e+02  1.23699957e+00
  1.41285646e+00  1.19475960e+00  1.00000000e+05  1.00000000e+03
  1.00000000e+03  1.00000000e+05  0.00000000e+00  0.00000000e+00
  0.00000000e+00  0.00000000e+00  0.00000000e+00  0.00000000e+00
  0.00000000e+00  0.00000000e+00  0.00000000e+00  0.00000000e+00
  0.00000000e+00  0.00000000e+00  0.00000000e+00  0.00000000e+00
  0.00000000e+00  0.00000000e+00  0.00000000e+00  0.00000000e+00
  0.00000000e+00  0.00000000e+00  1.45000000e+01  1.00000000e+02
  2.11208700e+01 -1.81871195e-01  1.00000000e+00]",7,by model,-1.0,-1.0,-1.0,-1.0,0.0,No collision,"[0, 0, 0, 0, 0, 0, 0, 0, 0, 0, 0, 0]",False
4,"[-3.28233261e+01 -1.60391092e+00 -1.45396366e+01  0.00000000e+00
  0.00000000e+00  2.00000003e-01  1.20000000e+01 -1.00000000e+00
  1.56775331e+00  1.05236671e+02  3.58620850e+02  1.11071969e-04
  1.33854602e+00  1.31119209e+00  1.00000000e+05  1.00000000e+03
  1.00000000e+03  1.00000000e+05  0.00000000e+00  0.00000000e+00
  0.00000000e+00  0.00000000e+00  0.00000000e+00  0.00000000e+00
  0.00000000e+00  0.00000000e+00  0.00000000e+00  0.00000000e+00
  0.00000000e+00  0.00000000e+00  0.00000000e+00  0.00000000e+00
  0.00000000e+00  0.00000000e+00  0.00000000e+00  0.00000000e+00
  0.00000000e+00  0.00000000e+00  6.99843574e+01  1.00000000e+02
  4.76327122e+00 -3.00000000e+00  1.00000000e+00]",9,by model,-1.0,-1.0,-1.0,-1.0,0.0,No collision,"[0, 0, 0, 0, 0, 0, 0, 0, 0, 0, 0, 0]",False
4,"[-3.28233261e+01 -1.60392749e+00 -1.45402088e+01  0.00000000e+00
  0.00000000e+00  1.00000000e+00  1.20000000e+01 -1.00000000e+00
  1.56773424e+00  1.05236671e+02  3.58620850e+02  1.11052875e-04
  1.33854479e+00  1.31119553e+00  1.00000000e+05  1.00000000e+03
  1.00000000e+03  1.00000000e+05  0.00000000e+00  0.00000000e+00
  0.00000000e+00  0.00000000e+00  0.00000000e+00  0.00000000e+00
  0.00000000e+00  0.00000000e+00  0.00000000e+00  0.00000000e+00
  0.00000000e+00  0.00000000e+00  0.00000000e+00  0.00000000e+00
  0.00000000e+00  0.00000000e+00  0.00000000e+00  0.00000000e+00
  0.00000000e+00  0.00000000e+00  6.99843601e+01  1.00000000e+02
  4.76327122e+00 -3.00000000e+00  1.00000000e+00]",7,by model,-1.0,-1.0,-1.0,-1.0,0.0,No collision,"[0, 0, 0, 0, 0, 0, 0, 0, 0, 0, 0, 0]",False
4,"[-3.28233261e+01 -1.60394394e+00 -1.45407810e+01  0.00000000e+00
  0.00000000e+00  2.00000003e-01  1.20000000e+01  1.00000000e+00
  1.56771719e+00  1.05236671e+02  3.58620880e+02  1.11206344e-04
  1.33854479e+00  1.31119553e+00  1.00000000e+05  1.00000000e+03
  1.00000000e+03  1.00000000e+05  0.00000000e+00  0.00000000e+00
  0.00000000e+00  0.00000000e+00  0.00000000e+00  0.00000000e+00
  0.00000000e+00  0.00000000e+00  0.00000000e+00  0.00000000e+00
  0.00000000e+00  0.00000000e+00  0.00000000e+00  0.00000000e+00
  0.00000000e+00  0.00000000e+00  0.00000000e+00  0.00000000e+00
  0.00000000e+00  0.00000000e+00  6.99843384e+01  1.00000000e+02
  4.76327122e+00 -3.00000000e+00  1.00000000e+00]",9,by model,-1.0,-1.0,-1.0,-1.0,0.0,No collision,"[0, 0, 0, 0, 0, 0, 0, 0, 0, 0, 0]",False
4,"[-3.58244324e+00 -1.99853742e+00 -2.24868412e+01  0.00000000e+00
  0.00000000e+00  1.00000000e+00  1.20000000e+01 -1.00000000e+00
  9.13407505e-01  1.05397041e+02  1.02128975e-01  8.77305721e+00
  1.69412293e+00  1.30180559e+00  1.00000000e+05  1.00000000e+03
  1.00000000e+03  1.00000000e+05  0.00000000e+00  0.00000000e+00
  0.00000000e+00  0.00000000e+00  0.00000000e+00  0.00000000e+00
  0.00000000e+00  0.00000000e+00  0.00000000e+00  0.00000000e+00
  0.00000000e+00  0.00000000e+00  0.00000000e+00  0.00000000e+00
  0.00000000e+00  0.00000000e+00  0.00000000e+00  0.00000000e+00
  0.00000000e+00  2.89304065e+01  0.00000000e+00  1.00000000e+02
 -5.44427898e-02  1.21512846e+00  1.00000000e+00]",7,by model,-1.0,-1.0,-1.0,-1.0,0.0,No collision,"[0, 0, 0, 0, 0, 0, 0, 0, 0, 0, 0]",False
4,"[ 5.33269882e+01 -3.04884577e+00 -3.41255188e+01  0.00000000e+00
  0.00000000e+00  2.00000003e-01  1.20000000e+01  1.00000000e+00
  1.09334362e+00  9.43672943e+01  4.71273988e-01  7.10177587e+00
  1.83760802e+00  1.50008195e+00  1.00000000e+05  1.00000000e+03
  1.00000000e+03  1.00000000e+05  0.00000000e+00  0.00000000e+00
  0.00000000e+00  0.00000000e+00  0.00000000e+00  0.00000000e+00
  0.00000000e+00  0.00000000e+00  0.00000000e+00  0.00000000e+00
  0.00000000e+00  0.00000000e+00  0.00000000e+00  0.00000000e+00
  0.00000000e+00  0.00000000e+00  0.00000000e+00  0.00000000e+00
  0.00000000e+00  1.57000000e+01  0.00000000e+00  1.00000000e+02
 -1.37421135e+01  2.83148862e-01  1.00000000e+00]",9,by model,-1.0,-1.0,-1.0,-1.0,0.0,No collision,"[0, 0, 0, 0, 0, 0, 0, 0, 0, 0, 0, 0]",False
4,"[ 1.05993042e+02 -3.84784913e+00 -4.78933144e+01  0.00000000e+00
  0.00000000e+00  1.00000000e+00  1.20000000e+01 -1.00000000e+00
  6.42389238e-01  1.04234985e+02  3.59643250e+02  1.05011040e+01
  1.76508487e+00  1.32142617e+00  1.00000000e+05  1.00000000e+03
  1.00000000e+03  1.00000000e+05  0.00000000e+00  0.00000000e+00
  0.00000000e+00  0.00000000e+00  0.00000000e+00  0.00000000e+00
  0.00000000e+00  0.00000000e+00  0.00000000e+00  0.00000000e+00
  0.00000000e+00  0.00000000e+00  0.00000000e+00  0.00000000e+00
  0.00000000e+00  0.00000000e+00  0.00000000e+00  0.00000000e+00
  0.00000000e+00  2.03453801e+01  0.00000000e+00  1.00000000e+02
 -1.41771728e+00  3.92142309e-01  1.00000000e+00]",7,by model,-1.0,-1.0,-1.0,-1.0,0.0,No collision,"[0, 0, 0, 0, 0, 0, 0, 0, 0, 0, 0, 0]",False
4,"[ 1.69612640e+02 -4.57444000e+00 -6.45611801e+01  0.00000000e+00
  0.00000000e+00  2.00000003e-01  1.20000000e+01 -1.00000000e+00
  5.83604276e-01  1.05291557e+02 -3.60858161e-03  1.11906800e+01
  1.34497668e+00  1.30391890e+00  1.00000000e+05  1.00000000e+03
  1.00000000e+03  1.00000000e+05  0.00000000e+00  0.00000000e+00
  0.00000000e+00  0.00000000e+00  0.00000000e+00  0.00000000e+00
  0.00000000e+00  0.00000000e+00  0.00000000e+00  0.00000000e+00
  0.00000000e+00  0.00000000e+00  0.00000000e+00  0.00000000e+00
  0.00000000e+00  0.00000000e+00  0.00000000e+00  0.00000000e+00
  0.00000000e+00  1.57000000e+01  0.00000000e+00  1.00000000e+02
  1.87503706e+00  2.39371280e-01  1.00000000e+00]",18,randomly,-1.0,1.0,0.5423283152055776,-1.0,0.433,No collision,"[0.433057, 0.403415, 0.136321, 0.215266, 0.331958, 0.224543, 0.137704, 0, 0, 0, 0, 0]",False
4,"[ 2.05661133e+02 -5.08056974e+00 -7.39954834e+01  0.00000000e+00
  0.00000000e+00  2.00000003e-01  1.20000000e+01 -1.00000000e+00
  8.02409410e-01  1.04434929e+02  1.90098986e-01  2.17968037e+00
  1.45080508e+00  1.31808338e+00  2.87582523e+01  9.99640397e+00
  1.19373451e+01  2.87582523e+01  0.00000000e+00  0.00000000e+00
  5.23762206e+00  6.39410150e+00  9.90421616e+00  4.12291685e+00
  0.00000000e+00  0.00000000e+00  1.00000000e+00  0.00000000e+00
  0.00000000e+00  0.00000000e+00  0.00000000e+00  0.00000000e+00
  0.00000000e+00  0.00000000e+00  0.00000000e+00  0.00000000e+00
  0.00000000e+00  7.20466516e+01  0.00000000e+00  1.00000000e+02
  7.22465478e-02  6.76540309e-01  1.00000000e+00]",37,randomly,-1.0,-1.0,0.5833916615002495,0.5651065746659747,0.0,No collision,"[0, 0, 0, 0, 0, 0, 0, 0, 0, 0, 0, 0]",False
4,"[ 2.43017746e+02 -5.83213425e+00 -8.36505890e+01  0.00000000e+00
  0.00000000e+00  2.00000003e-01  1.20000000e+01 -1.00000000e+00
  1.02924311e+00  1.04595543e+02  3.59519440e+02  9.15791217e+00
  1.34210015e+00  1.31825661e+00  1.11148700e+01  8.72395665e+00
  1.19794589e+01  1.11148700e+01  0.00000000e+00  0.00000000e+00
  5.00618159e+01  6.10246482e+00  9.09292309e-01  1.56885377e+00
  0.00000000e+00  0.00000000e+00  1.00000000e+00  0.00000000e+00
  0.00000000e+00  0.00000000e+00  0.00000000e+00  0.00000000e+00
  0.00000000e+00  0.00000000e+00  0.00000000e+00  0.00000000e+00
  0.00000000e+00  2.05874545e+01  0.00000000e+00  1.00000000e+02
 -7.86540104e-02  1.35855886e+00  1.00000000e+00]",9,by model,-1.0,-1.0,0.5129851904003042,-1.0,0.437,No collision,"[0, 0, 0, 0, 0, 0, 0, 0, 0, 0.147042, 0.165891, 0.436752]",False
4,"[ 3.02880951e+02 -6.89109802e+00 -9.98408813e+01  0.00000000e+00
  0.00000000e+00  1.00000000e+00  1.20000000e+01  1.00000000e+00
  7.26129353e-01  1.05304420e+02  1.30435959e-01  1.09502170e+01
  1.56305886e+00  1.30309559e+00  5.57761803e+00  5.00729443e+00
  1.19273454e+01  2.15095066e+01  0.00000000e+00  0.00000000e+00
  1.96633713e+00  6.27335357e+00  1.92692595e+00  5.44275720e-01
  0.00000000e+00  0.00000000e+00  2.00000000e+00  0.00000000e+00
  0.00000000e+00  0.00000000e+00  0.00000000e+00  0.00000000e+00
  0.00000000e+00  0.00000000e+00  0.00000000e+00  0.00000000e+00
  0.00000000e+00  1.57000000e+01  0.00000000e+00  1.00000000e+02
  2.07439563e-01  9.55713291e-02  1.00000000e+00]",8,randomly,-1.0,-1.0,-1.0,-1.0,0.656,No collision,"[0.656182, 0.55198, 0.190979, 0.055406, 0, 0, 0, 0, 0, 0, 0, 0]",False
4,"[337.23864746  -7.40424824 -97.45475769   0.           0.
   0.5         12.           1.           0.83783531  40.6024437
 359.33093262   3.36545722   1.37693529   5.57742576  21.9479203
   7.81982541  11.97927387  30.77997269   0.           0.
  12.25607317   5.47446287   6.70552905   1.48056257   0.
   0.           2.           0.           0.           0.
   0.           0.           0.           0.           0.
   0.           0.          21.34855744   0.         100.
  24.46265841   0.63320179   1.        ]",15,randomly,-1.0,-1.0,-1.0,-1.0,0.0,No collision,"[0, 0, 0, 0, 0, 0, 0, 0, 0, 0, 0, 0]",False
4,"[ 3.45081360e+02 -7.52016878e+00 -7.76501389e+01  0.00000000e+00
  0.00000000e+00  5.00000000e-01  1.20000000e+01  1.00000000e+00
  2.16766044e-01  1.54349337e+01  3.58322906e+02  3.05162944e+00
  1.50040451e+00  6.02028878e+00  7.73810068e+01  9.96880461e+00
  1.80100706e+01  3.53789827e+02  0.00000000e+00  0.00000000e+00
  7.71840691e+00  6.29919899e+00  3.84293665e+00  5.52276736e-01
  0.00000000e+00  0.00000000e+00  1.00000000e+00  0.00000000e+00
  0.00000000e+00  0.00000000e+00  0.00000000e+00  0.00000000e+00
  0.00000000e+00  0.00000000e+00  0.00000000e+00  0.00000000e+00
  0.00000000e+00  0.00000000e+00  1.45000000e+01  1.00000000e+02
  1.11400482e+00 -8.65555237e-02  1.00000000e+00]",9,by model,-1.0,0.021149994046965794,-1.0,-1.0,0.0,No collision,"[0, 0, 0, 0, 0, 0, 0, 0, 0, 0, 0]",False
4,"[ 3.47454590e+02 -7.54102755e+00 -6.87925797e+01  0.00000000e+00
  0.00000000e+00  1.00000000e+00  1.20000000e+01 -1.00000000e+00
  1.38066560e-01  1.44652634e+01  3.57887268e+02  1.55611859e-04
  1.34784931e+00  6.04037438e+00  1.28201492e+02  1.00028847e+01
  1.85259831e+01  3.54279520e+02  0.00000000e+00  0.00000000e+00
  0.00000000e+00  0.00000000e+00  0.00000000e+00  0.00000000e+00
  0.00000000e+00  0.00000000e+00  0.00000000e+00  0.00000000e+00
  0.00000000e+00  0.00000000e+00  0.00000000e+00  0.00000000e+00
  0.00000000e+00  0.00000000e+00  0.00000000e+00  0.00000000e+00
  0.00000000e+00  0.00000000e+00  4.98830257e+01  1.00000000e+02
  4.89763320e-01 -1.07493979e-01  1.00000000e+00]",1,by model,-1.0,0.01876807709064247,-1.0,-1.0,0.0,No collision,"[0, 0, 0, 0, 0, 0, 0, 0, 0, 0, 0, 0]",False
4,"[ 3.47502411e+02 -7.54171133e+00 -6.86617203e+01  2.00000003e-01
  0.00000000e+00  2.00000003e-01  1.20000000e+01 -1.00000000e+00
  1.42741546e-01  1.44323521e+01  3.57877930e+02  4.58478707e-03
  1.34783626e+00  6.04090845e+00  3.54301051e+02  9.93880504e+00
  1.46135252e+01  3.54301051e+02  0.00000000e+00  0.00000000e+00
  0.00000000e+00  0.00000000e+00  0.00000000e+00  0.00000000e+00
  0.00000000e+00  0.00000000e+00  0.00000000e+00  0.00000000e+00
  0.00000000e+00  0.00000000e+00  0.00000000e+00  0.00000000e+00
  0.00000000e+00  0.00000000e+00  0.00000000e+00  0.00000000e+00
  0.00000000e+00  1.57000000e+01  0.00000000e+00  1.00000000e+02
  5.46356599e-01  3.21216041e-02  1.00000000e+00]",9,by model,-1.0,-1.0,-1.0,-1.0,0.0,No collision,"[0, 0, 0, 0, 0, 0, 0, 0, 0, 0, 0, 0]",False
4,"[ 3.47587097e+02 -7.54299498e+00 -6.84382858e+01  0.00000000e+00
  0.00000000e+00  1.00000000e+00  1.20000000e+01 -1.00000000e+00
  1.25647634e-01  1.43816547e+01  3.57863007e+02  4.57962200e-03
  1.34794419e+00  6.04190760e+00  3.54340918e+02  9.93880504e+00
  1.46135252e+01  3.54340918e+02  0.00000000e+00  0.00000000e+00
  0.00000000e+00  0.00000000e+00  0.00000000e+00  0.00000000e+00
  0.00000000e+00  0.00000000e+00  0.00000000e+00  0.00000000e+00
  0.00000000e+00  0.00000000e+00  0.00000000e+00  0.00000000e+00
  0.00000000e+00  0.00000000e+00  0.00000000e+00  0.00000000e+00
  0.00000000e+00  1.57000000e+01  0.00000000e+00  1.00000000e+02
  5.56200151e-01  1.18567741e-02  1.00000000e+00]",1,by model,-1.0,0.007056938004064674,-1.0,-1.0,0.0,No collision,"[0, 0, 0, 0, 0, 0, 0, 0, 0, 0, 0, 0]",False
4,"[ 3.47624115e+02 -7.54388332e+00 -6.83845596e+01  2.00000003e-01
  0.00000000e+00  2.00000003e-01  1.20000000e+01 -1.00000000e+00
  1.20620504e-01  1.43734961e+01  3.57858917e+02  4.59593884e-03
  1.34797430e+00  6.04200636e+00  3.54366877e+02  9.93880504e+00
  1.46135252e+01  3.54366877e+02  0.00000000e+00  0.00000000e+00
  0.00000000e+00  0.00000000e+00  0.00000000e+00  0.00000000e+00
  0.00000000e+00  0.00000000e+00  0.00000000e+00  0.00000000e+00
  0.00000000e+00  0.00000000e+00  0.00000000e+00  0.00000000e+00
  0.00000000e+00  0.00000000e+00  0.00000000e+00  0.00000000e+00
  0.00000000e+00  0.00000000e+00  1.45000000e+01  1.00000000e+02
  5.58637080e-01 -2.53897927e-03  1.00000000e+00]",9,randomly,-1.0,-1.0,-1.0,-1.0,0.0,No collision,"[0, 0, 0, 0, 0, 0, 0, 0, 0, 0, 0, 0]",False
4,"[ 3.47642853e+02 -7.54450607e+00 -6.83803482e+01  0.00000000e+00
  0.00000000e+00  1.00000000e+00  1.20000000e+01  1.00000000e+00
  1.18715122e-01  1.43689814e+01  3.57855408e+02  2.53534508e-04
  1.34798985e+00  6.04214908e+00  3.54384459e+02  9.93880504e+00
  1.46135252e+01  3.54384459e+02  0.00000000e+00  0.00000000e+00
  0.00000000e+00  0.00000000e+00  0.00000000e+00  0.00000000e+00
  0.00000000e+00  0.00000000e+00  0.00000000e+00  0.00000000e+00
  0.00000000e+00  0.00000000e+00  0.00000000e+00  0.00000000e+00
  0.00000000e+00  0.00000000e+00  0.00000000e+00  0.00000000e+00
  0.00000000e+00  0.00000000e+00  1.45000000e+01  1.00000000e+02
  5.58637080e-01 -1.51075167e-03  1.00000000e+00]",1,by model,-1.0,-1.0,-1.0,-1.0,0.0,No collision,"[0, 0, 0, 0, 0, 0, 0, 0, 0, 0, 0, 0]",False
4,"[ 3.47651093e+02 -7.54477549e+00 -6.83777237e+01  2.00000003e-01
  0.00000000e+00  2.00000003e-01  1.20000000e+01  1.00000000e+00
  1.18563123e-01  1.43647127e+01  3.57857025e+02  1.53249311e-04
  1.34798294e+00  6.04224107e+00  3.54392041e+02  9.93880504e+00
  1.46135252e+01  3.54392041e+02  0.00000000e+00  0.00000000e+00
  0.00000000e+00  0.00000000e+00  0.00000000e+00  0.00000000e+00
  0.00000000e+00  0.00000000e+00  0.00000000e+00  0.00000000e+00
  0.00000000e+00  0.00000000e+00  0.00000000e+00  0.00000000e+00
  0.00000000e+00  0.00000000e+00  0.00000000e+00  0.00000000e+00
  0.00000000e+00  0.00000000e+00  1.45000000e+01  1.00000000e+02
  5.58637080e-01 -8.74683881e-04  1.00000000e+00]",9,by model,-1.0,-1.0,-1.0,-1.0,0.0,No collision,"[0, 0, 0, 0, 0, 0, 0, 0, 0, 0, 0, 0]",False
4,"[ 3.47661438e+02 -7.54514074e+00 -6.83784180e+01  0.00000000e+00
  0.00000000e+00  1.00000000e+00  1.20000000e+01  0.00000000e+00
  1.18819423e-01  1.43644772e+01  3.57855713e+02  4.58244917e-03
  1.34799010e+00  6.04219575e+00  3.54402332e+02  9.93880504e+00
  1.46135252e+01  3.54402332e+02  0.00000000e+00  0.00000000e+00
  0.00000000e+00  0.00000000e+00  0.00000000e+00  0.00000000e+00
  0.00000000e+00  0.00000000e+00  0.00000000e+00  0.00000000e+00
  0.00000000e+00  0.00000000e+00  0.00000000e+00  0.00000000e+00
  0.00000000e+00  0.00000000e+00  0.00000000e+00  0.00000000e+00
  0.00000000e+00  0.00000000e+00  1.69376311e+01  1.00000000e+02
  5.58637080e-01 -3.33756798e-03  1.00000000e+00]",18,randomly,-1.0,-1.0,-1.0,-1.0,0.0,No collision,"[0, 0, 0, 0, 0, 0, 0, 0, 0, 0, 0, 0]",True
5,"[-3.69712601e+01 -1.49293578e+00 -1.32977962e+01  0.00000000e+00
  0.00000000e+00  0.00000000e+00  1.20000000e+01 -1.00000000e+00
  1.55977821e+00  1.11866676e+02  3.58706238e+02  1.26413424e+00
  1.42742643e+00  1.19465368e+00  1.00000000e+05  1.00000000e+03
  1.00000000e+03  1.00000000e+05  0.00000000e+00  0.00000000e+00
  0.00000000e+00  0.00000000e+00  0.00000000e+00  0.00000000e+00
  0.00000000e+00  0.00000000e+00  0.00000000e+00  0.00000000e+00
  0.00000000e+00  0.00000000e+00  0.00000000e+00  0.00000000e+00
  0.00000000e+00  0.00000000e+00  0.00000000e+00  0.00000000e+00
  0.00000000e+00  0.00000000e+00  1.45000000e+01  1.00000000e+02
  1.51886745e+01 -2.47821375e-01  1.00000000e+00]",7,by model,-1.0,-1.0,-1.0,-1.0,0.0,No collision,"[0, 0, 0, 0, 0, 0, 0, 0, 0, 0, 0, 0]",False
5,"[-3.23371620e+01 -1.61713600e+00 -1.46927691e+01  0.00000000e+00
  0.00000000e+00  2.00000003e-01  1.20000000e+01 -1.00000000e+00
  1.59275293e+00  1.05822029e+02  3.58742249e+02  1.06174108e-04
  1.33836380e+00  1.30041964e+00  1.00000000e+05  1.00000000e+03
  1.00000000e+03  1.00000000e+05  0.00000000e+00  0.00000000e+00
  0.00000000e+00  0.00000000e+00  0.00000000e+00  0.00000000e+00
  0.00000000e+00  0.00000000e+00  0.00000000e+00  0.00000000e+00
  0.00000000e+00  0.00000000e+00  0.00000000e+00  0.00000000e+00
  0.00000000e+00  0.00000000e+00  0.00000000e+00  0.00000000e+00
  0.00000000e+00  0.00000000e+00  6.99850471e+01  1.00000000e+02
  6.34306747e+00 -3.00000000e+00  1.00000000e+00]",9,by model,-1.0,-1.0,-1.0,-1.0,0.0,No collision,"[0, 0, 0, 0, 0, 0, 0, 0, 0, 0, 0]",False
5,"[-3.23371582e+01 -1.61715055e+00 -1.46933413e+01  0.00000000e+00
  0.00000000e+00  1.00000000e+00  1.20000000e+01 -1.00000000e+00
  1.59243548e+00  1.05822021e+02  3.58742188e+02  1.07620681e-04
  1.33837039e+00  1.30042322e+00  1.00000000e+05  1.00000000e+03
  1.00000000e+03  1.00000000e+05  0.00000000e+00  0.00000000e+00
  0.00000000e+00  0.00000000e+00  0.00000000e+00  0.00000000e+00
  0.00000000e+00  0.00000000e+00  0.00000000e+00  0.00000000e+00
  0.00000000e+00  0.00000000e+00  0.00000000e+00  0.00000000e+00
  0.00000000e+00  0.00000000e+00  0.00000000e+00  0.00000000e+00
  0.00000000e+00  0.00000000e+00  6.99848434e+01  1.00000000e+02
  6.34306747e+00 -3.00000000e+00  1.00000000e+00]",7,by model,-1.0,-1.0,-1.0,-1.0,0.0,No collision,"[0, 0, 0, 0, 0, 0, 0, 0, 0, 0, 0]",False
5,"[-3.23371582e+01 -1.61716664e+00 -1.46939135e+01  0.00000000e+00
  0.00000000e+00  2.00000003e-01  1.20000000e+01  1.00000000e+00
  1.59240532e+00  1.05822021e+02  3.58742188e+02  1.07399196e-04
  1.33837243e+00  1.30041773e+00  1.00000000e+05  1.00000000e+03
  1.00000000e+03  1.00000000e+05  0.00000000e+00  0.00000000e+00
  0.00000000e+00  0.00000000e+00  0.00000000e+00  0.00000000e+00
  0.00000000e+00  0.00000000e+00  0.00000000e+00  0.00000000e+00
  0.00000000e+00  0.00000000e+00  0.00000000e+00  0.00000000e+00
  0.00000000e+00  0.00000000e+00  0.00000000e+00  0.00000000e+00
  0.00000000e+00  0.00000000e+00  6.99848746e+01  1.00000000e+02
  6.34306747e+00 -3.00000000e+00  1.00000000e+00]",9,by model,-1.0,-1.0,-1.0,-1.0,0.0,No collision,"[0, 0, 0, 0, 0, 0, 0, 0, 0, 0, 0, 0]",False
5,"[-3.57268238e+00 -1.99889374e+00 -2.24815884e+01  0.00000000e+00
  0.00000000e+00  1.00000000e+00  1.20000000e+01 -1.00000000e+00
  7.93330789e-01  1.05330498e+02  9.48477536e-02  9.63152110e+00
  1.92254692e+00  1.30294899e+00  1.00000000e+05  1.00000000e+03
  1.00000000e+03  1.00000000e+05  0.00000000e+00  0.00000000e+00
  0.00000000e+00  0.00000000e+00  0.00000000e+00  0.00000000e+00
  0.00000000e+00  0.00000000e+00  0.00000000e+00  0.00000000e+00
  0.00000000e+00  0.00000000e+00  0.00000000e+00  0.00000000e+00
  0.00000000e+00  0.00000000e+00  0.00000000e+00  0.00000000e+00
  0.00000000e+00  0.00000000e+00  1.80110452e+01  1.00000000e+02
 -2.50066471e-01 -6.51913427e-01  1.00000000e+00]",7,by model,-1.0,-1.0,-1.0,-1.0,0.0,No collision,"[0, 0, 0, 0, 0, 0, 0, 0, 0, 0, 0]",False
5,"[ 5.36073151e+01 -3.05393314e+00 -3.43048439e+01  0.00000000e+00
  0.00000000e+00  2.00000003e-01  1.20000000e+01  1.00000000e+00
  1.09932017e+00  9.54768219e+01  4.49752182e-01  6.97846830e+00
  1.61999737e+00  1.47680215e+00  1.00000000e+05  1.00000000e+03
  1.00000000e+03  1.00000000e+05  0.00000000e+00  0.00000000e+00
  0.00000000e+00  0.00000000e+00  0.00000000e+00  0.00000000e+00
  0.00000000e+00  0.00000000e+00  0.00000000e+00  0.00000000e+00
  0.00000000e+00  0.00000000e+00  0.00000000e+00  0.00000000e+00
  0.00000000e+00  0.00000000e+00  0.00000000e+00  0.00000000e+00
  0.00000000e+00  1.57000000e+01  0.00000000e+00  1.00000000e+02
 -1.19254841e+01  1.49401385e-01  1.00000000e+00]",8,randomly,-1.0,-1.0,-1.0,-1.0,0.0,No collision,"[0, 0, 0, 0, 0, 0, 0, 0, 0, 0, 0, 0]",False
5,"[ 1.04190727e+02 -3.82746577e+00 -4.74837151e+01  0.00000000e+00
  0.00000000e+00  5.00000000e-01  1.20000000e+01 -1.00000000e+00
  6.95522130e-01  1.04518677e+02  3.59737000e+02  1.02736934e+01
  1.85886792e+00  1.31708750e+00  1.00000000e+05  1.00000000e+03
  1.00000000e+03  1.00000000e+05  0.00000000e+00  0.00000000e+00
  0.00000000e+00  0.00000000e+00  0.00000000e+00  0.00000000e+00
  0.00000000e+00  0.00000000e+00  0.00000000e+00  0.00000000e+00
  0.00000000e+00  0.00000000e+00  0.00000000e+00  0.00000000e+00
  0.00000000e+00  0.00000000e+00  0.00000000e+00  0.00000000e+00
  0.00000000e+00  1.57000000e+01  0.00000000e+00  1.00000000e+02
 -7.07738114e-01  6.07503517e-01  1.00000000e+00]",9,by model,-1.0,-1.0,-1.0,-1.0,0.0,No collision,"[0, 0, 0, 0, 0, 0, 0, 0, 0, 0, 0]",False
5,"[ 1.67048096e+02 -4.55245924e+00 -6.42360382e+01  0.00000000e+00
  0.00000000e+00  1.00000000e+00  1.20000000e+01 -1.00000000e+00
  4.83226389e-01  1.04446373e+02  3.59511475e+02  1.06952985e+01
  1.34563460e+00  1.32088924e+00  1.00000000e+05  1.00000000e+03
  1.00000000e+03  1.00000000e+05  0.00000000e+00  0.00000000e+00
  0.00000000e+00  0.00000000e+00  0.00000000e+00  0.00000000e+00
  0.00000000e+00  0.00000000e+00  0.00000000e+00  0.00000000e+00
  0.00000000e+00  0.00000000e+00  0.00000000e+00  0.00000000e+00
  0.00000000e+00  0.00000000e+00  0.00000000e+00  0.00000000e+00
  0.00000000e+00  1.57000000e+01  0.00000000e+00  1.00000000e+02
 -2.45808137e+00  1.98329463e-01  1.00000000e+00]",28,randomly,-1.0,-1.0,1.0,-1.0,0.856,No collision,"[0, 0, 0.390397, 0.573188, 0.717511, 0.855587, 0, 0, 0, 0, 0, 0]",False
5,"[229.87184143  -5.56308794 -80.13349152   0.           0.
   1.          12.          -1.           0.97652942 102.56811523
 359.53952026  10.871125     2.10266479   1.3484838    9.97588688
  10.40038488  18.40291243   9.97588688   0.           0.
   0.           0.           0.           0.           0.
   0.           1.           0.           0.           0.
   0.           0.           0.           0.           0.
   0.           0.          15.7          0.         100.
  -2.53726672   0.62255019   1.        ]",33,randomly,-1.0,-1.0,1.0,-1.0,0.074,No collision,"[0, 0, 0, 0, 0, 0, 0.043555, 0, 0, 0.07353, 0]",False
5,"[ 2.93257904e+02 -6.72907209e+00 -9.69866104e+01  0.00000000e+00
  0.00000000e+00  1.00000000e+00  1.20000000e+01 -1.00000000e+00
  1.07889843e+00  1.05726517e+02  1.10996716e-01  1.05814572e+01
  1.34179430e+00  1.29581057e+00  9.97539918e+00  1.05016547e+01
  1.80287983e+01  9.97539918e+00  0.00000000e+00  0.00000000e+00
  2.33759172e+00  6.26798464e+00  1.00990488e+00  1.66011862e+00
  0.00000000e+00  0.00000000e+00  1.00000000e+00  0.00000000e+00
  0.00000000e+00  0.00000000e+00  0.00000000e+00  0.00000000e+00
  0.00000000e+00  0.00000000e+00  0.00000000e+00  0.00000000e+00
  0.00000000e+00  1.57000000e+01  0.00000000e+00  1.00000000e+02
 -8.20398357e-03  7.84216917e-01  1.00000000e+00]",7,by model,-1.0,-1.0,0.5949267000001947,0.5949267000001947,0.002,No collision,"[0, 0, 0, 0, 0, 0, 0, 0, 0, 0, 0.001856]",False
5,"[ 3.32130249e+02 -7.29937267e+00 -1.02174149e+02  0.00000000e+00
  0.00000000e+00  2.00000003e-01  1.20000000e+01  1.00000000e+00
  8.03942382e-01  6.13202019e+01  3.59562134e+02  1.81530542e+00
  1.34358916e+00  5.21494560e+00  6.90164336e+00  2.57447879e-01
  1.82048683e+01  6.90164336e+00  0.00000000e+00  0.00000000e+00
  6.99628382e-01  6.57581669e+00  6.05198269e+00  2.58869951e+00
  0.00000000e+00  0.00000000e+00  1.00000000e+00  0.00000000e+00
  0.00000000e+00  0.00000000e+00  0.00000000e+00  0.00000000e+00
  0.00000000e+00  0.00000000e+00  0.00000000e+00  0.00000000e+00
  0.00000000e+00  6.15521095e+01  0.00000000e+00  1.00000000e+02
  2.23965229e+01  1.36034881e+00  1.00000000e+00]",9,by model,-1.0,-1.0,0.5700366413571196,-1.0,0.0,No collision,"[0, 0, 0, 0, 0, 0, 0, 0, 0, 0, 0, 0]",False
5,"[ 3.43086945e+02 -7.49594307e+00 -8.55899811e+01  0.00000000e+00
  0.00000000e+00  1.00000000e+00  1.20000000e+01  1.00000000e+00
  3.95151019e-01  1.85534744e+01  3.58421661e+02  3.62998960e+00
  1.34621995e+00  5.96658541e+00  9.08973509e+00  4.96205263e+00
  1.76310425e+01  9.08973509e+00  0.00000000e+00  0.00000000e+00
  6.91660889e-01  6.19091804e+00  2.95047023e+00  2.65896676e+00
  0.00000000e+00  0.00000000e+00  1.00000000e+00  0.00000000e+00
  0.00000000e+00  0.00000000e+00  0.00000000e+00  0.00000000e+00
  0.00000000e+00  0.00000000e+00  0.00000000e+00  0.00000000e+00
  0.00000000e+00  1.57000000e+01  0.00000000e+00  1.00000000e+02
  4.85242771e+00  1.66561279e-01  1.00000000e+00]",43,by model,-1.0,-1.0,-1.0,-1.0,0.0,No collision,"[0, 0, 0, 0, 0, 0, 0, 0, 0, 0, 0]",False
5,"[ 3.47430786e+02 -7.54992151e+00 -7.01499786e+01  0.00000000e+00
  0.00000000e+00  1.00000000e+00  1.20000000e+01  1.00000000e+00
  2.03502744e-01  1.44546957e+01  3.57932404e+02  1.12644546e+00
  1.34744948e+00  6.04032421e+00  8.75102124e+00  8.34115452e-01
  1.83354697e+01  1.42373474e+02  0.00000000e+00  0.00000000e+00
  1.34998933e+00  6.27702600e+00  8.34115543e-01  2.81809186e+00
  0.00000000e+00  0.00000000e+00  1.00000000e+00  0.00000000e+00
  0.00000000e+00  0.00000000e+00  0.00000000e+00  0.00000000e+00
  0.00000000e+00  0.00000000e+00  0.00000000e+00  0.00000000e+00
  0.00000000e+00  0.00000000e+00  1.62079524e+01  1.00000000e+02
  7.48604924e-01 -6.30376323e-01  1.00000000e+00]",11,by model,-1.0,0.2898392518674455,-1.0,-1.0,0.66,No collision,"[0, 0, 0, 0.660332, 0, 0.656422, 0, 0.656981, 0, 0, 0, 0]",False
5,"[ 3.47762177e+02 -7.55301714e+00 -6.89584961e+01  0.00000000e+00
  0.00000000e+00  1.00000000e+00  1.40000000e+01 -1.00000000e+00
  1.19051710e-01  1.43325272e+01  3.57872284e+02  2.57209626e-01
  1.34797836e+00  6.04272978e+00  8.58914741e+00  5.41095547e-01
  1.83642139e+01  2.34579593e+02  0.00000000e+00  0.00000000e+00
  1.29843857e+00  6.24137839e+00  5.41095624e-01  2.63099036e+00
  0.00000000e+00  0.00000000e+00  0.00000000e+00  0.00000000e+00
  0.00000000e+00  0.00000000e+00  0.00000000e+00  0.00000000e+00
  0.00000000e+00  0.00000000e+00  0.00000000e+00  0.00000000e+00
  0.00000000e+00  0.00000000e+00  1.45000000e+01  1.00000000e+02
  7.45836676e-01 -1.64350489e-02  1.00000000e+00]",24,randomly,-1.0,-1.0,0.5845676566933368,-1.0,0.662,No collision,"[0, 0.660811, 0, 0, 0, 0, 0.662453, 0, 0, 0, 0, 0]",False
5,"[ 3.47899536e+02 -7.55461264e+00 -6.85320129e+01  0.00000000e+00
  0.00000000e+00  1.00000000e+00  1.40000000e+01 -1.00000000e+00
  1.18354537e-01  1.42959442e+01  3.57844757e+02  1.04612941e-01
  1.34902662e+00  6.04343268e+00  8.50954861e+00  1.00002498e+01
  1.27687942e+01  3.27127753e+02  0.00000000e+00  0.00000000e+00
  1.53591241e+00  1.58284929e+00  5.18388465e+00  8.81918654e-01
  0.00000000e+00  0.00000000e+00  1.00000000e+00  0.00000000e+00
  0.00000000e+00  0.00000000e+00  0.00000000e+00  0.00000000e+00
  0.00000000e+00  0.00000000e+00  0.00000000e+00  0.00000000e+00
  0.00000000e+00  0.00000000e+00  2.06609995e+01  1.00000000e+02
  7.66301544e-01 -1.38360209e-02  1.00000000e+00]",9,by model,-1.0,0.2928773874138943,-1.0,-1.0,0.004,No collision,"[0, 0, 0, 0, 0, 0, 0, 0, 0.004322, 0, 0, 0]",False
5,"[ 3.47955566e+02 -7.55602694e+00 -6.84380798e+01  0.00000000e+00
  0.00000000e+00  1.00000000e+00  1.40000000e+01 -1.00000000e+00
  1.30960733e-01  1.42807684e+01  3.57832336e+02  4.78983963e-03
  1.34790226e+00  6.04353176e+00  8.48777199e+00  4.76837158e-05
  1.77910354e+01  3.41875218e+02  0.00000000e+00  0.00000000e+00
  2.17359773e+00  2.81489110e+00  3.57404000e+00  2.77236067e+00
  0.00000000e+00  0.00000000e+00  0.00000000e+00  0.00000000e+00
  0.00000000e+00  0.00000000e+00  0.00000000e+00  0.00000000e+00
  0.00000000e+00  0.00000000e+00  0.00000000e+00  0.00000000e+00
  0.00000000e+00  0.00000000e+00  1.45000000e+01  1.00000000e+02
  7.77711807e-01 -1.18611607e-03  1.00000000e+00]",19,by model,-1.0,-1.0,-1.0,-1.0,0.0,No collision,"[0, 0, 0, 0, 0, 0, 0, 0, 0, 0, 0, 0]",False
5,"[ 3.47984131e+02 -7.55703926e+00 -6.84301758e+01  0.00000000e+00
  0.00000000e+00  1.00000000e+00  1.40000000e+01 -1.00000000e+00
  1.27920300e-01  1.42738199e+01  3.57829895e+02  1.55101552e-04
  1.34792763e+00  6.04395585e+00  8.34290061e+00  4.76837158e-05
  1.80844282e+01  3.54729126e+02  0.00000000e+00  0.00000000e+00
  2.04866127e+00  6.28019202e+00  1.47238256e+00  1.40120923e+00
  0.00000000e+00  0.00000000e+00  1.00000000e+00  0.00000000e+00
  0.00000000e+00  0.00000000e+00  0.00000000e+00  0.00000000e+00
  0.00000000e+00  0.00000000e+00  0.00000000e+00  0.00000000e+00
  0.00000000e+00  0.00000000e+00  1.45000000e+01  1.00000000e+02
  7.77711807e-01 -1.17494497e-03  1.00000000e+00]",19,by model,-1.0,-1.0,-1.0,-1.0,0.385,No collision,"[0, 0, 0, 0, 0.373531, 0.379214, 0.379601, 0.379631, 0.379186, 0.380635, 0.385298, 0.385268]",False
5,"[ 3.48006378e+02 -7.55783415e+00 -6.84257965e+01  0.00000000e+00
  0.00000000e+00  1.00000000e+00  1.40000000e+01  1.00000000e+00
  1.27970472e-01  1.42649517e+01  3.57828033e+02  1.58294609e-04
  1.34791428e+00  6.04413987e+00  8.19266995e+00  0.00000000e+00
  1.85184116e+01  3.54750123e+02  0.00000000e+00  0.00000000e+00
  5.08406479e+01  8.16372228e+00  5.49939290e+01  1.12835324e+01
  0.00000000e+00  0.00000000e+00  0.00000000e+00  0.00000000e+00
  0.00000000e+00  0.00000000e+00  0.00000000e+00  0.00000000e+00
  0.00000000e+00  0.00000000e+00  0.00000000e+00  0.00000000e+00
  0.00000000e+00  1.57000000e+01  0.00000000e+00  1.00000000e+02
  7.77711807e-01  1.17021313e-04  1.00000000e+00]",19,by model,-1.0,-1.0,-1.0,-1.0,0.394,No collision,"[0.385275, 0.38547, 0.390761, 0.390938, 0.390733, 0.390579, 0.390753, 0.390696, 0.390657, 0.390961, 0.390829, 0.393572]",False
5,"[ 3.48023010e+02 -7.55841494e+00 -6.84213181e+01  0.00000000e+00
  0.00000000e+00  1.00000000e+00  1.40000000e+01  1.00000000e+00
  1.29032061e-01  1.42635183e+01  3.57828064e+02  4.84920096e-03
  1.34791391e+00  6.04409319e+00  8.08312032e+00  4.03435618e-01
  1.83828525e+01  3.54765587e+02  0.00000000e+00  0.00000000e+00
  5.09442729e+00  6.30014248e+00  2.43646373e+00  2.04646912e+00
  0.00000000e+00  0.00000000e+00  1.00000000e+00  0.00000000e+00
  0.00000000e+00  0.00000000e+00  0.00000000e+00  0.00000000e+00
  0.00000000e+00  0.00000000e+00  0.00000000e+00  0.00000000e+00
  0.00000000e+00  0.00000000e+00  1.45000000e+01  1.00000000e+02
  7.77711807e-01 -2.73096288e-03  1.00000000e+00]",19,by model,-1.0,-1.0,-1.0,-1.0,0.403,No collision,"[0.396655, 0.396723, 0.396826, 0.396748, 0.396741, 0, 0.397417, 0.40247, 0.40284, 0.402432, 0.402608, 0.402624]",False
5,"[ 3.48034882e+02 -7.55886030e+00 -6.84220657e+01  0.00000000e+00
  0.00000000e+00  1.00000000e+00  1.40000000e+01  0.00000000e+00
  1.28433630e-01  1.42626238e+01  3.57826080e+02  1.61389324e-04
  1.34792910e+00  6.04414255e+00  7.96340698e+00  0.00000000e+00
  1.78690882e+01  3.54777387e+02  0.00000000e+00  0.00000000e+00
  1.40161062e+01  6.20298175e+00  2.97353446e+00  3.19177164e+00
  0.00000000e+00  0.00000000e+00  1.00000000e+00  0.00000000e+00
  0.00000000e+00  0.00000000e+00  0.00000000e+00  0.00000000e+00
  0.00000000e+00  0.00000000e+00  0.00000000e+00  0.00000000e+00
  0.00000000e+00  0.00000000e+00  1.45000000e+01  1.00000000e+02
  7.77711807e-01 -1.45201834e-03  1.00000000e+00]",19,by model,-1.0,-1.0,-1.0,-1.0,0.408,No collision,"[0.402722, 0.402611, 0.402607, 0.402768, 0.40239, 0.402311, 0.408188, 0.408471, 0.408428, 0.408289, 0.408318, 0.408259]",True
