Episode,State,Action,Choosing_Type,Collision_Probability,Collision_uid,Collision_Probability_Per_Step,Sudden Appearance,Overlapping,Repeated Collision,Unreal Pedes Col,Done
0,"[-6.87045059e+01  1.02043037e+01 -1.16816162e+02  0.00000000e+00
  1.90000000e+01 -1.00000000e+00  3.59915527e+02  2.23169006e+02
  3.59931915e+02  5.57205464e+00  0.00000000e+00  1.00000000e+02
  1.00000000e+02  1.34916961e+00 -7.53127818e-01  0.00000000e+00
  0.00000000e+00  0.00000000e+00  0.00000000e+00  3.38779846e+01
  0.00000000e+00  1.00000000e+02 -3.16595527e-01  1.47445717e+00]",14,by model,1,0f47f605-621b-4b1b-bbf5-c257a8a4db23,"[0, 0, 0, 0, 0, 0, 0, 0, 0.2736, 0.558198, 1, 0.440474]",False,False,False,False,False
0,"[-9.18531265e+01  1.02028456e+01 -1.41613144e+02  0.00000000e+00
  1.90000000e+01 -1.00000000e+00  3.59937317e+02  2.21324753e+02
  4.35837060e-01  2.06631087e-02  1.00000000e+00  2.79763723e+00
  0.00000000e+00  1.34905594e+00 -7.23226553e-01  0.00000000e+00
  0.00000000e+00  0.00000000e+00  0.00000000e+00  6.72192366e+01
  0.00000000e+00  1.00000000e+02 -8.78043057e-01  9.49621775e-01]",23,by model,0.719564,No collision,"[0.517352, 0.719564, 0.630622, 0.493352, 0.374759, 0, 0, 0, 0, 0, 0, 0]",False,False,False,False,False
0,"[-1.11348175e+02  1.02043152e+01 -1.57112915e+02  0.00000000e+00
  1.90000000e+01 -1.00000000e+00  8.15316588e-02  2.58978180e+02
  3.99719685e-01  3.37117285e+00  2.00000000e+00  2.29024245e+01
  0.00000000e+00  1.34815495e+00 -1.38024525e+00  1.00000000e+02
  1.00000000e+01  1.00000000e+02  2.00000000e+01  0.00000000e+00
  1.45000000e+01  1.00000000e+02 -5.21016566e+01 -3.77488992e-01]",6,by model,0.0,No collision,"[0, 0, 0, 0, 0, 0, 0, 0, 0, 0, 0, 0]",False,False,False,False,False
0,"[-1.36904984e+02  1.02033834e+01 -1.38019958e+02  1.00000000e+01
  1.90000000e+01  1.00000000e+00  3.59933624e+02  3.14237549e+02
  3.21488082e-02  8.90545360e+00  2.00000000e+00  4.61242597e+01
  0.00000000e+00  1.34905343e+00  7.98563087e-01  0.00000000e+00
  0.00000000e+00  0.00000000e+00  0.00000000e+00  1.98271864e+01
  0.00000000e+00  1.00000000e+02 -6.55513006e-01  1.77317335e+00]",21,by model,1,SUV(Clone)6ae59e00-6578-434c-907f-9fbe001e4099,"[0, 0.196014, 0.42568, 0.543055, 1, 0.204827, 0.201876, 0.202657, 0.204015, 0.206503, 0.20972, 0.213792]",False,False,False,False,False
0,"[-1.52869217e+02  1.02035408e+01 -1.22782906e+02  1.00000000e+01
  1.90000000e+01  1.00000000e+00  3.59747467e+02  3.11199005e+02
  9.36271399e-02  4.87020283e-02  3.00000000e+00  3.93141623e+00
  1.53775363e-03  1.35018508e+00  8.51309313e-01  7.53790208e-01
  1.89027441e-02  1.53775386e-03  6.19318067e-01  3.38620962e+01
  0.00000000e+00  1.00000000e+02 -2.96790638e+00  2.25689740e-01]",21,by model,0.239533,No collision,"[0.215227, 0.216805, 0.222381, 0.223928, 0.223484, 0.229177, 0.229097, 0.232475, 0.234033, 0.235907, 0.239446, 0.239533]",False,False,False,False,False
0,"[-1.53027832e+02  1.02028341e+01 -1.22716209e+02  1.00000000e+01
  1.90000000e+01  1.00000000e+00  3.59958191e+02  3.11556732e+02
  9.38953459e-03  2.19964730e-03  4.00000000e+00  3.80243345e+00
  3.19729893e-03  1.34891362e+00  8.45452712e-01  1.00000000e+02
  1.00000000e+01  1.00000000e+02  2.00000000e+01  0.00000000e+00
  5.00000000e+01  0.00000000e+00  0.00000000e+00  0.00000000e+00]",43,by model,0.260717,No collision,"[0.239345, 0.245157, 0.244537, 0.247267, 0.248472, 0.25172, 0.257268, 0.257968, 0.257659, 0.258451, 0.25944, 0.260717]",False,False,False,False,False
0,"[-1.53160797e+02  1.02025490e+01 -1.22660431e+02  1.00000000e+01
  1.90000000e+01 -1.00000000e+00  3.59909729e+02  3.11936676e+02
  6.69743717e-02  4.29653867e-03  5.00000000e+00  3.69651510e+00
  3.04130911e-03  1.34920227e+00  8.38555375e-01  1.00000000e+02
  1.00000000e+01  1.00000000e+02  2.00000000e+01  0.00000000e+00
  5.00000000e+01  0.00000000e+00  0.00000000e+00  0.00000000e+00]",43,by model,0.277068,No collision,"[0.260271, 0.260074, 0.263664, 0.263459, 0.263242, 0.263553, 0.264965, 0.271092, 0.273312, 0.275306, 0.2768, 0.277068]",False,False,False,False,False
0,"[-1.53268784e+02  1.02029123e+01 -1.22618607e+02  1.00000000e+01
  1.90000000e+01 -1.00000000e+00  3.59727142e+02  3.12508545e+02
  3.11773121e-01  1.37467228e-02  5.00000000e+00  3.61477690e+00
  9.11594926e-03  1.35031450e+00  8.27464202e-01  1.00000000e+02
  1.00000000e+01  1.00000000e+02  2.00000000e+01  0.00000000e+00
  5.00000000e+01  0.00000000e+00  0.00000000e+00  0.00000000e+00]",0,by model,0.311852,No collision,"[0.276288, 0.278175, 0.278312, 0.278565, 0.278963, 0.278674, 0.279097, 0.291663, 0.311852, 0.310494, 0.309378, 0.310821]",False,False,False,False,False
0,"[-1.53463684e+02  1.02030268e+01 -1.22510330e+02  0.00000000e+00
  1.90000000e+01 -1.00000000e+00  3.59847321e+02  3.12272766e+02
  2.12533340e-01  5.16263672e-02  5.00000000e+00  3.44623941e+00
  1.96604997e-03  1.34957812e+00  8.32028682e-01  8.02093935e-01
  3.12459899e+00  1.96605001e-03  7.92649667e-01  5.12115202e+01
  0.00000000e+00  1.00000000e+02 -1.22308347e+00  2.59143993e-01]",21,by model,0.391596,No collision,"[0.319145, 0.319049, 0.31855, 0.3185, 0.318589, 0.324694, 0.329687, 0.328341, 0.328825, 0.344062, 0.357335, 0.391596]",False,False,False,False,False
0,"[-1.53854141e+02  1.02017097e+01 -1.22237289e+02  0.00000000e+00
  1.90000000e+01 -1.00000000e+00  3.59673950e+02  3.11465363e+02
  1.34575617e+00  5.04060806e-01  6.00000000e+00  3.06753112e+00
  7.08548570e-03  1.35066041e+00  8.40973991e-01  1.00000000e+02
  1.00000000e+01  1.00000000e+02  2.00000000e+01  3.96343809e+01
  0.00000000e+00  1.00000000e+02 -1.56433873e+00  4.36528676e-02]",14,by model,0.479266,No collision,"[0.391137, 0.389506, 0.389283, 0.389359, 0.389408, 0.389514, 0.389494, 0.3895, 0.389671, 0.39122, 0.425392, 0.479266]",False,False,False,False,True
1,"[-6.55758286e+01  1.02043200e+01 -1.14208298e+02  0.00000000e+00
  1.90000000e+01 -1.00000000e+00  3.59947205e+02  2.21500687e+02
  6.77876770e-02  3.15966702e+00  0.00000000e+00  1.00000000e+02
  1.00000000e+02  1.38054974e+00 -7.24591804e-01  0.00000000e+00
  0.00000000e+00  0.00000000e+00  0.00000000e+00  3.45113079e+01
  0.00000000e+00  1.00000000e+02 -9.08692150e+00  1.15815346e+00]",13,by model,0.697926,No collision,"[0, 0, 0, 0, 0, 0, 0, 0, 0, 0.109734, 0.383903, 0.697926]",False,False,False,False,False
1,"[-9.11953506e+01  1.02040634e+01 -1.40925461e+02  0.00000000e+00
  1.90000000e+01 -1.00000000e+00  3.59927002e+02  2.23482956e+02
 -1.31155225e-03  6.10765006e+00  1.00000000e+00  3.38768995e+00
  0.00000000e+00  1.34909670e+00 -7.58914876e-01  0.00000000e+00
  0.00000000e+00  0.00000000e+00  0.00000000e+00  0.00000000e+00
  3.92058280e+01  1.00000000e+02 -1.89025316e-01 -9.42776819e-01]",5,randomly,1,b332d086-832f-4f42-b2a9-1ae1f9562702,"[1, 1, 0.599993, 0.745535, 1, 1, 1, 0.700457, 1, 0.775875, 0.730966, 0.716747]",False,False,False,True,False
1,"[-9.71443481e+01  1.03790331e+01 -1.38487152e+02  5.00000000e+00
  1.90000000e+01 -1.00000000e+00  3.89840913e+00  2.17977768e+02
  3.46816559e+02  1.89173878e-02  1.00000000e+00  1.42659881e+00
  0.00000000e+00  1.32466043e+00 -6.02195983e-01  0.00000000e+00
  0.00000000e+00  0.00000000e+00  0.00000000e+00  9.77858473e+01
  0.00000000e+00  1.00000000e+02  2.98523244e+01  2.73589827e+00]",34,by model,0.716684,No collision,"[0.716459, 0.716647, 0.71644, 0.716684, 0.716673, 0.716555, 0.716537, 0.716636, 0.716648, 0.716405, 0.716435, 0.716655]",False,False,False,False,False
1,"[-9.71448746e+01  1.03792439e+01 -1.38486755e+02  5.00000000e+00
  1.90000000e+01  1.00000000e+00  3.91058898e+00  2.17956192e+02
  3.46847473e+02  3.74296944e-02  2.00000000e+00  1.42711805e+00
  0.00000000e+00  1.32455440e+00 -6.01957467e-01  1.00000000e+02
  1.00000000e+01  1.00000000e+02  2.00000000e+01  9.96677486e+01
  0.00000000e+00  1.00000000e+02  1.03067042e+00  2.96087130e+00]",34,by model,0.716763,No collision,"[0.71646, 0.716682, 0.716664, 0.716562, 0.716563, 0.716508, 0.716673, 0.716763, 0.716642, 0.716605, 0.716615, 0.71637]",False,False,False,False,False
1,"[-9.71456909e+01  1.03808270e+01 -1.38485229e+02  5.00000000e+00
  1.90000000e+01  1.00000000e+00  3.99526978e+00  2.17891281e+02
  3.46877655e+02  9.41860819e-02  3.00000000e+00  1.42895941e+00
  0.00000000e+00  1.32389700e+00 -6.00928594e-01  1.00000000e+02
  1.00000000e+01  1.00000000e+02  2.00000000e+01  9.97413528e+01
  0.00000000e+00  1.00000000e+02  8.23812483e-01  3.10737174e+00]",17,randomly,0.716506,No collision,"[0.716455, 0.716506, 0.716404, 0.716359, 0.71648, 0.716426, 0.716432, 0.716496, 0.716348, 0.716503, 0.716465, 0.71639]",False,False,False,False,False
1,"[-9.71456299e+01  1.03812046e+01 -1.38485550e+02  5.00000000e+00
  1.90000000e+01  1.00000000e+00  4.00397635e+00  2.17905289e+02
  3.46879150e+02  4.35718847e-02  4.00000000e+00  1.42868152e+00
  0.00000000e+00  1.32384198e+00 -6.01173702e-01  1.00000000e+02
  1.00000000e+01  1.00000000e+02  2.00000000e+01  9.73658444e+01
  0.00000000e+00  1.00000000e+02  1.03637369e+00  2.77943433e+00]",34,by model,0.716697,No collision,"[0.716526, 0.716555, 0.716422, 0.716416, 0.71656, 0.716558, 0.716513, 0.716697, 0.716435, 0.71653, 0.716478, 0.716558]",False,False,False,False,False
1,"[-9.71451111e+01  1.03801355e+01 -1.38486328e+02  5.00000000e+00
  1.90000000e+01 -1.00000000e+00  3.94963813e+00  2.17939987e+02
  3.46856659e+02  2.77726379e-02  5.00000000e+00  1.42768922e+00
  0.00000000e+00  1.32426183e+00 -6.01696874e-01  1.00000000e+02
  1.00000000e+01  1.00000000e+02  2.00000000e+01  9.99000626e+01
  0.00000000e+00  1.00000000e+02  1.06869010e+00  3.29429114e+00]",34,by model,0.7167,No collision,"[0.716623, 0.716604, 0.716454, 0.716535, 0.716576, 0.716316, 0.716551, 0.7167, 0.716479, 0.716535, 0.716629, 0.716377]",False,False,False,False,False
1,"[-9.71456070e+01  1.03809710e+01 -1.38485291e+02  5.00000000e+00
  1.90000000e+01 -1.00000000e+00  4.00405836e+00  2.17893753e+02
  3.46879333e+02  8.85921821e-02  6.00000000e+00  1.42890025e+00
  0.00000000e+00  1.32383011e+00 -6.00977199e-01  1.00000000e+02
  1.00000000e+01  1.00000000e+02  2.00000000e+01  9.97668626e+01
  0.00000000e+00  1.00000000e+02  8.58885487e-01  3.29999998e+00]",34,by model,0.716707,No collision,"[0.716621, 0.716707, 0.716581, 0.716349, 0.71652, 0.716559, 0.71663, 0.716535, 0.716488, 0.716437, 0.716476, 0.716452]",False,False,False,False,False
1,"[-9.71449890e+01  1.03813038e+01 -1.38485657e+02  5.00000000e+00
  1.90000000e+01 -1.00000000e+00  4.00704384e+00  2.17925827e+02
  3.46848633e+02  6.21845033e-02  7.00000000e+00  1.42845743e+00
  0.00000000e+00  1.32382478e+00 -6.01399269e-01  1.00000000e+02
  1.00000000e+01  1.00000000e+02  2.00000000e+01  6.38680323e+01
  0.00000000e+00  1.00000000e+02  1.01547468e+00  1.34719671e+00]",34,by model,0.716771,No collision,"[0.716424, 0.716771, 0.716589, 0.716486, 0.716756, 0.716357, 0.716374, 0.716518, 0.716503, 0.716705, 0.716377, 0.716462]",False,False,False,False,False
1,"[-9.71453629e+01  1.03808384e+01 -1.38485886e+02  5.00000000e+00
  1.90000000e+01 -1.00000000e+00  3.98330402e+00  2.17922104e+02
  3.46869019e+02  3.23319560e-02  8.00000000e+00  1.42825595e+00
  0.00000000e+00  1.32399882e+00 -6.01427876e-01  1.00000000e+02
  1.00000000e+01  1.00000000e+02  2.00000000e+01  8.76635142e+01
  0.00000000e+00  1.00000000e+02  1.09203779e+00  1.93512346e+00]",28,randomly,0.716762,No collision,"[0.716416, 0.716601, 0.716459, 0.71656, 0.716579, 0.716705, 0.716628, 0.71666, 0.7166, 0.716333, 0.716608, 0.716762]",False,False,False,False,True
2,"[-6.82840347e+01  1.02042789e+01 -1.14471588e+02  0.00000000e+00
  1.90000000e+01 -1.00000000e+00  1.96619462e-02  2.31901047e+02
  6.62346929e-02  3.80677730e+00  0.00000000e+00  1.00000000e+02
  1.00000000e+02  1.38659146e+00 -9.06127523e-01  0.00000000e+00
  0.00000000e+00  0.00000000e+00  0.00000000e+00  1.57000000e+01
  0.00000000e+00  1.00000000e+02  1.25134004e+00  2.44621354e-01]",7,randomly,0.0,No collision,"[0, 0, 0, 0, 0, 0, 0, 0, 0, 0, 0, 0]",False,False,False,False,False
2,"[-9.26666260e+01  1.02039070e+01 -1.39210892e+02  2.00000003e-01
  1.90000000e+01 -1.00000000e+00  3.59973663e+02  2.20962173e+02
  3.90923955e-03  6.79389895e+00  0.00000000e+00  1.00000000e+02
  1.00000000e+02  1.34880834e+00 -7.14945592e-01  0.00000000e+00
  0.00000000e+00  0.00000000e+00  0.00000000e+00  1.57000000e+01
  0.00000000e+00  1.00000000e+02 -2.03950530e-02  7.05445284e-01]",13,by model,0.0,No collision,"[0, 0, 0, 0, 0, 0, 0, 0, 0, 0, 0, 0]",False,False,False,False,False
2,"[-1.16839218e+02  1.02043056e+01 -1.54425461e+02  2.00000003e-01
  1.90000000e+01 -1.00000000e+00  3.59976166e+02  2.94601868e+02
  1.33665681e-01  3.27970215e+00  1.00000000e+00  2.99662891e+01
  0.00000000e+00  1.38149403e+00  1.14088720e+00  0.00000000e+00
  0.00000000e+00  0.00000000e+00  0.00000000e+00  2.11186164e+01
  0.00000000e+00  1.00000000e+02 -2.07438717e+01  6.18033265e-01]",21,by model,0.0,No collision,"[0, 0, 0, 0, 0, 0, 0, 0, 0, 0, 0, 0]",False,False,False,False,False
2,"[-1.35623901e+02  1.02041197e+01 -1.39269745e+02  2.00000003e-01
  1.90000000e+01  1.00000000e+00  3.59914825e+02  3.12925415e+02
  3.07570528e-02  6.02365293e+00  2.00000000e+00  4.13543060e+01
  9.99997966e+00  1.34917736e+00  8.21465194e-01  1.00000000e+02
  1.00000000e+01  1.00000000e+02  2.00000000e+01  3.98530964e+01
  0.00000000e+00  1.00000000e+02 -1.17826962e+00  2.01059817e+00]",14,by model,1,03a1fda8-9dad-442d-b8b5-1d277e011617,"[0, 0, 0, 0, 0, 0.251319, 0.498457, 0.718155, 1, 1, 1, 0.564993]",False,False,False,False,False
2,"[-1.63765625e+02  1.02019501e+01 -1.14090027e+02  2.00000003e-01
  1.90000000e+01 -1.00000000e+00  2.23390326e-01  2.74932037e+02
  2.23679090e+00  1.19714591e+00  3.00000000e+00  2.26550510e+00
  0.00000000e+00  1.34733451e+00  1.47451964e+00  1.00000000e+02
  1.00000000e+01  1.00000000e+02  2.00000000e+01  0.00000000e+00
  5.00000000e+01  0.00000000e+00  0.00000000e+00  0.00000000e+00]",18,randomly,1,03a1fda8-9dad-442d-b8b5-1d277e011617,"[1, 0.513274, 0.467713, 0.418144, 0.352014, 0.274509, 0.189381, 0.097161, 0.002616, 0, 0, 0]",False,False,True,True,False
3,"[-6.53921814e+01  1.02043056e+01 -1.12989761e+02  0.00000000e+00
  1.90000000e+01 -1.00000000e+00  3.59856201e+02  2.23964020e+02
 -7.93154875e-04  3.32023504e+00  0.00000000e+00  1.00000000e+02
  1.00000000e+02  1.38272915e+00 -7.67309556e-01  0.00000000e+00
  0.00000000e+00  0.00000000e+00  0.00000000e+00  2.87638182e+01
  0.00000000e+00  1.00000000e+02  1.19103922e-01  1.13462303e+00]",13,by model,0.857491,No collision,"[0, 0, 0, 0, 0, 0, 0, 0.009117, 0.229822, 0.477167, 0.742096, 0.857491]",False,False,False,False,False
3,"[-9.29614029e+01  1.02036705e+01 -1.42496719e+02  0.00000000e+00
  1.90000000e+01 -1.00000000e+00  3.59963013e+02  2.22687317e+02
  2.09393539e-02  8.13286306e+00  1.00000000e+00  2.28313707e+00
  0.00000000e+00  1.34887558e+00 -7.45128546e-01  0.00000000e+00
  0.00000000e+00  0.00000000e+00  0.00000000e+00  2.02982602e+01
  0.00000000e+00  1.00000000e+02 -7.74736674e-01  5.33669866e-01]",43,by model,0.642634,No collision,"[0.642634, 0.390928, 0.054953, 0, 0, 0, 0, 0, 0, 0, 0, 0]",False,False,False,False,False
3,"[-1.18141304e+02  1.02041855e+01 -1.54677368e+02  0.00000000e+00
  1.90000000e+01 -1.00000000e+00  3.59944489e+02  3.00739349e+02
  2.44982213e-01  3.90688186e+00  2.00000000e+00  2.71017590e+01
  0.00000000e+00  1.34899437e+00  1.03317605e+00  0.00000000e+00
  0.00000000e+00  0.00000000e+00  0.00000000e+00  2.83231859e+01
  0.00000000e+00  1.00000000e+02 -1.99659798e+01  1.10395805e+00]",21,by model,0.0,No collision,"[0, 0, 0, 0, 0, 0, 0, 0, 0, 0, 0, 0]",False,False,False,False,False
3,"[-1.36255676e+02  1.02040567e+01 -1.38648575e+02  0.00000000e+00
  1.90000000e+01  1.00000000e+00  3.59909515e+02  3.13845245e+02
  2.03117579e-02  6.19813306e+00  3.00000000e+00  4.02313436e+01
  0.00000000e+00  1.34920792e+00  8.05455944e-01  1.00000000e+02
  1.00000000e+01  1.00000000e+02  2.00000000e+01  1.74588443e+01
  0.00000000e+00  1.00000000e+02 -6.89164634e-01  2.19132797e+00]",21,by model,1,Hatchback(Clone)088d0819-7b7c-400d-b88d-8624f705f041,"[0, 0, 0.165602, 0.228186, 0.082241, 0.462365, 1, 0, 0, 0, 0.017313, 0.025323]",False,False,False,False,False
3,"[-1.55069275e+02  1.02044878e+01 -1.20296310e+02  0.00000000e+00
  1.90000000e+01  1.00000000e+00  2.05825344e-02  3.14122437e+02
 -4.44562556e-06  2.32290270e-04  4.00000000e+00  4.87340501e+00
  0.00000000e+00  1.34852829e+00  8.00716703e-01  3.89888457e+01
  3.20156814e+00  2.01224672e-01  9.48901129e+00  1.57000000e+01
  0.00000000e+00  1.00000000e+02  1.17113029e-03  5.74092359e-02]",22,by model,0.049443,No collision,"[0.031518, 0.034101, 0.035633, 0.037487, 0.041066, 0.043873, 0.044727, 0.045955, 0.048041, 0.048889, 0.049167, 0.049443]",False,False,False,False,False
3,"[-1.55156143e+02  1.02044849e+01 -1.20212166e+02  0.00000000e+00
  1.90000000e+01  1.00000000e+00  4.69707244e-04  3.14123108e+02
  5.44261093e-05  1.25256891e-05  5.00000000e+00  4.75280455e+00
  0.00000000e+00  1.34865211e+00  8.00703297e-01  1.00000000e+02
  1.00000000e+01  1.00000000e+02  2.00000000e+01  1.57000000e+01
  0.00000000e+00  1.00000000e+02  8.83746357e-04  2.02275262e-04]",22,by model,0.049871,No collision,"[0.049871, 0.049871, 0.04987, 0.04987, 0.04987, 0.04987, 0.04987, 0.04987, 0.04987, 0.04987, 0.04987, 0.04987]",False,False,False,False,False
3,"[-1.55157700e+02  1.02044840e+01 -1.20210686e+02  0.00000000e+00
  1.90000000e+01 -1.00000000e+00  2.51606125e-05  3.14126953e+02
  9.98015184e-06  3.39971516e-05  6.00000000e+00  4.75067048e+00
  0.00000000e+00  1.34865079e+00  8.00639299e-01  1.00000000e+02
  1.00000000e+01  1.00000000e+02  2.00000000e+01  0.00000000e+00
  1.45000000e+01  1.00000000e+02  8.83746357e-04 -7.22685803e-04]",22,by model,0.04987,No collision,"[0.04987, 0.04987, 0.04987, 0.04987, 0.04987, 0.04987, 0.04987, 0.04987, 0.04987, 0.04987, 0.04987, 0.04987]",False,False,False,False,False
3,"[-1.55157700e+02  1.02044840e+01 -1.20210686e+02  0.00000000e+00
  1.90000000e+01 -1.00000000e+00  2.19432513e-05  3.14126953e+02
  5.66332938e-06  8.48804233e-06  7.00000000e+00  4.75067048e+00
  0.00000000e+00  1.34865079e+00  8.00639299e-01  1.00000000e+02
  1.00000000e+01  1.00000000e+02  2.00000000e+01  0.00000000e+00
  1.45000000e+01  1.00000000e+02  8.83746357e-04 -7.80313747e-04]",22,by model,0.04987,No collision,"[0.04987, 0.04987, 0.04987, 0.04987, 0.04987, 0.04987, 0.04987, 0.04987, 0.04987, 0.04987, 0.04987, 0.04987]",False,False,False,False,False
3,"[-1.55157700e+02  1.02044840e+01 -1.20210686e+02  0.00000000e+00
  1.90000000e+01 -1.00000000e+00  2.10322069e-05  3.14126953e+02
  5.70120210e-06  1.54795826e-05  8.00000000e+00  4.75067048e+00
  0.00000000e+00  1.34865079e+00  8.00639299e-01  1.00000000e+02
  1.00000000e+01  1.00000000e+02  2.00000000e+01  0.00000000e+00
  1.45000000e+01  1.00000000e+02  8.83746357e-04 -8.67461339e-04]",22,by model,0.04987,No collision,"[0.04987, 0.04987, 0.04987, 0.04987, 0.04987, 0.04987, 0.04987, 0.04987, 0.04987, 0.04987, 0.04987, 0.04987]",False,False,False,False,False
3,"[-1.55157700e+02  1.02044830e+01 -1.20210686e+02  0.00000000e+00
  1.90000000e+01 -1.00000000e+00  1.75692512e-05  3.14126953e+02
  2.99479689e-06  2.84041345e-05  9.00000000e+00  4.75067048e+00
  0.00000000e+00  1.34865079e+00  8.00639299e-01  1.00000000e+02
  1.00000000e+01  1.00000000e+02  2.00000000e+01  0.00000000e+00
  1.45000000e+01  1.00000000e+02  8.83746357e-04 -9.42673788e-04]",22,by model,1,Hatchback(Clone)088d0819-7b7c-400d-b88d-8624f705f041,"[0.04987, 0.04987, 0.04987, 0.04987, 0.04987, 0.060333, 1, 0.087002, 0.086546, 0.086494, 0.086526, 0.086528]",False,False,True,False,True
4,"[-6.59057236e+01  1.02042646e+01 -1.14585175e+02  0.00000000e+00
  1.90000000e+01 -1.00000000e+00  3.59893555e+02  2.22439148e+02
  8.91557708e-02  3.57224423e+00  0.00000000e+00  1.00000000e+02
  1.00000000e+02  1.34929948e+00 -7.41107392e-01  0.00000000e+00
  0.00000000e+00  0.00000000e+00  0.00000000e+00  2.19680111e+01
  0.00000000e+00  1.00000000e+02 -7.06421191e+00  6.68240612e-01]",13,by model,0.876962,No collision,"[0, 0, 0, 0, 0, 0, 0, 0, 0.051456, 0.343644, 0.643009, 0.876962]",False,False,False,False,False
4,"[-9.28668137e+01  1.02035885e+01 -1.42681564e+02  0.00000000e+00
  1.90000000e+01 -1.00000000e+00  3.59963837e+02  2.23542877e+02
  1.06012896e-02  8.29566681e+00  1.00000000e+00  2.02621540e+00
  0.00000000e+00  1.34886920e+00 -7.60018640e-01  0.00000000e+00
  0.00000000e+00  0.00000000e+00  0.00000000e+00  1.57000000e+01
  0.00000000e+00  1.00000000e+02 -6.09271304e-01  7.06528854e-01]",43,by model,0.785195,No collision,"[0.785195, 0.543966, 0.233668, 0, 0, 0, 0, 0, 0, 0, 0, 0]",False,False,False,False,False
4,"[-1.17942688e+02  1.02041969e+01 -1.54739548e+02  0.00000000e+00
  1.90000000e+01 -1.00000000e+00  3.59905121e+02  3.00853943e+02
  1.95386842e-01  4.01408760e+00  1.00000000e+00  2.53750903e+01
  0.00000000e+00  1.34922795e+00  1.03140866e+00  0.00000000e+00
  0.00000000e+00  0.00000000e+00  0.00000000e+00  2.83138200e+01
  0.00000000e+00  1.00000000e+02 -1.99057918e+01  1.03371773e+00]",21,by model,0.0,No collision,"[0, 0, 0, 0, 0, 0, 0, 0, 0, 0, 0, 0]",False,False,False,False,False
4,"[-1.35296051e+02  1.02040825e+01 -1.39347580e+02  0.00000000e+00
  1.90000000e+01  1.00000000e+00  3.59933777e+02  3.13848938e+02
  1.86589584e-02  6.38173080e+00  2.00000000e+00  3.81518534e+01
  0.00000000e+00  1.34906617e+00  8.05402053e-01  1.00000000e+02
  1.00000000e+01  1.00000000e+02  2.00000000e+01  3.19232999e+01
  0.00000000e+00  1.00000000e+02 -6.70096499e-01  1.44027500e+00]",21,by model,1,Jeep(Clone)d0297756-c497-4024-95f0-dfe7ac91f4bd,"[0, 0, 0.148355, 0.224971, 0, 0.477001, 1, 0.118446, 0.117327, 0.116844, 0.116514, 0.116598]",False,False,False,False,False
4,"[-1.55290146e+02  1.02050991e+01 -1.19909767e+02  0.00000000e+00
  1.90000000e+01  1.00000000e+00  3.59776672e+02  3.13707977e+02
  2.92762984e-02  1.07914139e-03  3.00000000e+00  4.41711567e+00
  1.52587891e-03  1.35000926e+00  8.07810270e-01  4.13030842e+01
  7.45685140e-02  5.95874821e-03  3.95925133e+00  3.56208633e+01
  0.00000000e+00  1.00000000e+02 -3.41661596e-02  2.97415405e-01]",21,by model,0.11818,No collision,"[0.116655, 0.116725, 0.116778, 0.117559, 0.11818, 0.118141, 0.117609, 0.117301, 0.117349, 0.117394, 0.117452, 0.117498]",False,False,False,False,False
4,"[-1.55290054e+02  1.02035160e+01 -1.19904091e+02  0.00000000e+00
  1.90000000e+01  1.00000000e+00  3.59888000e+02  3.13558197e+02
  2.60539278e-02  6.79490850e-04  4.00000000e+00  4.41259468e+00
  6.67572021e-04  1.34933817e+00  8.10444916e-01  3.32719125e+01
  7.12991835e-02  0.00000000e+00  3.97561182e+00  3.56541261e+01
  0.00000000e+00  1.00000000e+02 -3.41661596e-02  2.97835737e-01]",21,by model,0.117971,No collision,"[0.117539, 0.117583, 0.117613, 0.117661, 0.117709, 0.117733, 0.117796, 0.117831, 0.117867, 0.117898, 0.11793, 0.117971]",False,False,False,False,False
4,"[-1.55290024e+02  1.02025890e+01 -1.19901611e+02  0.00000000e+00
  1.90000000e+01 -1.00000000e+00  3.59958038e+02  3.13533936e+02
  1.18291331e-02  1.06478290e-03  5.00000000e+00  4.41021865e+00
  8.14819693e-04  1.34890678e+00  8.10929006e-01  2.22131172e+01
  9.60440335e-02  7.62939570e-04  1.11915198e+01  3.53294083e+01
  0.00000000e+00  1.00000000e+02 -3.41661596e-02  2.93923151e-01]",21,by model,0.119374,No collision,"[0.118012, 0.118042, 0.118068, 0.118105, 0.118143, 0.118175, 0.118215, 0.118239, 0.118257, 0.119342, 0.119374, 0.118617]",False,False,False,False,False
4,"[-1.55290649e+02  1.02015591e+01 -1.19898331e+02  0.00000000e+00
  1.90000000e+01 -1.00000000e+00  1.58096645e-02  3.13544739e+02
  2.67382376e-02  2.59323622e-03  6.00000000e+00  4.40697476e+00
  8.99694551e-04  1.34855811e+00  8.10675497e-01  1.80979446e+01
  3.67337082e-01  2.76905016e+00  1.11475554e+01  3.57581462e+01
  0.00000000e+00  1.00000000e+02 -3.41661596e-02  2.99089895e-01]",22,by model,0.11994,No collision,"[0.118596, 0.118631, 0.118658, 0.118549, 0.118709, 0.118736, 0.11879, 0.11994, 0.119531, 0.119463, 0.119117, 0.119772]",False,False,False,False,False
4,"[-1.55292358e+02  1.02005482e+01 -1.19892426e+02  0.00000000e+00
  1.90000000e+01 -1.00000000e+00  3.59949768e+02  3.13523621e+02
  3.50430831e-02  2.33829823e-03  7.00000000e+00  4.40118600e+00
  2.17680210e-03  1.34895794e+00  8.11004051e-01  1.00000000e+02
  1.00000000e+01  1.00000000e+02  2.00000000e+01  5.90855719e+01
  0.00000000e+00  1.00000000e+02 -3.41661596e-02  3.78230865e-01]",14,by model,0.120221,No collision,"[0.119874, 0.120169, 0.120019, 0.11978, 0.120221, 0.119828, 0.119512, 0.119524, 0.119531, 0.119548, 0.119559, 0.119575]",False,False,False,False,False
4,"[-1.55289597e+02  1.01998634e+01 -1.19889313e+02  0.00000000e+00
  1.90000000e+01 -1.00000000e+00  1.48492873e-01  3.13476135e+02
  3.74122076e-02  6.09748642e-04  8.00000000e+00  4.40216575e+00
  8.14819693e-04  1.34773484e+00  8.11828138e-01  1.00000000e+02
  1.00000000e+01  1.00000000e+02  2.00000000e+01  3.54803124e+01
  0.00000000e+00  1.00000000e+02 -3.41661596e-02  2.95699374e-01]",22,by model,0.121279,No collision,"[0.119586, 0.119651, 0.120594, 0.120849, 0.120769, 0.12069, 0.121126, 0.12111, 0.120649, 0.120283, 0.121243, 0.121279]",False,False,False,False,True
5,"[-6.58213730e+01  1.02042179e+01 -1.14407829e+02  0.00000000e+00
  1.90000000e+01 -1.00000000e+00  3.59878693e+02  2.20635590e+02
  9.09406841e-02  3.86058570e+00  0.00000000e+00  1.00000000e+02
  1.00000000e+02  1.50326215e+00 -7.09160792e-01  0.00000000e+00
  0.00000000e+00  0.00000000e+00  0.00000000e+00  4.20750035e+01
  0.00000000e+00  1.00000000e+02 -8.13625540e+00  8.43907368e-01]",13,by model,0.870846,No collision,"[0, 0, 0, 0, 0, 0, 0, 0, 0.139712, 0.380545, 0.647493, 0.870846]",False,False,False,False,False
5,"[-9.29846191e+01  1.02038822e+01 -1.42811295e+02  0.00000000e+00
  1.90000000e+01 -1.00000000e+00  3.59983063e+02  2.23827881e+02
  1.23809986e-02  7.20415108e+00  1.00000000e+00  1.76169728e+00
  0.00000000e+00  1.34876974e+00 -7.64985815e-01  0.00000000e+00
  0.00000000e+00  0.00000000e+00  0.00000000e+00  0.00000000e+00
  4.00264731e+01  1.00000000e+02 -6.70551993e-01 -3.16373270e+00]",43,by model,0.709987,No collision,"[0.709987, 0.548425, 0.299343, 0.007987, 0, 0, 0, 0, 0, 0, 0, 0]",False,False,False,False,False
5,"[-1.16117470e+02  1.02043076e+01 -1.55461746e+02  0.00000000e+00
  1.90000000e+01 -1.00000000e+00  3.59981293e+02  2.95325531e+02
  1.93061307e-01  3.14493533e+00  1.00000000e+00  2.44261222e+01
  0.00000000e+00  1.34876894e+00  1.12790633e+00  0.00000000e+00
  0.00000000e+00  0.00000000e+00  0.00000000e+00  6.02783543e+01
  0.00000000e+00  1.00000000e+02 -2.70245626e+01  1.25868015e+00]",41,by model,0.046457,No collision,"[0, 0, 0, 0, 0, 0, 0, 0.046457, 0, 0, 0, 0]",False,False,False,False,False
5,"[-1.50950333e+02  1.02030001e+01 -1.23766518e+02  0.00000000e+00
  1.90000000e+01  1.00000000e+00  3.59985809e+02  3.13809631e+02
  3.59973022e+02  1.02514057e+01  2.00000000e+00  3.27710061e+01
  0.00000000e+00  1.34873468e+00  8.06295134e-01  1.00000000e+02
  1.00000000e+01  1.00000000e+02  2.00000000e+01  0.00000000e+00
  1.73724918e+01  1.00000000e+02  1.67575609e-01 -7.08640177e-02]",30,randomly,0.0,No collision,"[0, 0, 0, 0, 0, 0, 0, 0, 0, 0, 0, 0]",False,False,False,False,False
5,"[-1.82220566e+02  1.02043324e+01 -9.35614929e+01  0.00000000e+00
  1.90000000e+01 -1.00000000e+00  8.49333927e-02  3.14681396e+02
  1.66825217e-03  3.35315539e+00  3.00000000e+00  9.70283075e+01
  0.00000000e+00  1.34813194e+00  7.90956527e-01  0.00000000e+00
  0.00000000e+00  0.00000000e+00  0.00000000e+00  0.00000000e+00
  3.33086648e+01  1.00000000e+02 -1.87887427e-01 -2.26424915e+00]",16,by model,0.0,No collision,"[0, 0, 0, 0, 0, 0, 0, 0, 0, 0, 0, 0]",False,False,False,False,False
5,"[-1.84883118e+02  1.02044849e+01 -9.09192734e+01  0.00000000e+00
  1.90000000e+01 -1.00000000e+00  4.26685328e-05  3.14794434e+02
 -3.29073337e-05  3.68349524e-05  4.00000000e+00  1.00000000e+02
  1.00000000e+02  1.34865390e+00  7.88990290e-01  0.00000000e+00
  0.00000000e+00  0.00000000e+00  0.00000000e+00  0.00000000e+00
  6.99948124e+01  1.00000000e+02 -2.45916696e-01 -3.00000000e+00]",32,randomly,0.0,No collision,"[0, 0, 0, 0, 0, 0, 0, 0, 0, 0, 0, 0]",False,False,False,False,False
5,"[-1.84883118e+02  1.02044849e+01 -9.09192734e+01  0.00000000e+00
  1.90000000e+01 -1.00000000e+00  4.58695577e-05  3.14794434e+02
 -3.07719492e-05  1.68440665e-05  5.00000000e+00  1.00041122e+01
  0.00000000e+00  1.34865390e+00  7.88990290e-01  1.48463674e+01
  2.29780306e-01  0.00000000e+00  1.01057985e+01  0.00000000e+00
  6.99976278e+01  1.00000000e+02 -2.45916696e-01 -3.00000000e+00]",0,randomly,0.0,No collision,"[0, 0, 0, 0, 0, 0, 0, 0, 0, 0, 0, 0]",False,False,False,False,False
5,"[-1.88285339e+02  1.02044201e+01 -8.75323944e+01  0.00000000e+00
  1.90000000e+01  1.00000000e+00  3.59898010e+02  3.14885559e+02
  1.36657356e-04  1.56299088e+00  5.00000000e+00  1.24874984e+01
  1.04475359e+00  1.34927910e+00  7.87401302e-01  1.00000000e+02
  1.00000000e+01  1.00000000e+02  2.00000000e+01  9.32322941e+01
  0.00000000e+00  1.00000000e+02 -8.54145551e-02  2.07114255e+00]",20,by model,0.0,No collision,"[0, 0, 0, 0, 0, 0, 0, 0, 0, 0, 0, 0]",False,False,False,False,False
5,"[-2.13119659e+02  1.02042437e+01 -6.52953644e+01  0.00000000e+00
  1.90000000e+01  1.00000000e+00  4.63864617e-02  2.96946838e+02
  3.59693756e+02  4.04646351e+00  6.00000000e+00  3.28823295e+01
  5.27241579e+00  1.34836402e+00  1.10188029e+00  3.95677541e+00
  3.16883110e-02  5.27241645e+00  1.04582232e+01  0.00000000e+00
  2.09398068e+01  1.00000000e+02  3.18893895e+01 -1.04270300e+00]",32,by model,0.0,No collision,"[0, 0, 0, 0, 0, 0, 0, 0, 0, 0, 0, 0]",False,False,False,False,False
5,"[-2.25377335e+02  1.02042551e+01 -7.72107697e+01  0.00000000e+00
  1.90000000e+01  0.00000000e+00  1.65447090e-02  1.79703888e+02
  3.59851562e+02  3.94914650e+00  7.00000000e+00  1.11373732e+01
  5.58833047e+00  1.34854899e+00  5.83855752e-03  2.24159011e+01
  1.36996081e+00  1.11759321e+01  1.12212796e+01  5.87232938e+01
  0.00000000e+00  1.00000000e+02  1.42192744e+01  1.74619681e+00]",21,by model,0.0,No collision,"[0, 0, 0, 0, 0, 0, 0, 0, 0, 0, 0, 0]",False,False,False,False,False
5,"[-2.21489639e+02  1.02042551e+01 -1.03012741e+02  0.00000000e+00
  1.90000000e+01 -1.00000000e+00  3.59806915e+02  1.70181107e+02
 -3.96845769e-03  5.94196661e+00  8.00000000e+00  2.06957372e+01
  1.11529395e+01  1.34983344e+00  1.71395726e-01  2.07103430e+01
  6.30368397e+00  1.11529412e+01  1.12795411e+01  4.15437752e+01
  0.00000000e+00  1.00000000e+02  7.84977120e-02  2.35049205e+00]",18,by model,0.431805,No collision,"[0.105893, 0.431805, 0.245369, 0.098727, 0.042899, 0.058758, 0.082509, 0.055102, 0.025598, 0, 0, 0]",False,False,False,False,False
5,"[-2.13385590e+02  1.02036076e+01 -1.50851807e+02  0.00000000e+00
  1.90000000e+01 -1.00000000e+00  4.82123494e-02  1.70538269e+02
  2.75686337e-03  7.78969787e+00  9.00000000e+00  6.51367669e+00
  1.00001588e+01  1.34835717e+00  1.65122628e-01  7.86488400e+00
  6.28196775e+00  1.23528349e+00  4.70683700e+00  0.00000000e+00
  2.22395629e+01  1.00000000e+02 -5.97578907e-02 -1.25755725e+00]",5,by model,0.0,No collision,"[0, 0, 0, 0, 0, 0, 0, 0, 0, 0, 0, 0]",False,False,False,False,False
5,"[-2.09154648e+02  1.02044821e+01 -1.76453720e+02  5.00000000e+00
  1.90000000e+01  1.00000000e+00  4.88809757e-02  1.70676819e+02
  1.53354122e-05  1.10473667e+00  9.00000000e+00  3.91351797e+01
  9.99960244e+00  1.34834858e+00  1.62726377e-01  1.00000000e+02
  1.00000000e+01  1.00000000e+02  2.00000000e+01  0.00000000e+00
  1.81047402e+01  1.00000000e+02 -2.59981104e-02 -7.56284413e-01]",40,by model,0.0,No collision,"[0, 0, 0, 0, 0, 0, 0, 0, 0, 0, 0, 0]",False,False,False,False,False
5,"[-2.09046661e+02  1.02044649e+01 -1.77111313e+02  5.00000000e+00
  1.90000000e+01 -1.00000000e+00  3.59982483e+02  1.70662140e+02
  1.54436930e-05  1.80917486e-01  1.00000000e+01  5.06984221e+01
  0.00000000e+00  1.34875921e+00  1.62974479e-01  1.00000000e+02
  1.00000000e+01  1.00000000e+02  2.00000000e+01  0.00000000e+00
  1.45000000e+01  1.00000000e+02 -4.31876020e-02 -1.90850586e-02]",18,by model,0.0,No collision,"[0, 0, 0, 0, 0, 0, 0, 0, 0, 0, 0, 0]",False,False,False,False,False
5,"[-2.08981445e+02  1.02044573e+01 -1.77509308e+02  5.00000000e+00
  1.90000000e+01 -1.00000000e+00  3.59980652e+02  1.70703506e+02
  8.90985393e-05  7.26017061e-03  1.10000000e+01  5.75227489e+01
  9.96467635e+00  1.34876921e+00  1.62251002e-01  1.00000000e+02
  1.00000000e+01  1.00000000e+02  2.00000000e+01  1.57000000e+01
  0.00000000e+00  1.00000000e+02 -2.76358912e-02  4.55770275e-02]",18,by model,0.0,No collision,"[0, 0, 0, 0, 0, 0, 0, 0, 0, 0, 0, 0]",False,False,False,False,False
5,"[-2.08950226e+02  1.02044773e+01 -1.77701172e+02  5.00000000e+00
  1.90000000e+01 -1.00000000e+00  2.24104748e-04  1.70712051e+02
 -3.94883318e-06  3.87202112e-05  1.20000000e+01  5.86783968e+01
  9.99369436e+00  1.34864437e+00  1.62105648e-01  1.00000000e+02
  1.00000000e+01  1.00000000e+02  2.00000000e+01  0.00000000e+00
  1.69363587e+01  1.00000000e+02 -2.94061928e-02 -3.11848527e-03]",40,by model,0.0,No collision,"[0, 0, 0, 0, 0, 0, 0, 0, 0, 0, 0, 0]",False,False,False,False,False
5,"[-2.08950226e+02  1.02044754e+01 -1.77701172e+02  5.00000000e+00
  1.90000000e+01 -1.00000000e+00  4.15774193e-05  1.70712051e+02
 -3.12289158e-05  1.70395653e-05  1.30000000e+01  9.25814580e+01
  1.11271564e+01  1.34864437e+00  1.62105648e-01  2.51466844e+01
  3.01274715e+00  1.11271581e+01  1.81802783e+00  0.00000000e+00
  4.67500692e+01  1.00000000e+02 -2.94061928e-02 -1.26468386e-02]",2,randomly,0.0,No collision,"[0, 0, 0, 0, 0, 0, 0, 0, 0, 0, 0, 0]",False,False,False,False,False
5,"[-2.08950226e+02  1.02044754e+01 -1.77701172e+02  5.05000000e+01
  1.90000000e+01  1.00000000e+00  4.11152105e-05  1.70712051e+02
 -3.16464248e-05  2.10861023e-06  1.30000000e+01  1.00000000e+02
  1.00000000e+02  1.34864437e+00  1.62105648e-01  0.00000000e+00
  0.00000000e+00  0.00000000e+00  0.00000000e+00  0.00000000e+00
  4.70681200e+01  1.00000000e+02 -2.94061928e-02 -2.20436013e-02]",14,by model,0.0,No collision,"[0, 0, 0, 0, 0, 0, 0, 0, 0, 0, 0, 0]",False,False,False,False,False
5,"[-2.08950226e+02  1.02044754e+01 -1.77701172e+02  5.05000000e+01
  1.90000000e+01  1.00000000e+00  3.97998738e-05  1.70712051e+02
 -3.20214058e-05  1.05425720e-05  1.40000000e+01  4.00261553e+01
  0.00000000e+00  1.34864437e+00  1.62105648e-01  0.00000000e+00
  0.00000000e+00  0.00000000e+00  0.00000000e+00  0.00000000e+00
  4.73984121e+01  1.00000000e+02 -2.94061928e-02 -3.20247287e-02]",38,by model,0.0,No collision,"[0, 0, 0, 0, 0, 0, 0, 0, 0, 0, 0, 0]",False,False,False,False,False
5,"[-2.08950226e+02  1.02044754e+01 -1.77701172e+02  5.05000000e+01
  1.90000000e+01  0.00000000e+00  4.22361991e-05  1.70712051e+02
 -2.83914524e-05  2.26722156e-05  1.50000000e+01  4.01909805e+01
  0.00000000e+00  1.34864437e+00  1.62105648e-01  1.00000000e+02
  1.00000000e+01  1.00000000e+02  2.00000000e+01  0.00000000e+00
  4.77456930e+01  1.00000000e+02 -2.94061928e-02 -4.25208450e-02]",44,randomly,0.0,No collision,"[0, 0, 0, 0, 0, 0, 0, 0, 0, 0, 0, 0]",False,False,False,False,True
6,"[ -66.02294922   10.20430946 -112.97898102    0.           19.
   -1.          359.92599487  228.10548401  359.96380615    3.21664085
    0.          100.          100.            1.34910366   -0.83943226
    0.            0.            0.            0.           42.77914314
    0.          100.            5.29053078    1.46818746]",14,by model,1,05bf35ff-8adb-4938-83eb-2ded169ced70,"[0, 0, 0, 0, 0, 0, 0, 0.029267, 0.302336, 0.487987, 0.680337, 1]",False,False,False,False,False
6,"[-9.17062607e+01  1.02007751e+01 -1.40322205e+02  0.00000000e+00
  1.90000000e+01 -1.00000000e+00  3.59980652e+02  2.21497726e+02
  4.82246988e-02  6.89848622e-03  1.00000000e+00  2.75091798e+00
  0.00000000e+00  1.34877241e+00 -7.24491821e-01  0.00000000e+00
  0.00000000e+00  0.00000000e+00  0.00000000e+00  3.50652106e+01
  0.00000000e+00  1.00000000e+02 -1.08259555e+00  2.90329066e-01]",43,by model,0.728327,No collision,"[0.449784, 0.449872, 0.449785, 0.728327, 0.449784, 0.449905, 0.449861, 0.449736, 0.449812, 0.449801, 0.449801, 0.449831]",False,False,False,False,False
6,"[-9.17057953e+01  1.02014170e+01 -1.40322708e+02  0.00000000e+00
  1.90000000e+01 -1.00000000e+00  3.59975067e+02  2.21505478e+02
  2.98246555e-02  8.51766498e-03  2.00000000e+00  2.75085593e+00
  0.00000000e+00  1.34881792e+00 -7.24529944e-01  0.00000000e+00
  0.00000000e+00  0.00000000e+00  0.00000000e+00  3.53840421e+01
  0.00000000e+00  1.00000000e+02 -1.08259555e+00  2.94386859e-01]",5,randomly,0.449896,No collision,"[0.449805, 0.449802, 0.449806, 0.449804, 0.449804, 0.449861, 0.449896, 0.449778, 0.449805, 0.449854, 0.449847, 0.449851]",False,False,False,False,False
6,"[-9.17060318e+01  1.02024584e+01 -1.40322632e+02  5.00000000e+00
  1.90000000e+01  1.00000000e+00  3.59965485e+02  2.21493866e+02
  1.63787100e-02  4.79386462e-04  2.00000000e+00  2.75075143e+00
  0.00000000e+00  1.34885413e+00 -7.24287153e-01  0.00000000e+00
  0.00000000e+00  0.00000000e+00  0.00000000e+00  3.57047629e+01
  0.00000000e+00  1.00000000e+02 -1.08259555e+00  2.98447925e-01]",23,by model,0.449962,No collision,"[0.449904, 0.449959, 0.449885, 0.449794, 0.449893, 0.449911, 0.449793, 0.449845, 0.449851, 0.449922, 0.449856, 0.449962]",False,False,False,False,False
6,"[-9.17062225e+01  1.01999216e+01 -1.40323212e+02  5.00000000e+00
  1.90000000e+01  1.00000000e+00  3.59903870e+02  2.21508179e+02
  2.26677898e-02  3.65512637e-03  3.00000000e+00  2.75019972e+00
  0.00000000e+00  1.34922585e+00 -7.24564390e-01  8.62132243e+01
  2.45715904e+00  9.99978544e+00  3.33416919e+00  3.56444977e+01
  0.00000000e+00  1.00000000e+02 -1.08259555e+00  2.97658792e-01]",21,by model,0.449862,No collision,"[0.449862, 0.44985, 0.449849, 0.44985, 0.449848, 0.449849, 0.449854, 0.449849, 0.449848, 0.449849, 0.449848, 0.449847]",False,False,False,False,True
7,"[-6.80050659e+01  1.02042866e+01 -1.15567177e+02  0.00000000e+00
  1.90000000e+01 -1.00000000e+00  3.59942535e+02  2.23636551e+02
  3.45767885e-02  5.50316785e+00  0.00000000e+00  1.00000000e+02
  1.00000000e+02  1.56559486e+00 -7.61536873e-01  0.00000000e+00
  0.00000000e+00  0.00000000e+00  0.00000000e+00  7.06881892e+01
  0.00000000e+00  1.00000000e+02 -7.62932318e-01  1.41071470e+00]",13,by model,0.731777,No collision,"[0, 0, 0, 0, 0, 0, 0, 0.20452, 0.451868, 0.613731, 0.731777, 0.659373]",False,False,False,False,False
7,"[-9.39515762e+01  1.02044344e+01 -1.43507599e+02  0.00000000e+00
  1.90000000e+01 -1.00000000e+00  1.97070852e-01  2.22704941e+02
  7.32412655e-03  2.58081378e+00  1.00000000e+00  2.08116394e+00
  0.00000000e+00  1.34743692e+00 -7.45374030e-01  0.00000000e+00
  0.00000000e+00  0.00000000e+00  0.00000000e+00  0.00000000e+00
  4.02465799e+01  1.00000000e+02 -1.21976576e+00 -3.02522790e+00]",16,by model,0.476201,No collision,"[0.476201, 0.344114, 0.203773, 0.162335, 0.056167, 0, 0, 0, 0, 0, 0, 0]",False,False,False,False,False
7,"[-1.12610756e+02  1.02042999e+01 -1.57248917e+02  0.00000000e+00
  1.90000000e+01 -1.00000000e+00  5.41118085e-02  2.66418274e+02
  4.54007953e-01  3.23316027e+00  2.00000000e+00  2.29982069e+01
  0.00000000e+00  1.34831819e+00 -1.51034988e+00  1.00000000e+02
  1.00000000e+01  1.00000000e+02  2.00000000e+01  0.00000000e+00
  1.45000000e+01  1.00000000e+02 -5.59614122e+01 -2.39830989e-01]",6,by model,0.0,No collision,"[0, 0, 0, 0, 0, 0, 0, 0, 0, 0, 0, 0]",False,False,False,False,False
7,"[-1.37968597e+02  1.02036209e+01 -1.36929108e+02  1.00000000e+01
  1.90000000e+01  1.00000000e+00  3.59933014e+02  3.14502258e+02
  1.48894088e-02  8.54056666e+00  2.00000000e+00  4.09309292e+01
  0.00000000e+00  1.34906210e+00  7.94011952e-01  0.00000000e+00
  0.00000000e+00  0.00000000e+00  0.00000000e+00  3.60341466e+01
  0.00000000e+00  1.00000000e+02 -4.18422520e-01  1.80158474e+00]",21,by model,1,Hatchback(Clone)0f88e44c-07db-4d6f-acb3-e9d9071a18fc,"[0, 0.190328, 0.413089, 0.516183, 1, 0.073159, 1, 0.083657, 0.083753, 0.083281, 0.083798, 0.084008]",False,False,False,False,False
7,"[-1.53126541e+02  1.02046242e+01 -1.22102943e+02  1.00000000e+01
  1.90000000e+01  1.00000000e+00  3.59739960e+02  3.16977051e+02
  3.24117213e-01  4.81134691e-03  3.00000000e+00  4.57998543e+00
  1.70864800e-03  1.35023654e+00  7.49419407e-01  7.84811766e-01
  6.94117524e-02  1.70864816e-03  6.43903028e-01  4.72387320e+01
  0.00000000e+00  1.00000000e+02  2.94681111e-02  3.60665808e-01]",21,by model,0.084313,No collision,"[0.0842, 0.084313, 0.083852, 0.083755, 0.083848, 0.083912, 0.083977, 0.084062, 0.083939, 0.084217, 0.084122, 0.084127]",False,False,False,False,False
7,"[-1.53139877e+02  1.02035141e+01 -1.22110001e+02  1.00000000e+01
  1.90000000e+01  1.00000000e+00  3.59940491e+02  3.17067474e+02
  5.49601018e-02  5.54554176e-03  4.00000000e+00  4.57938322e+00
  1.29713731e-03  1.34902293e+00  7.49066893e-01  1.00000000e+02
  1.00000000e+01  1.00000000e+02  2.00000000e+01  0.00000000e+00
  5.00000000e+01  0.00000000e+00  0.00000000e+00  0.00000000e+00]",43,by model,0.085298,No collision,"[0.084117, 0.084123, 0.084592, 0.084512, 0.084576, 0.084889, 0.084768, 0.084968, 0.085128, 0.085195, 0.085059, 0.085298]",False,False,False,False,False
7,"[-1.53154327e+02  1.02028484e+01 -1.22113304e+02  1.00000000e+01
  1.90000000e+01 -1.00000000e+00  3.59962646e+02  3.17196716e+02
  2.47732736e-02  2.48122136e-03  5.00000000e+00  4.57352132e+00
  9.53674316e-05  1.34887624e+00  7.46945736e-01  1.00000000e+02
  1.00000000e+01  1.00000000e+02  2.00000000e+01  3.50086197e+01
  0.00000000e+00  1.00000000e+02  2.94681111e-02  2.90052462e-01]",14,by model,0.086789,No collision,"[0.085456, 0.085487, 0.085359, 0.085784, 0.085656, 0.085731, 0.086047, 0.086281, 0.086437, 0.086333, 0.086664, 0.086789]",False,False,False,False,False
7,"[-1.53170929e+02  1.02022038e+01 -1.22116142e+02  1.00000000e+01
  1.90000000e+01 -1.00000000e+00  3.59978271e+02  3.17383667e+02
  1.43190578e-01  3.40839217e-03  6.00000000e+00  4.56606578e+00
  7.62939453e-04  1.34878630e+00  7.43144319e-01  7.75541925e+01
  2.18449307e-01  1.00006244e+01  4.19037453e+00  0.00000000e+00
  5.00000000e+01  0.00000000e+00  0.00000000e+00  0.00000000e+00]",27,randomly,0.286398,No collision,"[0.08672, 0.135816, 0.194957, 0.210368, 0.212046, 0.217107, 0.218283, 0.218162, 0.286398, 0.217678, 0.286036, 0.285786]",False,False,False,False,False
7,"[-1.53187759e+02  1.02014360e+01 -1.22122574e+02  1.00000000e+01
  1.90000000e+01 -1.00000000e+00  1.04249537e-01  3.17513824e+02
  2.13956758e-02  2.17179337e-03  7.00000000e+00  3.91413761e+00
  0.00000000e+00  1.34801128e+00  7.41429581e-01  5.05420255e+00
  1.46729518e-01  0.00000000e+00  4.41617087e+00  4.02195634e+01
  0.00000000e+00  1.00000000e+02  2.94681111e-02  2.80977255e-01]",22,by model,0.28506,No collision,"[0.216742, 0.216441, 0.216041, 0.215698, 0.28506, 0.214949, 0.214611, 0.214294, 0.283926, 0.283749, 0.283523, 0.213021]",False,False,False,False,False
7,"[-1.53208786e+02  1.02009506e+01 -1.22125572e+02  1.00000000e+01
  1.90000000e+01 -1.00000000e+00  4.35572527e-02  3.17718414e+02
  7.91559592e-02  3.40362506e-03  8.00000000e+00  3.93498954e+00
  0.00000000e+00  1.34838382e+00  7.37592785e-01  6.44963937e+00
  2.21393357e-01  9.99930094e+00  4.18992807e+00  0.00000000e+00
  5.00000000e+01  0.00000000e+00  0.00000000e+00  0.00000000e+00]",37,by model,0.282965,No collision,"[0.212671, 0.282965, 0.212089, 0.21158, 0.211224, 0.210914, 0.210505, 0.210156, 0.21001, 0.20959, 0.209265, 0.208731]",False,False,False,False,True
8,"[-6.60021744e+01  1.02042475e+01 -1.14426285e+02  0.00000000e+00
  1.90000000e+01 -1.00000000e+00  3.59864166e+02  2.20123535e+02
  4.58444618e-02  3.94161993e+00  0.00000000e+00  1.00000000e+02
  1.00000000e+02  1.34948139e+00 -7.00497390e-01  0.00000000e+00
  0.00000000e+00  0.00000000e+00  0.00000000e+00  6.43819549e+01
  0.00000000e+00  1.00000000e+02 -4.83494473e+00  1.28211086e+00]",13,by model,0.18217,No collision,"[0, 0, 0, 0, 0, 0, 0, 0, 0.062033, 0.14232, 0.125459, 0.18217]",False,False,False,False,False
8,"[-9.05958023e+01  1.02044840e+01 -1.40320786e+02  0.00000000e+00
  1.90000000e+01 -1.00000000e+00  1.63498983e-01  2.23714951e+02
  4.55243280e-04  2.04092315e+00  1.00000000e+00  4.65533085e+00
  0.00000000e+00  1.34764621e+00 -7.62970778e-01  0.00000000e+00
  0.00000000e+00  0.00000000e+00  0.00000000e+00  0.00000000e+00
  3.10789816e+01  1.00000000e+02 -1.98675599e-01 -1.93593601e+00]",42,randomly,1,d63defbd-4c0a-4ec5-aed8-9b929d474224,"[0.381335, 1, 0.472664, 1, 0.456602, 0.456445, 0.456398, 0.456466, 0.456462, 0.456453, 0.456382, 0.456393]",False,False,False,False,False
8,"[-9.20927277e+01  1.02021952e+01 -1.41373337e+02  0.00000000e+00
  1.90000000e+01 -1.00000000e+00  3.59940277e+02  2.42478912e+02
  3.59790222e+02  7.28275485e-03  2.00000000e+00  2.71804612e+00
  0.00000000e+00  1.34902980e+00 -1.08949397e+00  7.08305818e+01
  1.69444690e+00  0.00000000e+00  2.57467769e+00  5.64551515e+01
  0.00000000e+00  1.00000000e+02  1.22742346e+01  4.96900474e-01]",14,by model,0.456437,No collision,"[0.456437, 0.456428, 0.456367, 0.456331, 0.456408, 0.456401, 0.456394, 0.456307, 0.456374, 0.45637, 0.456364, 0.456349]",False,False,False,False,False
8,"[-9.21016159e+01  1.02010374e+01 -1.41361816e+02  0.00000000e+00
  1.90000000e+01  1.00000000e+00  3.59912201e+02  2.42145248e+02
  3.59799744e+02  1.90310155e-03  3.00000000e+00  2.71826348e+00
  0.00000000e+00  1.34918955e+00 -1.08372894e+00  1.00000000e+02
  1.00000000e+01  1.00000000e+02  2.00000000e+01  9.39964262e+01
  0.00000000e+00  1.00000000e+02  1.22742346e+01  2.33446698e+00]",34,by model,0.456381,No collision,"[0.456381, 0.456271, 0.456256, 0.456251, 0.45625, 0.456249, 0.456246, 0.456249, 0.456238, 0.456238, 0.456231, 0.456227]",False,False,False,False,False
8,"[-9.21066742e+01  1.02029095e+01 -1.41354538e+02  0.00000000e+00
  1.90000000e+01  1.00000000e+00  3.59949310e+02  2.41957748e+02
  3.59853577e+02  9.49317462e-04  3.00000000e+00  2.71886941e+00
  0.00000000e+00  1.34896403e+00 -1.08069395e+00  0.00000000e+00
  0.00000000e+00  0.00000000e+00  0.00000000e+00  3.53558192e+01
  0.00000000e+00  1.00000000e+02  1.22742346e+01  2.94244903e-01]",14,by model,0.456229,No collision,"[0.456229, 0.456227, 0.456226, 0.456219, 0.456216, 0.456217, 0.456217, 0.456212, 0.456216, 0.45621, 0.456214, 0.456209]",False,False,False,False,True
9,"[-6.60372314e+01  1.02042084e+01 -1.14572891e+02  0.00000000e+00
  1.90000000e+01 -1.00000000e+00  3.59923737e+02  2.23327087e+02
  5.91646396e-02  4.20386848e+00  0.00000000e+00  1.00000000e+02
  1.00000000e+02  1.43298889e+00 -7.56322926e-01  0.00000000e+00
  0.00000000e+00  0.00000000e+00  0.00000000e+00  6.51685863e+01
  0.00000000e+00  1.00000000e+02 -1.51418587e-01  1.46722044e+00]",13,by model,0.866169,No collision,"[0, 0, 0, 0, 0, 0, 0, 0.035402, 0.380489, 0.676343, 0.866169, 0.719752]",False,False,False,False,False
9,"[-9.63992081e+01  1.02036781e+01 -1.46348038e+02  0.00000000e+00
  1.90000000e+01 -1.00000000e+00  7.75199756e-02  2.24223221e+02
  4.75810692e-02  7.89348630e+00  1.00000000e+00  4.31104411e+00
  0.00000000e+00  1.34817162e+00 -7.72064555e-01  0.00000000e+00
  0.00000000e+00  0.00000000e+00  0.00000000e+00  0.00000000e+00
  1.45000000e+01  1.00000000e+02 -1.14984525e+00 -1.32422060e-01]",44,by model,0.399197,No collision,"[0.399197, 0.044943, 0, 0, 0, 0, 0, 0, 0, 0, 0, 0]",False,False,False,False,False
9,"[-1.19289078e+02  1.02041931e+01 -1.53890076e+02  0.00000000e+00
  1.90000000e+01 -1.00000000e+00  3.59946747e+02  3.04148682e+02
  1.73769489e-01  4.09799842e+00  1.00000000e+00  2.60189551e+01
  0.00000000e+00  1.34897468e+00  9.73999992e-01  0.00000000e+00
  0.00000000e+00  0.00000000e+00  0.00000000e+00  5.29246526e+01
  0.00000000e+00  1.00000000e+02 -1.29183561e+01  1.79025307e+00]",21,by model,0.0,No collision,"[0, 0, 0, 0, 0, 0, 0, 0, 0, 0, 0, 0]",False,False,False,False,False
9,"[-1.44599655e+02  1.02044849e+01 -1.30492645e+02  0.00000000e+00
  1.90000000e+01  1.00000000e+00  1.49146557e-01  3.14511169e+02
 -4.12480767e-05  2.05470112e+00  2.00000000e+00  2.10003296e+01
  9.95499887e+00  1.34773401e+00  7.93932375e-01  3.34998386e+00
  3.96849496e-02  1.90762862e+00  1.96246687e+00  0.00000000e+00
  3.32558388e+01  1.00000000e+02  9.89128837e-02 -2.21325905e+00]",21,by model,0.0,No collision,"[0, 0, 0, 0, 0, 0, 0, 0, 0, 0, 0, 0]",False,False,False,False,False
9,"[-1.62524139e+02  1.02041321e+01 -1.13047607e+02  0.00000000e+00
  1.90000000e+01 -1.00000000e+00  2.47173868e-02  3.14178558e+02
  1.90206280e-03  4.66184012e+00  3.00000000e+00  2.13430302e+01
  3.73718865e-01  1.34850314e+00  7.99728736e-01  1.00000000e+02
  1.00000000e+01  1.00000000e+02  2.00000000e+01  0.00000000e+00
  3.05649990e+01  1.00000000e+02 -1.42429502e-01 -1.91392014e+00]",11,by model,0.0,No collision,"[0, 0, 0, 0, 0, 0, 0, 0, 0, 0, 0, 0]",False,False,False,False,False
9,"[-1.71565887e+02  1.02044840e+01 -1.04186081e+02  0.00000000e+00
  2.30000000e+01 -1.00000000e+00  4.25151593e-05  3.14615234e+02
 -1.30351045e-05  3.70854431e-05  3.00000000e+00  8.78581142e+00
  0.00000000e+00  1.34864865e+00  7.92114466e-01  1.84438707e+01
  5.98617388e-02  0.00000000e+00  1.04357441e+01  0.00000000e+00
  5.57829383e+01  1.00000000e+02 -4.28577135e-01 -2.80202629e-01]",16,by model,1,BoxTruck(Clone)97d5f282-c50a-4010-a0ab-cf654c7cf793,"[0, 0, 0, 0, 0, 0, 0, 0, 0, 1, 0, 0]",False,False,False,False,False
9,"[-1.72416611e+02  1.02022810e+01 -1.03347115e+02  0.00000000e+00
  2.30000000e+01 -1.00000000e+00  3.59589325e+02  3.14637268e+02
  3.59631531e+02  6.88436749e-04  3.00000000e+00  7.58936947e+00
  9.53674316e-05  1.35113770e+00  7.93399784e-01  1.69261247e+01
  4.81468941e-01  9.53674316e-05  1.13344492e+01  3.57922314e+01
  0.00000000e+00  1.00000000e+02 -2.20677558e-01  2.99493056e-01]",33,by model,0.0,No collision,"[0, 0, 0, 0, 0, 0, 0, 0, 0, 0, 0, 0]",False,False,False,False,False
9,"[-1.72417297e+02  1.02011089e+01 -1.03345284e+02  0.00000000e+00
  2.30000000e+01  1.00000000e+00  3.59805206e+02  3.14830811e+02
  3.59739349e+02  3.24473858e-03  4.00000000e+00  7.58623674e+00
  3.58358273e-03  1.34983821e+00  7.89534681e-01  2.45311649e+01
  6.30142386e-01  4.88284406e+00  1.13040224e+01  3.57983734e+01
  0.00000000e+00  1.00000000e+02 -2.20677558e-01  2.99570406e-01]",33,by model,0.0,No collision,"[0, 0, 0, 0, 0, 0, 0, 0, 0, 0, 0, 0]",False,False,False,False,False
9,"[-1.72417206e+02  1.02004318e+01 -1.03343910e+02  0.00000000e+00
  2.30000000e+01  1.00000000e+00  3.59971893e+02  3.15036438e+02
  3.59898132e+02  2.36766486e-03  5.00000000e+00  7.58442463e+00
  1.62963939e-03  1.34882325e+00  7.85226180e-01  1.10096496e+01
  6.05102616e-01  1.62963960e-03  1.10794189e+01  3.55250524e+01
  0.00000000e+00  1.00000000e+02 -2.20677558e-01  2.96249627e-01]",33,by model,0.0,No collision,"[0, 0, 0, 0, 0, 0, 0, 0, 0, 0, 0, 0]",False,False,False,False,False
9,"[-1.72419067e+02  1.01989956e+01 -1.03340431e+02  0.00000000e+00
  2.30000000e+01  0.00000000e+00  4.24686074e-02  3.15194061e+02
  3.59836395e+02  1.70691366e-03  6.00000000e+00  7.57913753e+00
  9.53674316e-05  1.34838557e+00  7.82753545e-01  5.18487580e+01
  2.59090103e+00  5.00024184e+00  1.12935112e+01  3.56031863e+01
  0.00000000e+00  1.00000000e+02 -2.20677558e-01  2.97177653e-01]",3,by model,0.0,No collision,"[0, 0, 0, 0, 0, 0, 0, 0, 0, 0, 0, 0]",False,False,False,False,True
10,"[-6.59075317e+01  1.02042360e+01 -1.15212402e+02  0.00000000e+00
  1.90000000e+01 -1.00000000e+00  3.59906555e+02  2.17940155e+02
  5.66385314e-02  3.77418773e+00  0.00000000e+00  1.00000000e+02
  1.00000000e+02  1.38695831e+00 -6.62381014e-01  0.00000000e+00
  0.00000000e+00  0.00000000e+00  0.00000000e+00  2.62595318e+01
  0.00000000e+00  1.00000000e+02 -2.68216089e+00  9.32976590e-01]",39,randomly,0.235785,No collision,"[0, 0.213158, 0.235785, 0, 0, 0, 0, 0, 0, 0, 0, 0]",False,False,False,False,False
10,"[-8.99162979e+01  1.02042217e+01 -1.41365189e+02  0.00000000e+00
  1.90000000e+01 -1.00000000e+00  6.98811784e-02  2.23863052e+02
  1.34047456e-02  5.36685483e+00  1.00000000e+00  2.68547983e+01
  5.58830964e+00  1.34822402e+00 -7.65609901e-01  1.55409518e+00
  2.64342828e-02  5.58831008e+00  1.35775890e+00  0.00000000e+00
  1.54431237e+01  1.00000000e+02 -2.11408263e-03 -6.32156186e-01]",9,randomly,0.0,No collision,"[0, 0, 0, 0, 0, 0, 0, 0, 0, 0, 0, 0]",False,False,False,False,False
10,"[-1.12332718e+02  1.02042999e+01 -1.57877411e+02  1.00000000e+00
  1.90000000e+01 -1.00000000e+00  8.76463130e-02  2.67808777e+02
  4.57676470e-01  3.39860921e+00  1.00000000e+00  4.78318178e+01
  1.11710125e+01  1.34811787e+00 -1.53463688e+00  1.00000000e+02
  1.00000000e+01  1.00000000e+02  2.00000000e+01  0.00000000e+00
  1.47995417e+01  1.00000000e+02 -5.42399743e+01 -5.96233929e-01]",16,by model,0.305021,No collision,"[0, 0, 0, 0, 0, 0, 0, 0, 0, 0, 0.305021, 0.131191]",False,False,False,False,False
10,"[-1.37555222e+02  1.02035007e+01 -1.37244583e+02  1.00000000e+00
  1.90000000e+01  1.00000000e+00  3.59961975e+02  3.14669617e+02
  1.38483010e-02  8.66981325e+00  2.00000000e+00  1.19988612e+01
  0.00000000e+00  1.34888294e+00  7.91101420e-01  2.62187256e+00
  3.15784707e+00  3.75820820e+00  1.71615957e+00  1.57000000e+01
  0.00000000e+00  1.00000000e+02 -5.52707178e-02  2.26474979e+00]",21,by model,1,Sedan(Clone)9a3f47f4-d700-4589-94de-784a400fc73f,"[0, 0.218835, 0.455244, 0.562409, 1, 0.106845, 0.106476, 0.106863, 0.107417, 0.107338, 0.107971, 0.108257]",False,False,False,False,False
10,"[-1.52396301e+02  1.02037582e+01 -1.22907898e+02  1.00000000e+00
  1.90000000e+01  1.00000000e+00  3.59922882e+02  3.15166779e+02
  3.84992212e-02  5.26047188e-03  3.00000000e+00  4.45872484e+00
  8.14819693e-04  1.34912100e+00  7.82307127e-01  1.00000000e+02
  1.00000000e+01  1.00000000e+02  2.00000000e+01  3.53165379e+01
  0.00000000e+00  1.00000000e+02 -1.10837511e-03  2.93693203e-01]",14,by model,0.111198,No collision,"[0.108324, 0.108495, 0.108608, 0.10872, 0.108927, 0.109567, 0.109641, 0.109808, 0.110119, 0.110577, 0.110617, 0.111198]",False,False,False,False,False
10,"[-1.52421234e+02  1.02033386e+01 -1.22906822e+02  1.00000000e+00
  1.90000000e+01  1.00000000e+00  3.59956360e+02  3.15429932e+02
  6.47596875e-03  1.97437219e-03  4.00000000e+00  4.44401546e+00
  1.04904175e-03  1.34892622e+00  7.77867361e-01  1.00000000e+02
  1.00000000e+01  1.00000000e+02  2.00000000e+01  3.74709792e+01
  0.00000000e+00  1.00000000e+02 -1.10837511e-03  2.85723209e-01]",36,randomly,0.244573,No collision,"[0.111478, 0.111836, 0.111644, 0.230687, 0.11251, 0.244573, 0.113038, 0.113292, 0.113639, 0.113548, 0.114353, 0.115047]",False,False,False,False,False
10,"[-1.52455093e+02  1.02027693e+01 -1.22906387e+02  1.00000000e+00
  1.90000000e+01 -1.00000000e+00  3.59907074e+02  3.15834473e+02
  3.59886597e+02  8.23706747e-03  5.00000000e+00  4.42477051e+00
  1.79938910e-03  1.34922608e+00  7.71351189e-01  7.84515270e+01
  3.48016458e+00  2.17101883e+01  4.47590723e+00  0.00000000e+00
  6.09872659e+01  1.00000000e+02 -1.10837511e-03 -2.57266152e-01]",36,randomly,0.124618,No collision,"[0.115397, 0.115594, 0.115401, 0.116651, 0.124618, 0.117095, 0.117605, 0.11799, 0.118324, 0.11844, 0.118449, 0.119053]",False,False,False,False,False
10,"[-1.52495422e+02  1.02017069e+01 -1.22908295e+02  1.00000000e+00
  1.90000000e+01 -1.00000000e+00  6.14851117e-02  3.16398834e+02
  3.59886536e+02  2.44867543e-03  6.00000000e+00  4.40473417e+00
  6.67572021e-04  1.34826965e+00  7.61496276e-01  6.78519343e+00
  6.29904945e+00  1.56561380e+01  7.43887835e+00  3.50905884e+01
  0.00000000e+00  1.00000000e+02 -1.10837511e-03  2.89854414e-01]",21,by model,0.123515,No collision,"[0.119316, 0.119128, 0.119855, 0.120762, 0.120751, 0.121166, 0.121428, 0.121733, 0.121845, 0.122238, 0.122619, 0.123515]",False,False,False,False,False
10,"[-1.52538757e+02  1.02005978e+01 -1.22909966e+02  1.00000000e+00
  1.90000000e+01 -1.00000000e+00  2.27578636e-02  3.16989227e+02
  3.59703735e+02  1.32087496e-02  7.00000000e+00  4.38243257e+00
  1.72980854e-03  1.34851646e+00  7.52031452e-01  1.00000000e+02
  1.00000000e+01  1.00000000e+02  2.00000000e+01  0.00000000e+00
  2.28996012e+01  1.00000000e+02 -1.10837511e-03 -3.79100796e-01]",27,by model,0.231797,No collision,"[0.124064, 0.124588, 0.231797, 0.125361, 0.231614, 0.231316, 0.231026, 0.126025, 0.230648, 0.230368, 0.230073, 0.229738]",False,False,False,False,False
10,"[-1.52586594e+02  1.02005186e+01 -1.22914780e+02  1.00000000e+00
  1.90000000e+01 -1.00000000e+00  1.31648675e-01  3.17770233e+02
  3.59786285e+02  2.85965419e-03  8.00000000e+00  4.36233073e+00
  1.59864947e-03  1.34783776e+00  7.38022198e-01  8.24016919e+01
  2.94384916e+00  1.09988998e+01  7.64227457e+00  0.00000000e+00
  5.00000000e+01  0.00000000e+00  0.00000000e+00  0.00000000e+00]",11,by model,0.229547,No collision,"[0.229547, 0.229324, 0.229121, 0.128105, 0.128827, 0.129, 0.128864, 0.228037, 0.129811, 0.227364, 0.129845, 0.130504]",False,False,False,False,True
11,"[-6.53502884e+01  1.02042904e+01 -1.13929871e+02  0.00000000e+00
  1.90000000e+01 -1.00000000e+00  3.59896393e+02  2.20062073e+02
  1.03995897e-01  3.37832221e+00  0.00000000e+00  1.00000000e+02
  1.00000000e+02  1.34928798e+00 -6.99686631e-01  0.00000000e+00
  0.00000000e+00  0.00000000e+00  0.00000000e+00  2.94222058e+01
  0.00000000e+00  1.00000000e+02 -1.11449454e+01  1.19607254e+00]",13,by model,0.898932,No collision,"[0, 0, 0, 0, 0, 0, 0, 0, 0.16049, 0.430971, 0.725658, 0.898932]",False,False,False,False,False
11,"[-9.32829361e+01  1.02035227e+01 -1.43122864e+02  0.00000000e+00
  1.90000000e+01 -1.00000000e+00  3.59990143e+02  2.23596344e+02
  9.16510727e-03  8.25207529e+00  1.00000000e+00  1.64886186e+00
  0.00000000e+00  1.34870858e+00 -7.60943895e-01  0.00000000e+00
  0.00000000e+00  0.00000000e+00  0.00000000e+00  1.76704279e+01
  0.00000000e+00  1.00000000e+02 -1.22039626e+00  6.11520693e-01]",43,by model,0.710449,No collision,"[0.710449, 0.452475, 0.109901, 0, 0, 0, 0, 0, 0, 0, 0, 0]",False,False,False,False,False
11,"[-1.18185867e+02  1.02042809e+01 -1.54853775e+02  0.00000000e+00
  1.90000000e+01 -1.00000000e+00  3.59978271e+02  3.00469177e+02
  1.65187269e-01  3.47332028e+00  1.00000000e+00  2.74298495e+01
  0.00000000e+00  1.34878493e+00  1.03825202e+00  0.00000000e+00
  0.00000000e+00  0.00000000e+00  0.00000000e+00  2.58686039e+01
  0.00000000e+00  1.00000000e+02 -1.89919370e+01  9.09859564e-01]",21,by model,0.0,No collision,"[0, 0, 0, 0, 0, 0, 0, 0, 0, 0, 0, 0]",False,False,False,False,False
11,"[-1.35792648e+02  1.02041502e+01 -1.39094757e+02  0.00000000e+00
  1.90000000e+01  1.00000000e+00  3.59830109e+02  3.14080963e+02
  5.54983318e-03  4.30407797e+00  2.00000000e+00  4.22379458e+01
  0.00000000e+00  1.34968141e+00  8.01411184e-01  1.00000000e+02
  1.00000000e+01  1.00000000e+02  2.00000000e+01  6.87716413e+01
  0.00000000e+00  1.00000000e+02 -5.66438993e-01  2.78295020e+00]",14,by model,1,4d00d464-b716-4030-b650-8e0603fb67c5,"[0, 0, 0, 0, 0, 0, 0.257572, 0.507623, 0.738851, 1, 0.44039, 1]",False,False,False,False,False
11,"[-1.62973984e+02  1.02043409e+01 -1.12763390e+02  0.00000000e+00
  1.90000000e+01 -1.00000000e+00  3.59846008e+02  3.11117493e+02
  9.05564986e-03  1.75804481e+00  3.00000000e+00  2.48753369e+00
  0.00000000e+00  1.34959141e+00  8.53117142e-01  1.00000000e+02
  1.00000000e+01  1.00000000e+02  2.00000000e+01  9.36399070e+01
  0.00000000e+00  1.00000000e+02 -1.53141508e+00  2.06750446e+00]",3,randomly,0.733536,No collision,"[0.733536, 0.726625, 0.466905, 0.199292, 0, 0, 0, 0, 0, 0, 0, 0]",False,False,False,False,False
11,"[-1.75993149e+02  1.02043810e+01 -1.00494591e+02  1.01000000e+02
  1.90000000e+01 -1.00000000e+00  3.59992035e+02  3.14709106e+02
  2.53742794e-03  2.60782572e+00  3.00000000e+00  1.15782625e+01
  7.62939453e-04  1.34870029e+00  7.90466180e-01  4.23016102e+00
  5.28384731e-02  7.62939570e-04  8.39580980e+00  0.00000000e+00
  3.93218394e+01  1.00000000e+02 -5.28206090e-01 -2.93133337e+00]",18,by model,0.0,No collision,"[0, 0, 0, 0, 0, 0, 0, 0, 0, 0, 0, 0]",False,False,False,False,False
11,"[-1.77801376e+02  1.02044849e+01 -9.86783600e+01  1.01000000e+02
  1.90000000e+01 -1.00000000e+00  3.59993256e+02  3.15149384e+02
  1.53013490e-04  7.98080396e-02  3.00000000e+00  9.01536389e+00
  1.52885623e-03  1.34869833e+00  7.82794158e-01  7.24953788e+00
  7.46541903e-02  1.52885647e-03  1.11966159e+01  0.00000000e+00
  5.31348931e+01  1.00000000e+02 -1.74647771e+00 -8.79817214e-01]",18,by model,0.0,No collision,"[0, 0, 0, 0, 0, 0, 0, 0, 0, 0, 0, 0]",False,False,False,False,False
11,"[-1.78766403e+02  1.02045221e+01 -9.76990051e+01  1.01000000e+02
  1.90000000e+01  1.00000000e+00  3.41695510e-02  3.15346558e+02
 -5.72486970e-05  4.94898314e-04  3.00000000e+00  1.52588463e+01
  4.88236545e+00  1.34844330e+00  7.79348981e-01  1.00000000e+02
  1.00000000e+01  1.00000000e+02  2.00000000e+01  7.42235170e+01
  0.00000000e+00  1.00000000e+02 -8.45007689e-01  6.88726897e-01]",42,randomly,0.020007,No collision,"[0.020007, 0, 0, 0, 0, 0, 0, 0, 0, 0, 0, 0]",False,False,False,False,False
11,"[-1.86770477e+02  1.02044563e+01 -8.95252228e+01  1.01000000e+02
  1.90000000e+01  1.00000000e+00  4.84635457e-02  3.15657471e+02
  1.33819049e-05  1.80522259e+00  4.00000000e+00  2.62278667e+01
  0.00000000e+00  1.34836701e+00  7.73931087e-01  1.82319062e+00
  7.92671534e-02  3.28611290e+00  2.43023916e+00  0.00000000e+00
  1.87386655e+01  1.00000000e+02  9.62087131e-04 -8.11706585e-01]",20,by model,0.0,No collision,"[0, 0, 0, 0, 0, 0, 0, 0, 0, 0, 0, 0]",False,False,False,False,False
11,"[-2.03994598e+02  1.02039509e+01 -7.22596283e+01  1.01000000e+02
  1.90000000e+01  0.00000000e+00  2.96376757e-02  3.13627930e+02
  3.59937775e+02  6.95158804e+00  5.00000000e+00  2.43144093e+01
  5.00017858e+00  1.34845815e+00  8.09620862e-01  1.00000000e+02
  1.00000000e+01  1.00000000e+02  2.00000000e+01  0.00000000e+00
  3.45008353e+01  1.00000000e+02  3.19508776e+00 -2.48787105e+00]",1,by model,0.0,No collision,"[0, 0, 0, 0, 0, 0, 0, 0, 0, 0, 0, 0]",False,False,False,False,False
11,"[-223.58175659   10.20432091  -69.11761475   20.2000003    19.
   -1.          359.99075317  215.92652893  359.76300049    3.52416558
    5.           66.97104958    0.            1.34870012   -0.62595153
  100.           10.          100.           20.           26.38611975
    0.          100.           43.48309997    0.93721294]",21,by model,0.0,No collision,"[0, 0, 0, 0, 0, 0, 0, 0, 0, 0, 0, 0]",False,False,False,False,False
11,"[-2.22045456e+02  1.02040148e+01 -9.90211639e+01  2.02000003e+01
  1.90000000e+01 -1.00000000e+00  3.59966339e+02  1.70413528e+02
  3.59992584e+02  6.65288633e+00  6.00000000e+00  3.71833256e+01
  9.94371873e+00  1.34886215e+00  1.67354327e-01  1.00000000e+02
  1.00000000e+01  1.00000000e+02  2.00000000e+01  6.78166050e+01
  0.00000000e+00  1.00000000e+02  2.11723215e-01  3.85357480e+00]",14,by model,0.0,No collision,"[0, 0, 0, 0, 0, 0, 0, 0, 0, 0, 0, 0]",False,False,False,False,False
11,"[-2.13089554e+02  1.02035294e+01 -1.52398621e+02  2.02000003e+01
  1.90000000e+01 -1.00000000e+00  3.88413817e-02  1.70624603e+02
  5.65058843e-04  8.40102075e+00  6.00000000e+00  4.30383636e+01
  1.00004889e+01  1.34840890e+00  1.63625039e-01  1.00000000e+02
  1.00000000e+01  1.00000000e+02  2.00000000e+01  0.00000000e+00
  2.81393189e+01  1.00000000e+02 -4.61285158e-02 -1.83102316e+00]",40,randomly,0.0,No collision,"[0, 0, 0, 0, 0, 0, 0, 0, 0, 0, 0, 0]",False,False,False,False,False
11,"[-2.09069412e+02  1.02045460e+01 -1.77028564e+02  2.02000003e+01
  1.90000000e+01 -1.00000000e+00  7.24771619e-02  1.70765564e+02
  8.34118255e-05  1.17414935e-03  7.00000000e+00  5.04477520e+01
  0.00000000e+00  1.34820728e+00  1.61172476e-01  1.00000000e+02
  1.00000000e+01  1.00000000e+02  2.00000000e+01  0.00000000e+00
  5.46293131e+01  1.00000000e+02  1.68613550e-02 -1.68880646e-01]",17,by model,0.0,No collision,"[0, 0, 0, 0, 0, 0, 0, 0, 0, 0, 0, 0]",False,False,False,False,False
11,"[-2.09022232e+02  1.02044783e+01 -1.77319412e+02  2.02000003e+01
  1.90000000e+01 -1.00000000e+00 -2.95952777e-03  1.70800003e+02
  8.25884563e-05  1.05137968e-01  8.00000000e+00  6.74591540e+01
  9.99922034e+00  1.34866231e+00  1.60567451e-01  2.85159419e+01
  3.13142633e+00  9.99922114e+00  1.85094701e+00  1.71289492e+01
  0.00000000e+00  1.00000000e+02  2.07166087e-02  2.68192786e-02]",5,by model,0.0,No collision,"[0, 0, 0, 0, 0, 0, 0, 0, 0, 0, 0, 0]",False,False,False,False,False
11,"[-2.08963913e+02  1.02044802e+01 -1.77680481e+02  5.00000000e+00
  1.90000000e+01 -1.00000000e+00  7.36903120e-03  1.70785782e+02
  1.14176335e-04  1.25493966e-02  8.00000000e+00  7.63428831e+01
  0.00000000e+00  1.34860814e+00  1.60814660e-01  0.00000000e+00
  0.00000000e+00  0.00000000e+00  0.00000000e+00  3.44218111e+01
  0.00000000e+00  1.00000000e+02  2.26073481e-02  1.95859311e-02]",30,by model,0.021485,No collision,"[0.021485, 0, 0, 0, 0, 0, 0, 0, 0, 0, 0, 0]",False,False,False,False,False
11,"[-2.08948990e+02  1.02044764e+01 -1.77772324e+02  5.00000000e+00
  1.90000000e+01 -1.00000000e+00  6.31000847e-04  1.70786743e+02
 -3.34690139e-06  2.25652517e-05  9.00000000e+00  7.64114869e+01
  0.00000000e+00  1.34865089e+00  1.60798060e-01  1.00000000e+02
  1.00000000e+01  1.00000000e+02  2.00000000e+01  1.57000000e+01
  0.00000000e+00  1.00000000e+02  2.26073481e-02  3.13034530e-04]",14,by model,0.0,No collision,"[0, 0, 0, 0, 0, 0, 0, 0, 0, 0, 0, 0]",False,False,False,False,False
11,"[-2.08945480e+02  1.02044754e+01 -1.77794327e+02  5.00000000e+00
  1.90000000e+01  1.00000000e+00  4.66016791e-05  1.70778793e+02
 -2.22350409e-05  2.02879702e-05  1.00000000e+01  4.00078008e+01
  0.00000000e+00  1.34865009e+00  1.60935700e-01  0.00000000e+00
  0.00000000e+00  0.00000000e+00  0.00000000e+00  0.00000000e+00
  1.45000000e+01  1.00000000e+02  2.26073481e-02 -2.91052515e-04]",41,by model,0.0,No collision,"[0, 0, 0, 0, 0, 0, 0, 0, 0, 0, 0, 0]",False,False,False,False,False
11,"[-2.08944550e+02  1.02044754e+01 -1.77800598e+02  5.00000000e+00
  1.90000000e+01  1.00000000e+00  4.88489968e-05  1.70766266e+02
 -1.55948055e-05  3.07337281e-05  1.10000000e+01  4.01702307e+01
  0.00000000e+00  1.34865384e+00  1.61164492e-01  1.01762170e+01
  3.04642741e+00  0.00000000e+00  5.52889626e-01  0.00000000e+00
  1.45000000e+01  1.00000000e+02  2.26073481e-02 -9.74935813e-04]",31,by model,0.0,No collision,"[0, 0, 0, 0, 0, 0, 0, 0, 0, 0, 0, 0]",False,False,False,False,False
11,"[-2.08944550e+02  1.02044754e+01 -1.77800598e+02  5.00000000e+00
  1.90000000e+01  0.00000000e+00  4.76543901e-05  1.70766266e+02
 -1.97810969e-05  2.38791112e-05  1.20000000e+01  3.32582970e+01
  7.41074631e-01  1.34865384e+00  1.61164492e-01  6.11361215e+00
  6.18344596e+00  7.41074738e-01  4.02336038e+00  0.00000000e+00
  1.45000000e+01  1.00000000e+02  2.26073481e-02 -1.43223474e-03]",14,by model,0.0,No collision,"[0, 0, 0, 0, 0, 0, 0, 0, 0, 0, 0, 0]",False,False,False,False,True
12,"[ -65.72729492   10.20431328 -112.59737396    0.           19.
   -1.          359.88473511  228.78649902  359.94985962    3.0007141
    0.          100.          100.            1.43899413   -0.85137978
    0.            0.            0.            0.           74.67967392
    0.          100.            8.81849168    1.21960233]",14,by model,1,ec76fac5-5bbd-47db-ac22-808e1fa46b8c,"[0, 0, 0, 0, 0, 0, 0, 0.237487, 0.492907, 0.738938, 1, 0.450286]",False,False,False,False,False
12,"[-9.13423996e+01  1.02038069e+01 -1.40036819e+02  0.00000000e+00
  1.90000000e+01 -1.00000000e+00 -7.51893385e-04  2.21567642e+02
 -1.41389284e-03  3.53555875e-03  1.00000000e+00  2.74857511e+00
  0.00000000e+00  1.34865362e+00 -7.25484306e-01  0.00000000e+00
  0.00000000e+00  0.00000000e+00  0.00000000e+00  1.57000000e+01
  0.00000000e+00  1.00000000e+02 -9.53050921e-01  2.06361779e-01]",12,randomly,0.450462,No collision,"[0.450293, 0.4503, 0.450295, 0.450272, 0.450299, 0.450274, 0.450303, 0.450305, 0.450305, 0.450462, 0.450392, 0.450312]",False,False,False,False,False
12,"[-9.13413086e+01  1.02038841e+01 -1.40038040e+02  0.00000000e+00
  5.00000000e+00 -1.00000000e+00  3.59992554e+02  2.21590042e+02
  6.04178943e-03  1.82334008e-03  1.00000000e+00  2.74844198e+00
  0.00000000e+00  1.34870630e+00 -7.25903386e-01  0.00000000e+00
  0.00000000e+00  0.00000000e+00  0.00000000e+00  3.57220270e+01
  0.00000000e+00  1.00000000e+02 -9.53050921e-01  2.98629771e-01]",43,by model,0.450489,No collision,"[0.450441, 0.450438, 0.450433, 0.450485, 0.450446, 0.45037, 0.450367, 0.45047, 0.450475, 0.450489, 0.450456, 0.450335]",False,False,False,False,False
12,"[-9.13387833e+01  1.02032890e+01 -1.40040604e+02  0.00000000e+00
  5.00000000e+00  1.00000000e+00  3.59979004e+02  2.21673019e+02
  8.99438560e-03  2.91672668e-03  2.00000000e+00  2.74832831e+00
  0.00000000e+00  1.34878485e+00 -7.27365279e-01  8.46492045e+01
  4.29533681e+00  1.62033220e+01  9.80840155e+00  3.56547453e+01
  0.00000000e+00  1.00000000e+02 -9.53050921e-01  2.97797626e-01]",23,by model,0.450481,No collision,"[0.450363, 0.450366, 0.450366, 0.450368, 0.450367, 0.450473, 0.450471, 0.450481, 0.450445, 0.450463, 0.450465, 0.450447]",False,False,False,False,False
12,"[-9.13367004e+01  1.02006207e+01 -1.40043365e+02  0.00000000e+00
  5.00000000e+00  1.00000000e+00  3.59918121e+02  2.21753494e+02
  1.68944616e-02  3.60104102e-04  3.00000000e+00  2.74777483e+00
  0.00000000e+00  1.34914250e+00 -7.28818571e-01  9.58600157e+01
  1.65391934e+00  1.00001088e+01  2.25168108e+00  0.00000000e+00
  4.83869559e+01  1.00000000e+02 -9.53050921e-01 -6.39997725e-02]",43,by model,0.450485,No collision,"[0.450381, 0.450372, 0.450481, 0.450485, 0.450436, 0.450368, 0.450363, 0.450367, 0.450363, 0.450364, 0.450378, 0.450485]",False,False,False,False,True
13,"[-6.91311493e+01  1.02041988e+01 -1.16374718e+02  0.00000000e+00
  1.90000000e+01 -1.00000000e+00  3.59940308e+02  2.24895370e+02
  5.95572144e-02  5.73826030e+00  0.00000000e+00  1.00000000e+02
  1.00000000e+02  1.85940343e+00 -7.82888485e-01  0.00000000e+00
  0.00000000e+00  0.00000000e+00  0.00000000e+00  3.38981154e+01
  0.00000000e+00  1.00000000e+02  3.75626230e-01  1.59513413e+00]",13,by model,1,bd812ce3-7883-40d6-815d-205a9ccab5b2,"[0, 0, 0, 0, 0, 0, 0.30554, 0.568374, 0.822053, 1, 0.56392, 0.708156]",False,False,False,False,False
13,"[ -93.59609985   10.20430183 -142.53562927    0.           19.
   -1.          359.87615967  223.94721985  359.98526001    3.13930674
    1.            1.93854922    0.            1.34941428   -0.7669509
    0.            0.            0.            0.           47.166114
    0.          100.            1.54643444    2.57854532]",14,by model,0.707987,No collision,"[0.707987, 0.491181, 0.32579, 0.105201, 0, 0, 0, 0, 0, 0, 0, 0]",False,False,False,False,False
13,"[-1.15091179e+02  1.02043715e+01 -1.56115372e+02  0.00000000e+00
  1.90000000e+01 -1.00000000e+00  9.48392414e-03  2.85739136e+02
  1.89939663e-01  2.69947795e+00  2.00000000e+00  1.24971368e+01
  0.00000000e+00  1.34859544e+00  1.29522891e+00  0.00000000e+00
  0.00000000e+00  0.00000000e+00  0.00000000e+00  6.32034249e+01
  0.00000000e+00  1.00000000e+02 -3.40272543e+01  1.30653921e+00]",16,by model,0.0,No collision,"[0, 0, 0, 0, 0, 0, 0, 0, 0, 0, 0, 0]",False,False,False,False,False
13,"[-1.46615768e+02  1.02031631e+01 -1.28462021e+02  0.00000000e+00
  1.90000000e+01  1.00000000e+00  3.59941589e+02  3.14372314e+02
  3.59985107e+02  1.00006464e+01  3.00000000e+00  2.61375657e+01
  5.93525706e-02  1.34900779e+00  7.96427863e-01  9.44283498e-01
  6.35701109e+00  5.93525784e-02  2.05563560e+00  1.57000000e+01
  0.00000000e+00  1.00000000e+02  7.49668872e-02  7.90893042e-01]",0,by model,0.0,No collision,"[0, 0, 0, 0, 0, 0, 0, 0, 0, 0, 0, 0]",False,False,False,False,False
13,"[-1.80684677e+02  1.02042303e+01 -9.52586365e+01  0.00000000e+00
  1.90000000e+01 -1.00000000e+00  7.57483840e-02  3.14864380e+02
  3.74441035e-03  4.15261742e+00  3.00000000e+00  8.71685720e+01
  1.24001768e+00  1.34817955e+00  7.87739066e-01  0.00000000e+00
  0.00000000e+00  0.00000000e+00  0.00000000e+00  0.00000000e+00
  3.27889604e+01  1.00000000e+02 -2.19432776e-01 -2.20663389e+00]",16,by model,0.0,No collision,"[0, 0, 0, 0, 0, 0, 0, 0, 0, 0, 0, 0]",False,False,False,False,False
13,"[-1.85074493e+02  1.02044849e+01 -9.08711166e+01  0.00000000e+00
  1.90000000e+01 -1.00000000e+00  2.78200841e-05  3.15022247e+02
  9.73587612e-06  1.16603321e-05  4.00000000e+00  1.00000000e+02
  1.00000000e+02  1.34865610e+00  7.85014153e-01  0.00000000e+00
  0.00000000e+00  0.00000000e+00  0.00000000e+00  0.00000000e+00
  6.99983578e+01  1.00000000e+02 -1.70746340e-01 -3.00000000e+00]",30,by model,0.129684,No collision,"[0, 0, 0, 0.129684, 0, 0, 0, 0, 0, 0, 0, 0]",False,False,False,False,False
13,"[-1.85074493e+02  1.02044849e+01 -9.08711166e+01  0.00000000e+00
  1.90000000e+01 -1.00000000e+00  2.03651744e-05  3.15022247e+02
  2.88863566e-06  2.68283708e-06  5.00000000e+00  7.92206250e+01
  1.07895932e-02  1.34865610e+00  7.85014153e-01  0.00000000e+00
  0.00000000e+00  0.00000000e+00  0.00000000e+00  0.00000000e+00
  6.99992015e+01  1.00000000e+02 -1.70746340e-01 -3.00000000e+00]",20,by model,0.0,No collision,"[0, 0, 0, 0, 0, 0, 0, 0, 0, 0, 0, 0]",False,False,False,False,False
13,"[-1.88705856e+02  1.02043085e+01 -8.72296371e+01  0.00000000e+00
  1.90000000e+01  1.00000000e+00  3.59830994e+02  3.15087189e+02
  9.42956976e-05  2.42923360e+00  6.00000000e+00  8.43629430e+01
  0.00000000e+00  1.34967717e+00  7.83875266e-01  9.36982506e+00
  5.24700469e-02  2.96059127e+00  4.86568205e-01  9.91830981e+01
  0.00000000e+00  1.00000000e+02 -3.39624490e-02  3.09904871e+00]",39,by model,0.374264,No collision,"[0.306832, 0.374264, 0.323713, 0.049146, 0, 0, 0, 0, 0, 0, 0, 0]",False,False,False,False,False
13,"[-2.13686523e+02  1.02043133e+01 -6.51399231e+01  0.00000000e+00
  1.90000000e+01  1.00000000e+00  7.04200417e-02  2.94475220e+02
  3.59725952e+02  3.68400455e+00  7.00000000e+00  1.34805553e+01
  4.49177725e+00  1.34820576e+00  1.14487087e+00  1.05727096e+02
  1.15540554e-01  5.45353816e+00  1.62491662e+00  3.75715124e+01
  0.00000000e+00  1.00000000e+02  3.15660473e+01  2.08474858e-02]",1,by model,0.0,No collision,"[0, 0, 0, 0, 0, 0, 0, 0, 0, 0, 0, 0]",False,False,False,False,False
13,"[-2.25252548e+02  1.02043171e+01 -7.43667755e+01  2.02000003e+01
  1.90000000e+01  0.00000000e+00  3.59945160e+02  1.87931992e+02
  3.59811890e+02  3.50037897e+00  7.00000000e+00  3.78714644e+01
  1.11683447e+01  1.34899217e+00 -1.37593973e-01  1.00000000e+02
  1.00000000e+01  1.00000000e+02  2.00000000e+01  4.48281836e+01
  0.00000000e+00  1.00000000e+02  2.31979407e+01  1.37090329e+00]",14,by model,0.83985,No collision,"[0, 0, 0, 0, 0, 0, 0, 0, 0.554781, 0.774839, 0.83985, 0.674264]",False,False,False,False,False
13,"[-2.18528320e+02  1.02028790e+01 -1.20445137e+02  2.02000003e+01
  1.90000000e+01 -1.00000000e+00  3.59981995e+02  1.70466919e+02
  7.41422968e-03  1.05956932e+01  8.00000000e+00  7.63973926e+00
  0.00000000e+00  1.34876451e+00  1.66345505e-01  6.60366876e+01
  1.45546085e+00  1.11166094e+01  4.62878351e+00  1.57000000e+01
  0.00000000e+00  1.00000000e+02 -1.58265761e-01  6.26112468e-01]",18,by model,1,Jeep(Clone)c5485f2d-4610-436c-a7a7-2b2cb7cb632d,"[0.458271, 1, 0, 0, 0, 0, 0, 0, 0, 0, 0, 0]",False,False,False,False,False
13,"[-2.16715469e+02  1.02044392e+01 -1.30978607e+02  2.02000003e+01
  1.90000000e+01 -1.00000000e+00  8.12017079e-03  1.70039719e+02
  4.24390519e-03  1.54478902e+00  9.00000000e+00  7.39666839e+00
  6.10370636e-01  1.34859848e+00  1.73816855e-01  1.00000000e+02
  1.00000000e+01  1.00000000e+02  2.00000000e+01  0.00000000e+00
  2.17715217e+01  1.00000000e+02 -1.96588671e+00 -1.06288650e+00]",15,by model,0.499323,No collision,"[0, 0, 0, 0, 0, 0, 0, 0.038024, 0.258797, 0.44532, 0.499323, 0.320228]",False,False,False,False,False
13,"[-2.13504562e+02  1.02041531e+01 -1.44518784e+02  2.02000003e+01
  1.90000000e+01 -1.00000000e+00  3.59901672e+02  1.70322037e+02
  1.11022324e-03  5.84671674e+00  1.00000000e+01  4.51359194e+00
  5.56619627e-01  1.34924972e+00  1.68911717e-01  1.00000000e+02
  1.00000000e+01  1.00000000e+02  2.00000000e+01  3.75792743e+01
  0.00000000e+00  1.00000000e+02 -8.96230853e-01  1.29826440e+00]",33,randomly,0.0,No collision,"[0, 0, 0, 0, 0, 0, 0, 0, 0, 0, 0, 0]",False,False,False,False,False
13,"[-2.08935043e+02  1.02044144e+01 -1.73964676e+02  2.02000003e+01
  1.90000000e+01 -1.00000000e+00  7.54550695e-02  1.71532532e+02
  2.96334736e-04  2.42427919e+00  1.10000000e+01  3.02087682e+01
  5.07411532e-01  1.34819167e+00  1.47784105e-01  1.00000000e+02
  1.00000000e+01  1.00000000e+02  2.00000000e+01  0.00000000e+00
  2.98454072e+01  1.00000000e+02 -5.50807057e-02 -1.83160679e+00]",9,by model,0.0,No collision,"[0, 0, 0, 0, 0, 0, 0, 0, 0, 0, 0, 0]",False,False,False,False,False
13,"[-2.08486404e+02  1.02044868e+01 -1.76986343e+02  1.00000000e+00
  1.90000000e+01 -1.00000000e+00 -2.30621826e-03  1.71560120e+02
  1.23186081e-04  2.60259411e-01  1.10000000e+01  3.05802115e+01
  4.62746521e-01  1.34866711e+00  1.47308406e-01  5.44063016e+01
  3.37241459e+00  1.11738337e+01  1.93307259e+00  0.00000000e+00
  1.45000000e+01  1.00000000e+02 -4.77984209e-02 -3.52699725e-02]",14,by model,0.0,No collision,"[0, 0, 0, 0, 0, 0, 0, 0, 0, 0, 0, 0]",False,False,False,False,False
13,"[-2.08417053e+02  1.02044792e+01 -1.77454407e+02  1.00000000e+00
  1.90000000e+01 -1.00000000e+00  1.25592574e-03  1.71529602e+02
  1.79329203e-04  4.90849776e-02  1.20000000e+01  2.92252215e+01
  2.70617098e-01  1.34864957e+00  1.47836507e-01  1.10877264e+00
  8.45136271e-02  2.70617132e-01  1.37736292e+00  1.68208687e+01
  0.00000000e+00  1.00000000e+02 -5.44126219e-02  1.55800677e-02]",44,randomly,0.0,No collision,"[0, 0, 0, 0, 0, 0, 0, 0, 0, 0, 0, 0]",False,False,False,False,False
13,"[-2.08395493e+02  1.02044697e+01 -1.77600266e+02  1.00000000e+00
  1.90000000e+01 -1.00000000e+00 -4.32973402e-03  1.71524048e+02
  9.33130868e-05  6.20532031e-04  1.30000000e+01  3.06901426e+01
  2.30347076e-01  1.34868490e+00  1.47935555e-01  1.00000000e+02
  1.00000000e+01  1.00000000e+02  2.00000000e+01  1.57000000e+01
  0.00000000e+00  1.00000000e+02 -6.12590911e-02  5.86812664e-03]",40,by model,0.0,No collision,"[0, 0, 0, 0, 0, 0, 0, 0, 0, 0, 0, 0]",False,False,False,False,False
13,"[-2.08388397e+02  1.02044764e+01 -1.77648514e+02  1.00000000e+00
  1.90000000e+01  1.00000000e+00  4.28454747e-04  1.71518356e+02
  5.33884622e-06  8.54160929e-03  1.40000000e+01  3.19474044e+01
  2.10294680e-01  1.34864253e+00  1.48031753e-01  6.29135089e+01
  6.39769472e+00  0.00000000e+00  4.35438095e+00  1.57000000e+01
  0.00000000e+00  1.00000000e+02 -6.12590911e-02  1.09293829e-03]",14,by model,0.0,No collision,"[0, 0, 0, 0, 0, 0, 0, 0, 0, 0, 0, 0]",False,False,False,False,False
13,"[-2.08386230e+02  1.02044764e+01 -1.77663559e+02  1.00000000e+00
  1.90000000e+01  1.00000000e+00  4.26119077e-05  1.71525101e+02
  1.47164701e-05  3.49100432e-05  1.50000000e+01  3.28789459e+01
  9.53674316e-05  1.34865022e+00  1.47916506e-01  6.29030593e+01
  5.81900119e+00  0.00000000e+00  4.33761166e+00  0.00000000e+00
  1.45000000e+01  1.00000000e+02 -6.12590911e-02 -8.00608029e-04]",5,by model,0.0,No collision,"[0, 0, 0, 0, 0, 0, 0, 0, 0, 0, 0, 0]",False,False,False,False,False
13,"[-2.08385574e+02  1.02044754e+01 -1.77668442e+02  5.00000000e+00
  1.90000000e+01  0.00000000e+00  4.85898017e-05  1.71533676e+02
 -1.43821571e-05  1.26287746e-05  1.50000000e+01  3.28842094e+01
  0.00000000e+00  1.34865118e+00  1.47767695e-01  6.29016221e+01
  5.74529739e+00  0.00000000e+00  4.33656435e+00  0.00000000e+00
  1.90736231e+01  1.00000000e+02 -6.12590911e-02 -3.61230612e-03]",14,by model,0.0,No collision,"[0, 0, 0, 0, 0, 0, 0, 0, 0, 0, 0, 0]",False,False,False,False,True
14,"[ -65.71079254   10.20433521 -112.58357239    0.           19.
   -1.          359.9005127   229.02629089  359.95275879    2.85544768
    0.          100.          100.            1.37780296   -0.85547259
    0.            0.            0.            0.           55.75444261
    0.          100.            9.43999802    1.53084769]",14,by model,1,73937506-dc91-492a-b4ca-6d0e7d809a61,"[0, 0, 0, 0, 0, 0, 0, 0.053234, 0.315504, 0.596959, 1, 0.449927]",False,False,False,False,False
14,"[-9.13642654e+01  1.02007933e+01 -1.39992966e+02  0.00000000e+00
  1.90000000e+01 -1.00000000e+00  3.59918060e+02  2.21904694e+02
  3.28990966e-02  2.65870883e-03  1.00000000e+00  2.75037607e+00
  0.00000000e+00  1.34916292e+00 -7.31514612e-01  0.00000000e+00
  0.00000000e+00  0.00000000e+00  0.00000000e+00  1.57000000e+01
  0.00000000e+00  1.00000000e+02 -3.41696940e-01  1.06281920e-01]",35,randomly,0.449962,No collision,"[0.449962, 0.449837, 0.449803, 0.449849, 0.449895, 0.449959, 0.449838, 0.44983, 0.44985, 0.449849, 0.449884, 0.449945]",False,False,False,False,False
14,"[-9.13640671e+01  1.02003880e+01 -1.39993271e+02  0.00000000e+00
  1.90000000e+01 -1.00000000e+00  3.59908905e+02  2.21911057e+02
  2.67027318e-02  1.31609869e-03  2.00000000e+00  2.75028659e+00
  0.00000000e+00  1.34922176e+00 -7.31597052e-01  0.00000000e+00
  0.00000000e+00  0.00000000e+00  0.00000000e+00  6.85474181e+01
  0.00000000e+00  1.00000000e+02 -3.41696940e-01  2.32437721e-01]",23,by model,0.449969,No collision,"[0.449831, 0.449893, 0.449969, 0.449946, 0.449855, 0.449851, 0.44985, 0.44985, 0.449848, 0.44985, 0.449851, 0.44985]",False,False,False,False,False
14,"[-9.13636322e+01  1.02025518e+01 -1.39993027e+02  0.00000000e+00
  1.90000000e+01  1.00000000e+00  3.59958710e+02  2.21910538e+02
  2.33731177e-02  1.43148800e-03  3.00000000e+00  2.75075573e+00
  0.00000000e+00  1.34890990e+00 -7.31576588e-01  5.81467923e+01
  2.31539021e+00  7.62939570e-04  9.89411735e+00  3.55680433e+01
  0.00000000e+00  1.00000000e+02 -3.41696940e-01  2.96784991e-01]",43,by model,0.607662,No collision,"[0.449902, 0.44989, 0.44997, 0.44996, 0.607662, 0.44996, 0.449945, 0.449815, 0.449844, 0.449848, 0.449847, 0.449847]",False,False,False,False,False
14,"[-9.13630600e+01  1.02025547e+01 -1.39993530e+02  0.00000000e+00
  1.90000000e+01  1.00000000e+00  3.59959167e+02  2.21933029e+02
  2.55355332e-02  1.67846884e-03  4.00000000e+00  2.75077226e+00
  0.00000000e+00  1.34888493e+00 -7.31996140e-01  1.05698366e+02
  2.33686598e+00  1.00003882e+01  9.95061234e+00  3.56595772e+01
  0.00000000e+00  1.00000000e+02 -3.41696940e-01  2.97881024e-01]",43,by model,0.621196,No collision,"[0.449846, 0.449873, 0.449969, 0.449958, 0.621196, 0.449847, 0.449848, 0.449942, 0.449974, 0.449924, 0.44985, 0.449848]",False,False,False,False,True
15,"[-6.79935608e+01  1.02043362e+01 -1.15629410e+02  0.00000000e+00
  1.90000000e+01 -1.00000000e+00  3.59943085e+02  2.23268082e+02
  3.51254642e-02  5.37352602e+00  0.00000000e+00  1.00000000e+02
  1.00000000e+02  1.50773064e+00 -7.55169430e-01  0.00000000e+00
  0.00000000e+00  0.00000000e+00  0.00000000e+00  7.30207562e+01
  0.00000000e+00  1.00000000e+02 -1.06161287e+00  1.55593940e+00]",41,randomly,0.466509,No collision,"[0, 0, 0, 0, 0.466509, 0.071556, 0, 0, 0, 0, 0, 0]",False,False,False,False,False
15,"[-9.87770615e+01  1.02036619e+01 -1.48667328e+02  0.00000000e+00
  1.90000000e+01 -1.00000000e+00  3.17414515e-02  2.24299957e+02
  7.76321888e-02  8.15861152e+00  1.00000000e+00  1.00000000e+02
  1.00000000e+02  1.34845961e+00 -7.73531777e-01  0.00000000e+00
  0.00000000e+00  0.00000000e+00  0.00000000e+00  0.00000000e+00
  3.27734552e+01  1.00000000e+02 -2.23365330e+00 -1.24805204e+00]",39,randomly,0.0,No collision,"[0, 0, 0, 0, 0, 0, 0, 0, 0, 0, 0, 0]",False,False,False,False,False
15,"[-1.21142929e+02  1.02040691e+01 -1.52513870e+02  0.00000000e+00
  1.90000000e+01 -1.00000000e+00  3.59914429e+02  3.07478271e+02
  1.47413850e-01  4.76371182e+00  2.00000000e+00  9.24231568e+01
  1.06100385e+01  1.34917353e+00  9.16003341e-01  2.52121664e+01
  5.06316583e-03  1.06100398e+01  9.13591698e-01  7.87224557e+01
  0.00000000e+00  1.00000000e+02 -7.13460067e+00  1.50762827e+00]",13,by model,0.845636,No collision,"[0, 0, 0, 0, 0, 0, 0.224405, 0.485127, 0.711315, 0.845636, 0.726339, 0.494816]",False,False,False,False,False
15,"[-1.57402283e+02  1.02032442e+01 -1.17969238e+02  0.00000000e+00
  1.90000000e+01  1.00000000e+00  4.21745218e-02  3.14067444e+02
  3.06048593e-03  9.68719467e+00  3.00000000e+00  1.03499501e+01
  0.00000000e+00  1.34839736e+00  8.01662518e-01  2.69148798e+01
  1.46082278e+00  5.58815516e+00  9.13591698e-01  0.00000000e+00
  1.79358993e+01  1.00000000e+02  6.64471047e-03 -3.05757357e-01]",22,by model,0.209991,No collision,"[0.209991, 0, 0, 0, 0, 0, 0, 0, 0, 0, 0, 0]",False,False,False,False,False
15,"[-1.83331223e+02  1.02044554e+01 -9.25861816e+01  0.00000000e+00
  1.90000000e+01 -1.00000000e+00  7.54465088e-02  3.14923615e+02
  5.10270242e-04  2.05809549e+00  4.00000000e+00  5.28430912e+00
  8.20292972e-02  1.34817164e+00  7.86718679e-01  1.00000000e+02
  1.00000000e+01  1.00000000e+02  2.00000000e+01  0.00000000e+00
  2.74279737e+01  1.00000000e+02 -1.58662218e-01 -1.57636169e+00]",0,by model,0.191213,No collision,"[0.068779, 0.159055, 0.191213, 0.187017, 0.187036, 0.187042, 0.188313, 0.188317, 0.188317, 0.188322, 0.18833, 0.188331]",False,False,False,False,False
15,"[-1.84827759e+02  1.02044849e+01 -9.10906601e+01  0.00000000e+00
  1.90000000e+01 -1.00000000e+00  2.48361557e-05  3.14976105e+02
  1.32735013e-05  1.86643229e-05  4.00000000e+00  4.05835389e+00
  0.00000000e+00  1.34865072e+00  7.85818180e-01  5.73588412e+01
  1.59688106e+00  0.00000000e+00  4.35263995e+00  0.00000000e+00
  6.99973714e+01  1.00000000e+02 -2.12213491e-01 -3.00000000e+00]",42,by model,0.51373,No collision,"[0.188331, 0.188337, 0.18834, 0.51373, 0.330525, 0.195722, 0.209349, 0.209364, 0.20998, 0.221471, 0.221486, 0.22149]",False,False,False,False,False
15,"[-1.85151367e+02  1.02044840e+01 -9.07673416e+01  0.00000000e+00
  1.90000000e+01 -1.00000000e+00  2.44540861e-04  3.14983154e+02
 -3.14077988e-06  1.99013388e-05  5.00000000e+00  3.89255992e+00
  0.00000000e+00  1.34865066e+00  7.85690176e-01  5.39610593e+01
  1.59692028e+00  0.00000000e+00  4.36188217e+00  0.00000000e+00
  6.99971972e+01  1.00000000e+02 -1.98008034e-01 -3.00000000e+00]",42,by model,0.259396,No collision,"[0.22149, 0.221486, 0.221486, 0.221485, 0.259396, 0, 0, 0, 0, 0, 0, 0]",False,False,False,False,False
15,"[-1.88878616e+02  1.02043123e+01 -8.70343475e+01  0.00000000e+00
  1.90000000e+01  1.00000000e+00  3.59836212e+02  3.15050140e+02
  5.11199069e-05  2.52016426e+00  6.00000000e+00  2.95823391e+01
  1.00002043e+01  1.34963838e+00  7.84510780e-01  3.19056188e+00
  7.38392522e-02  3.88367982e+00  3.50749392e+00  6.69548309e+01
  0.00000000e+00  1.00000000e+02 -1.01819713e-02  3.26662161e+00]",19,randomly,0.0,No collision,"[0, 0, 0, 0, 0, 0, 0, 0, 0, 0, 0, 0]",False,False,False,False,False
15,"[-2.14714371e+02  1.02043419e+01 -6.47562256e+01  0.00000000e+00
  1.90000000e+01  1.00000000e+00  7.01659620e-02  2.90554962e+02
  3.59712799e+02  3.58289719e+00  7.00000000e+00  5.55538749e+01
  1.00000238e+01  1.34823087e+00  1.21335426e+00  8.80856150e+00
  2.67063596e-01  4.39881260e+00  6.62285003e-01  0.00000000e+00
  1.45000000e+01  1.00000000e+02  4.05290860e+01 -3.39451078e-01]",24,randomly,0.0,No collision,"[0, 0, 0, 0, 0, 0, 0, 0, 0, 0, 0, 0]",False,False,False,False,False
15,"[-2.25179718e+02  1.02043705e+01 -7.94210205e+01  0.00000000e+00
  1.90000000e+01  0.00000000e+00  3.59864838e+02  1.75197800e+02
  3.59794678e+02  5.38319895e+00  8.00000000e+00  1.29777866e+01
  1.00004036e+01  1.34947812e+00  8.47469362e-02  1.00000000e+02
  1.00000000e+01  1.00000000e+02  2.00000000e+01  5.46880493e+01
  0.00000000e+00  1.00000000e+02  7.85129442e+00  2.25633500e+00]",7,randomly,0.0,No collision,"[0, 0, 0, 0, 0, 0, 0, 0, 0, 0, 0, 0]",False,False,False,False,False
15,"[-2.16707474e+02  1.02030706e+01 -1.31008682e+02  2.00000003e-01
  1.90000000e+01 -1.00000000e+00  3.59978577e+02  1.70404404e+02
  3.59993256e+02  1.03202120e+01  8.00000000e+00  4.93288391e+01
  1.00003030e+01  1.34878735e+00  1.67501379e-01  0.00000000e+00
  0.00000000e+00  0.00000000e+00  0.00000000e+00  0.00000000e+00
  2.10661804e+01  1.00000000e+02 -3.40446031e-01 -3.26622421e-01]",33,by model,0.0,No collision,"[0, 0, 0, 0, 0, 0, 0, 0, 0, 0, 0, 0]",False,False,False,False,False
15,"[-2.09437866e+02  1.02043238e+01 -1.74962646e+02  2.00000003e-01
  1.90000000e+01  1.00000000e+00  1.09520674e-01  1.70744644e+02
 -7.78861358e-05  3.35271067e+00  9.00000000e+00  5.58643757e+01
  3.23687797e-02  1.34797716e+00  1.61532825e-01  1.91162817e+00
  2.83212713e+00  3.23687829e-02  4.14318540e-01  0.00000000e+00
  4.34005715e+01  1.00000000e+02  3.23101904e-02 -3.47075146e+00]",31,by model,0.0,No collision,"[0, 0, 0, 0, 0, 0, 0, 0, 0, 0, 0, 0]",False,False,False,False,False
15,"[-2.08951996e+02  1.02044754e+01 -1.77940308e+02  2.00000003e-01
  1.90000000e+01  1.00000000e+00  3.20644940e-05  1.70730453e+02
  9.86222130e-06  1.42797220e-05  1.00000000e+01  9.89193666e+00
  9.53674316e-05  1.34865077e+00  1.61783876e-01  1.13557578e+00
  2.58272728e+00  9.53674316e-05  7.27888067e+00  0.00000000e+00
  4.04600831e+01  1.00000000e+02  1.81057657e-02 -3.27543062e-01]",14,by model,0.0,No collision,"[0, 0, 0, 0, 0, 0, 0, 0, 0, 0, 0, 0]",False,False,False,False,False
15,"[-2.08951996e+02  1.02044754e+01 -1.77940308e+02  2.00000003e-01
  1.90000000e+01 -1.00000000e+00  4.09583154e-05  1.70730453e+02
 -1.93991309e-06  3.25684329e-06  1.10000000e+01  9.89193661e+00
  9.53674316e-05  1.34865077e+00  1.61783876e-01  1.32570092e+00
  2.62610518e+00  9.53674316e-05  7.27888067e+00  0.00000000e+00
  4.04634163e+01  1.00000000e+02  1.81057657e-02 -3.27537744e-01]",14,by model,0.0,No collision,"[0, 0, 0, 0, 0, 0, 0, 0, 0, 0, 0, 0]",False,False,False,False,False
15,"[-2.08951996e+02  1.02044754e+01 -1.77940308e+02  2.00000003e-01
  1.90000000e+01 -1.00000000e+00  3.44147847e-05  1.70730453e+02
  7.15549231e-06  2.54294183e-05  1.20000000e+01  9.89193661e+00
  0.00000000e+00  1.34865077e+00  1.61783876e-01  2.51962094e+01
  2.76957725e+00  0.00000000e+00  7.27888067e+00  0.00000000e+00
  4.04566308e+01  1.00000000e+02  1.81057657e-02 -3.27548570e-01]",5,by model,0.0,No collision,"[0, 0, 0, 0, 0, 0, 0, 0, 0, 0, 0, 0]",False,False,False,False,False
15,"[-2.08951996e+02  1.02044754e+01 -1.77940308e+02  5.00000000e+00
  1.90000000e+01 -1.00000000e+00  3.50258706e-05  1.70730453e+02
 -6.43863814e-06  1.55874080e-05  1.20000000e+01  9.89193657e+00
  0.00000000e+00  1.34865077e+00  1.61783876e-01  1.00000000e+02
  1.00000000e+01  1.00000000e+02  2.00000000e+01  0.00000000e+00
  4.04593930e+01  1.00000000e+02  1.81057657e-02 -3.27544163e-01]",17,by model,0.0,No collision,"[0, 0, 0, 0, 0, 0, 0, 0, 0, 0, 0, 0]",False,False,False,False,False
15,"[-2.08951996e+02  1.02044754e+01 -1.77940308e+02  5.00000000e+00
  1.90000000e+01 -1.00000000e+00  3.45333538e-05  1.70730453e+02
  8.61811623e-06  2.28214653e-05  1.30000000e+01  9.89192163e+00
  0.00000000e+00  1.34865077e+00  1.61783876e-01  1.70905663e+01
  3.13058001e+00  1.00005638e+01  1.66841091e+00  0.00000000e+00
  4.04574061e+01  1.00000000e+02  1.81057657e-02 -3.27547333e-01]",34,randomly,0.0,No collision,"[0, 0, 0, 0, 0, 0, 0, 0, 0, 0, 0, 0]",False,False,False,False,False
15,"[-2.08951996e+02  1.02044754e+01 -1.77940308e+02  5.00000000e+00
  1.90000000e+01  1.00000000e+00  3.28874448e-05  1.70730453e+02
  9.44752082e-06  2.43932240e-05  1.40000000e+01  9.89192163e+00
  0.00000000e+00  1.34865077e+00  1.61783876e-01  2.27460089e+00
  3.14078867e+00  0.00000000e+00  5.72626901e+00  0.00000000e+00
  4.04331414e+01  1.00000000e+02  1.81057657e-02 -3.27621542e-01]",14,by model,0.0,No collision,"[0, 0, 0, 0, 0, 0, 0, 0, 0, 0, 0, 0]",False,False,False,False,False
15,"[-2.08951996e+02  1.02044754e+01 -1.77940308e+02  5.00000000e+00
  1.90000000e+01  1.00000000e+00  3.37254933e-05  1.70730453e+02
  9.21897117e-06  1.51210263e-05  1.50000000e+01  9.89192163e+00
  0.00000000e+00  1.34865077e+00  1.61783876e-01  2.04603283e+00
  3.14077589e+00  0.00000000e+00  5.72635722e+00  0.00000000e+00
  4.04585843e+01  1.00000000e+02  1.81057657e-02 -3.27548874e-01]",23,randomly,0.0,No collision,"[0, 0, 0, 0, 0, 0, 0, 0, 0, 0, 0, 0]",False,False,False,False,False
15,"[-2.08951996e+02  1.02044754e+01 -1.77940308e+02  5.00000000e+00
  1.90000000e+01  0.00000000e+00  3.18683051e-05  1.70730453e+02
  7.44224235e-06  1.48616604e-05  1.50000000e+01  9.89192163e+00
  0.00000000e+00  1.34865077e+00  1.61783876e-01  1.00000000e+02
  1.00000000e+01  1.00000000e+02  2.00000000e+01  0.00000000e+00
  4.04576106e+01  1.00000000e+02  1.81057657e-02 -3.27550426e-01]",44,randomly,0.0,No collision,"[0, 0, 0, 0, 0, 0, 0, 0, 0, 0, 0, 0]",False,False,False,False,True
