Episode,State,Action,Collision_Probability,Collision_uid,Collision_Probability_Per_Step,Done
0,"[-38.35280228  -1.44773161 -12.32859898   0.           0.
   0.          12.          -1.           1.31551206 105.09976196
 359.04605103   2.80355005   0.44096193   1.32698428]",101,0.609,No collision,"[0.609038, 0.169888, 0, 0, 0, 0, 0, 0, 0, 0, 0, 0]",False
0,"[-2.80484924e+01 -1.72542548e+00 -1.51889658e+01  0.00000000e+00
  0.00000000e+00  0.00000000e+00  1.20000000e+01 -1.00000000e+00
  1.31591582e+00  1.05682083e+02  3.59367462e+02  2.53745252e-01
  1.40423250e+00  1.29957018e+00]",93,0.625,No collision,"[0, 0, 0, 0, 0, 0, 0.396039, 0.470422, 0.534503, 0.551921, 0.577988, 0.624816]",False
0,"[-21.70305252  -1.84265649 -16.97849083   0.           0.
   0.          12.          -1.           0.81766361 105.6346283
 359.73690796   1.56027916   2.1576407    1.29849671]",55,0.755,No collision,"[0, 0.110313, 0.426133, 0.75543, 0.704373, 0.077221, 0, 0, 0, 0, 0, 0]",False
0,"[ 21.326931    -2.53670096 -29.0365963    0.           0.
   0.          12.           1.           1.3176837  104.67140961
 358.80722046   7.81964875   1.6720768    1.3121921 ]",34,0.745,No collision,"[0, 0.030668, 0.717245, 0.745144, 0.298736, 0, 0, 0, 0, 0, 0, 0]",False
0,"[ 62.42197418  -3.22616887 -38.2943306    0.           0.
   0.          12.           1.           0.85304034 106.93619537
 359.14904785  10.32258354  12.49763792  -1.54587035]",110,1.0,SUV(Clone)98faa3ec-e960-4451-932e-ca078c5847d7,"[0.468564, 0.964999, 0.592557, 0, 1, 0, 0, 0, 0, 0, 0.162629, 0]",False
0,"[115.05258942  -3.94631839 -50.88521576   0.           0.
   0.          12.           1.           0.53787732 103.04754639
 359.92553711   8.97565712   0.90100838   1.29209456]",141,0.753,No collision,"[0, 0, 0.753254, 0.7482, 0.491668, 0.218567, 0.221014, 0.229289, 0.234939, 0, 0, 0]",False
0,"[163.41452026  -4.51320553 -62.80617905   0.           0.
   0.          12.          -1.           0.61867535 104.18600464
 359.67575073   8.06333862  27.26672061   1.31745392]",140,0.39,No collision,"[0.130902, 0.147423, 0, 0.389897, 0.144976, 0, 0, 0, 0, 0, 0, 0]",False
0,"[ 2.05221252e+02 -5.07323694e+00 -7.36315536e+01  0.00000000e+00
  0.00000000e+00  0.00000000e+00  1.20000000e+01 -1.00000000e+00
  9.21041071e-01  1.04680397e+02  1.87673375e-01  1.03848416e+01
  2.43271049e+00  1.31312506e+00]",44,0.0,No collision,"[0, 0, 0, 0, 0, 0, 0, 0, 0, 0, 0, 0]",False
0,"[ 2.66103210e+02 -6.22515440e+00 -8.97671661e+01  0.00000000e+00
  0.00000000e+00  0.00000000e+00  1.20000000e+01 -1.00000000e+00
  1.11259544e+00  1.05291466e+02  9.47374701e-02  8.37916031e+00
  1.45298716e+01  1.30891049e+00]",46,1.0,OBSTACLE,"[0, 0.14788, 0.663308, 0.828212, 0.942199, 0.69749, 0.590251, 0.762282, 0.819762, 1, 0, 0]",False
0,"[ 2.99180450e+02 -6.76032591e+00 -8.88590851e+01  0.00000000e+00
  0.00000000e+00  0.00000000e+00  1.20000000e+01 -1.00000000e+00
  3.59270172e+02  4.43182411e+01  3.58332611e+02  8.89179602e-03
  3.60126478e+01  1.17380877e+00]",68,0.738,No collision,"[0.027357, 0.603214, 0.73825, 0.558712, 0.530307, 0, 0, 0, 0, 0, 0, 0]",False
0,"[ 2.99191162e+02 -6.75984097e+00 -8.88684998e+01  0.00000000e+00
  0.00000000e+00  0.00000000e+00  1.20000000e+01  1.00000000e+00
  3.59528076e+02  4.43156586e+01  3.58661743e+02  1.29104807e-04
  1.35254062e+00  5.51135292e+00]",84,0.0,No collision,"[0, 0, 0, 0, 0, 0, 0, 0, 0, 0, 0, 0]",False
0,"[ 2.99191162e+02 -6.75984430e+00 -8.88684998e+01  0.00000000e+00
  0.00000000e+00  0.00000000e+00  1.20000000e+01  1.00000000e+00
  3.59528381e+02  4.43229332e+01  3.58661285e+02  1.28691081e-04
  1.35254062e+00  5.51135292e+00]",94,0.0,No collision,"[0, 0, 0, 0, 0, 0, 0, 0, 0, 0, 0, 0]",False
0,"[ 2.99191162e+02 -6.75984907e+00 -8.88684998e+01  0.00000000e+00
  0.00000000e+00  0.00000000e+00  1.20000000e+01  1.00000000e+00
  3.59528748e+02  4.43302002e+01  3.58660828e+02  1.27799473e-04
  1.35254062e+00  5.51135292e+00]",88,0.0,No collision,"[0, 0, 0, 0, 0, 0, 0, 0, 0, 0, 0, 0]",False
0,"[ 2.99191162e+02 -6.75985289e+00 -8.88684998e+01  0.00000000e+00
  0.00000000e+00  0.00000000e+00  1.20000000e+01 -1.00000000e+00
  3.59529083e+02  4.43375092e+01  3.58660370e+02  1.28978950e-04
  1.35254062e+00  5.51135292e+00]",60,0.0,No collision,"[0, 0, 0, 0, 0, 0, 0, 0, 0, 0, 0, 0]",False
0,"[ 2.99191162e+02 -6.75985765e+00 -8.88684998e+01  0.00000000e+00
  0.00000000e+00  0.00000000e+00  1.20000000e+01 -1.00000000e+00
  3.59529419e+02  4.43447456e+01  3.58659912e+02  1.28143149e-04
  1.35154425e+00  5.51529111e+00]",90,0.0,No collision,"[0, 0, 0, 0, 0, 0, 0, 0, 0, 0, 0, 0]",True
1,"[-37.55025101  -1.46798062 -12.54880333   0.           0.
   0.          12.          -1.           1.18171191 105.18074036
 359.05200195   4.44238182   1.77771028   1.30191687]",97,0.927,No collision,"[0, 0.422538, 0.809317, 0.871625, 0.927476, 0.886479, 0.579818, 0.43433, 0.554569, 0.660009, 0.706742, 0.742531]",False
1,"[-6.18161249e+00 -1.97085452e+00 -2.14448738e+01  0.00000000e+00
  0.00000000e+00  0.00000000e+00  1.20000000e+01  1.00000000e+00
  8.57675523e-02  1.05905769e+02  1.56955853e-01  1.11833327e+01
  4.51871822e+00  1.29281558e+00]",104,0.725,No collision,"[0.327753, 0.478556, 0.556447, 0.628404, 0.695391, 0.725354, 0.699154, 0.600859, 0.426273, 0.171384, 0, 0]",False
1,"[ 70.03552246  -3.32149625 -31.27614212   0.           0.
   0.          12.          -1.         359.75265503  64.17015076
 358.66061401   1.46356743  25.61229685   4.81892122]",112,0.294,No collision,"[0, 0.294133, 0.241905, 0, 0, 0, 0, 0, 0, 0, 0, 0]",False
1,"[ 7.01391678e+01 -3.31444120e+00 -3.13418541e+01  0.00000000e+00
  0.00000000e+00  0.00000000e+00  1.20000000e+01  1.00000000e+00
  3.59149353e+02  6.22176476e+01  3.58580688e+02  4.54443420e-03
  1.06135194e+01  5.13023892e+00]",107,0.0,No collision,"[0, 0, 0, 0, 0, 0, 0, 0, 0, 0, 0, 0]",False
1,"[ 7.02177811e+01 -3.31546164e+00 -3.13676891e+01  0.00000000e+00
  0.00000000e+00  0.00000000e+00  1.20000000e+01  1.00000000e+00
  3.59130249e+02  6.20041428e+01  3.58608765e+02  5.73500348e-03
  6.83771619e+00  7.59665911e-03]",84,0.244,No collision,"[0.244263, 0, 0, 0, 0, 0, 0.019729, 0, 0, 0, 0.019452, 0]",False
1,"[ 7.02738342e+01 -3.31609011e+00 -3.13977070e+01  0.00000000e+00
  0.00000000e+00  0.00000000e+00  1.20000000e+01  1.00000000e+00
  3.59113068e+02  6.12043419e+01  3.58698181e+02  6.62419085e-03
  2.83832941e+01  1.07488174e+00]",55,0.813,No collision,"[0, 0, 0, 0, 0, 0.813287, 0.453955, 0, 0, 0, 0, 0]",False
1,"[ 7.03051071e+01 -3.31741524e+00 -3.14180489e+01  0.00000000e+00
  0.00000000e+00  0.00000000e+00  1.20000000e+01 -1.00000000e+00
  3.59181305e+02  6.10518799e+01  3.58562073e+02  1.26313728e-04
  1.35141172e+00  5.22096690e+00]",150,0.0,No collision,"[0, 0, 0, 0, 0, 0, 0, 0, 0, 0, 0, 0]",False
1,"[ 7.03050919e+01 -3.31745815e+00 -3.14191952e+01  0.00000000e+00
  0.00000000e+00  2.00000003e-01  1.20000000e+01 -1.00000000e+00
  3.59183685e+02  6.10610809e+01  3.58561066e+02  1.29205092e-04
  1.35084724e+00  5.22022846e+00]",10,0.0,No collision,"[0, 0, 0, 0, 0, 0, 0, 0, 0, 0, 0, 0]",False
1,"[ 7.03050766e+01 -3.31750345e+00 -3.14203396e+01  0.00000000e+00
  0.00000000e+00  2.00000003e-01  1.20000000e+01 -1.00000000e+00
  3.59186096e+02  6.10703011e+01  3.58559814e+02  1.28439960e-04
  1.35027776e+00  5.21949338e+00]",17,0.0,No collision,"[0, 0, 0, 0, 0, 0, 0, 0, 0, 0, 0, 0]",False
1,"[ 7.03050613e+01 -3.31754827e+00 -3.14214840e+01  0.00000000e+00
  0.00000000e+00  2.00000003e-01  1.20000000e+01 -1.00000000e+00
  3.59188507e+02  6.10795212e+01  3.58558533e+02  1.28107731e-04
  1.34970900e+00  5.21875768e+00]",112,0.0,No collision,"[0, 0, 0, 0, 0, 0, 0, 0, 0, 0, 0, 0]",True
2,"[-38.43627167  -1.44563687 -12.30890751   0.           0.
   0.          12.          -1.           1.288463   105.12236023
 359.04299927   2.4763665    3.27341026   1.30695761]",4,0.668,No collision,"[0, 0.667714, 0.36726, 0.52458, 0.518415, 0.512824, 0.494477, 0.475074, 0.566911, 0.440039, 0.347317, 0]",False
2,"[  9.05922031  -2.28053308 -25.88739204   0.           0.
   0.          12.          -1.           1.66431653 106.70737457
 359.85964966   7.25464601   5.19874358   1.27981082]",24,0.579,No collision,"[0, 0, 0, 0.259431, 0.37011, 0.340714, 0.26108, 0.555541, 0.57914, 0.538461, 0.459598, 0.385892]",False
2,"[ 95.7335434   -3.75157142 -47.71076202   0.           0.
   0.          12.          -1.           1.0850246  138.57853699
   1.29395342  16.1444654   26.98678242   1.18922335]",128,1.0,OBSTACLE,"[0, 1, 1, 0, 0, 0, 0, 0, 0, 1, 0, 0]",False
2,"[ 1.01708832e+02 -3.70044541e+00 -5.45378151e+01  0.00000000e+00
  0.00000000e+00  0.00000000e+00  1.20000000e+01  1.00000000e+00
  3.57132050e+02  1.39708267e+02  8.88906896e-01  7.72083343e-04
  9.18189232e+00  1.93437513e-01]",145,1.0,OBSTACLE,"[0, 0, 0, 0, 0, 0, 0, 0, 0, 1, 0, 0]",False
2,"[101.62434387  -3.78243113 -54.32246399   0.5          0.
   0.5         12.           1.         354.87390137 137.89668274
   4.94735384   0.73186948  29.60358904  -1.56012315]",21,0.063,No collision,"[0, 0, 0, 0, 0, 0, 0, 0.063348, 0, 0, 0, 0]",False
2,"[ 1.01489922e+02 -3.76845598e+00 -5.41799011e+01  5.00000000e-01
  0.00000000e+00  5.00000000e-01  1.20000000e+01  1.00000000e+00
  3.55694519e+02  1.37491867e+02  2.47383952e+00  1.53413527e-04
  1.17790808e+00  7.16800381e-01]",141,0.0,No collision,"[0, 0, 0, 0, 0, 0, 0, 0, 0, 0, 0, 0]",False
2,"[ 1.01489914e+02 -3.76838994e+00 -5.41798973e+01  5.00000000e-01
  0.00000000e+00  5.00000000e-01  1.20000000e+01 -1.00000000e+00
  3.55696381e+02  1.37489853e+02  2.47461009e+00  8.44125521e-05
  1.17791022e+00  7.16807392e-01]",15,0.0,No collision,"[0, 0, 0, 0, 0, 0, 0, 0, 0, 0, 0, 0]",False
2,"[ 1.01489914e+02 -3.76839018e+00 -5.41798935e+01  5.00000000e-01
  0.00000000e+00  5.00000000e-01  1.20000000e+01 -1.00000000e+00
  3.55696472e+02  1.37487839e+02  2.47472382e+00  8.43576286e-05
  1.17790735e+00  7.16809520e-01]",16,0.0,No collision,"[0, 0, 0, 0, 0, 0, 0, 0, 0, 0, 0, 0]",False
2,"[ 1.01489914e+02 -3.76839113e+00 -5.41798935e+01  5.00000000e-01
  0.00000000e+00  5.00000000e-01  1.20000000e+01 -1.00000000e+00
  3.55696533e+02  1.37485840e+02  2.47484136e+00  8.33725998e-05
  1.17790735e+00  7.16809520e-01]",2,0.0,No collision,"[0, 0, 0, 0, 0, 0, 0, 0, 0, 0, 0, 0]",False
2,"[ 1.01489914e+02 -3.76839256e+00 -5.41798935e+01  5.00000000e-01
  0.00000000e+00  5.00000000e-01  1.20000000e+01 -1.00000000e+00
  3.55696594e+02  1.37483810e+02  2.47497964e+00  8.44011021e-05
  1.17790735e+00  7.16809520e-01]",61,0.0,No collision,"[0, 0, 0, 0, 0, 0, 0, 0, 0, 0, 0, 0]",True
3,"[-37.9680748   -1.45750904 -12.43238068   0.           0.
   0.          12.          -1.           1.17128539 105.11726379
 359.05050659   4.18419379   1.64338326   1.30409304]",133,0.0,No collision,"[0, 0, 0, 0, 0, 0, 0, 0, 0, 0, 0, 0]",False
3,"[-1.56184340e+01 -1.89583683e+00 -1.87403812e+01  0.00000000e+00
  0.00000000e+00  0.00000000e+00  1.20000000e+01  1.00000000e+00
  5.13328075e-01  1.06115089e+02 -3.92692909e-03  5.25071410e-01
  1.86656758e+01  1.29254725e+00]",151,0.0,No collision,"[0, 0, 0, 0, 0, 0, 0, 0, 0, 0, 0, 0]",False
3,"[ 12.67383575  -2.37126207 -26.78214836   0.           0.
   0.5         12.          -1.           1.12350726 105.51207733
 359.88034058  13.41129604   4.6560179    1.29804323]",88,1.0,BoxTruck(Clone)d267f154-591a-4f99-92b9-6fe4eb94567f,"[0.045283, 1, 1, 0, 0, 0, 0, 0, 0, 0, 0, 0]",False
3,"[ 26.69928932  -2.64820385 -30.59129524   0.           0.
   0.5         12.           1.           0.86702627 103.96195984
 358.71920776   1.19827137  46.72791498   1.3991986 ]",58,0.971,No collision,"[0.027377, 0.478612, 0.594642, 0.858083, 0.970876, 0.955351, 0.827492, 0.63007, 0.310265, 0.086695, 0.219417, 0.232114]",False
3,"[ 50.01575089  -3.01091051 -35.0257988    0.           0.
   0.5         12.           1.           0.71517134  96.80076599
 358.67370605   7.75220854   4.26463243   1.38855162]",73,1.0,BoxTruck(Clone)d267f154-591a-4f99-92b9-6fe4eb94567f,"[0.201417, 1, 0.068146, 0.068095, 1, 0, 0, 0, 0, 0, 0, 0]",False
3,"[101.8913269   -3.78569078 -43.35009003   0.           0.
   0.5         12.           1.           0.71112549  87.25093842
   5.380054     7.86702102  18.58197364   1.49341919]",114,1.0,BoxTruck(Clone)d267f154-591a-4f99-92b9-6fe4eb94567f,"[1, 0, 0, 0, 0, 0, 0, 0, 0, 0, 0, 0]",False
3,"[113.26739502  -3.93711591 -42.01099014   0.           0.
   0.5         12.          -1.         359.8482666   82.42502594
   4.04064226   2.28216365  47.49104456   1.16020153]",69,1.0,OBSTACLE,"[0.466754, 0.80204, 0.866886, 1, 0, 0, 0.2676, 0, 0, 0, 0, 0]",False
3,"[ 1.17205032e+02 -3.87515926e+00 -4.12639084e+01  0.00000000e+00
  0.00000000e+00  5.00000000e-01  1.20000000e+01 -1.00000000e+00
  3.59595459e+02  8.14876404e+01  6.22123182e-01  2.93712910e-03
  1.35543368e+00  4.85944032e+00]",95,0.469,No collision,"[0.469428, 0.469201, 0.469226, 0.469236, 0.469228, 0.469214, 0.4692, 0.469183, 0.469173, 0.469169, 0.469166, 0.469163]",False
3,"[ 1.17198784e+02 -3.87524462e+00 -4.12568245e+01  0.00000000e+00
  0.00000000e+00  5.00000000e-01  1.20000000e+01 -1.00000000e+00
  3.59704803e+02  8.15231247e+01  3.54741901e-01  1.36763243e-04
  1.35031383e+00  4.86530786e+00]",107,0.468,No collision,"[0.468366, 0.468352, 0.468344, 0.468343, 0.468343, 0.468343, 0.468336, 0.468327, 0.46832, 0.468318, 0.468316, 0.468308]",False
3,"[ 1.17198769e+02 -3.87518811e+00 -4.12567558e+01  0.00000000e+00
  0.00000000e+00  5.00000000e-01  1.20000000e+01 -1.00000000e+00
  3.59705780e+02  8.15182800e+01  3.43105614e-01  8.24965438e-05
  1.35030168e+00  4.86536070e+00]",107,0.468,No collision,"[0.468292, 0.46828, 0.468272, 0.468266, 0.468262, 0.468261, 0.468253, 0.468242, 0.468237, 0.468233, 0.468231, 0.468219]",False
3,"[ 1.17198753e+02 -3.87513447e+00 -4.12566719e+01  0.00000000e+00
  0.00000000e+00  5.00000000e-01  1.20000000e+01  1.00000000e+00
  3.59706238e+02  8.15135727e+01  3.29164505e-01  1.29507680e-04
  1.35030693e+00  4.86542299e+00]",48,0.948,No collision,"[0.468207, 0.947845, 0.468187, 0.468185, 0.468178, 0.468177, 0.468165, 0.468167, 0.468151, 0.468143, 0.468136, 0.468135]",False
3,"[ 1.17198738e+02 -3.87507248e+00 -4.12566109e+01  0.00000000e+00
  0.00000000e+00  5.00000000e-01  1.20000000e+01  1.00000000e+00
  3.59706238e+02  8.15089417e+01  3.19090009e-01  9.45796209e-05
  1.35030115e+00  4.86546938e+00]",93,0.982,No collision,"[0.468124, 0.468128, 0.468124, 0.468117, 0.468107, 0.468154, 0.468205, 0.46818, 0.468184, 0.982314, 0.468207, 0.468202]",False
3,"[ 1.17198738e+02 -3.87594509e+00 -4.12564545e+01  0.00000000e+00
  0.00000000e+00  5.00000000e-01  1.20000000e+01  1.00000000e+00
  3.59712830e+02  8.15071640e+01  2.88648158e-01  9.04163250e-04
  1.35031747e+00  4.86558472e+00]",90,0.944,No collision,"[0.468177, 0.944493, 0.944316, 0.944282, 0.468202, 0.468203, 0.944256, 0.468193, 0.468188, 0.468182, 0.944309, 0.944353]",False
3,"[ 1.17198875e+02 -3.87583971e+00 -4.12564697e+01  0.00000000e+00
  0.00000000e+00  5.00000000e-01  1.20000000e+01 -1.00000000e+00
  3.59711945e+02  8.15048294e+01  2.87910342e-01  1.26530240e-02
  1.35045086e+00  4.86555803e+00]",147,0.944,No collision,"[0.944356, 0.468221, 0.468207, 0.9443, 0.46822, 0.468257, 0.468236, 0.46822, 0.944309, 0.46826, 0.468257, 0.46826]",False
3,"[ 1.17199043e+02 -3.87610054e+00 -4.12564850e+01  0.00000000e+00
  2.00000003e-01  0.00000000e+00  1.20000000e+01 -1.00000000e+00
  3.59713623e+02  8.15031662e+01  2.85797805e-01  3.02648110e-03
  1.35061441e+00  4.86552791e+00]",139,0.982,No collision,"[0.468264, 0.468244, 0.468268, 0.468247, 0.982204, 0.468248, 0.468266, 0.982317, 0.468254, 0.468288, 0.468272, 0.468285]",True
4,"[-38.35003281  -1.44773185 -12.3251009    0.           0.
   0.          12.          -1.           1.2576679  105.00215912
 359.04827881   2.82883459   2.16773376   1.31120231]",25,0.0,No collision,"[0, 0, 0, 0, 0, 0, 0, 0, 0, 0, 0, 0]",False
4,"[-5.06957722e+00 -1.97810340e+00 -2.16565514e+01  0.00000000e+00
  0.00000000e+00  0.00000000e+00  1.20000000e+01  1.00000000e+00
  5.31199753e-01  1.05460762e+02  6.73112646e-02  4.87818963e+00
  2.84185677e+01  1.29601612e+00]",137,0.0,No collision,"[0, 0, 0, 0, 0, 0, 0, 0, 0, 0, 0, 0]",False
4,"[ 2.49206114e+00 -2.12150311e+00 -2.37503471e+01  0.00000000e+00
  0.00000000e+00  0.00000000e+00  1.20000000e+01 -1.00000000e+00
  8.11440587e-01  1.05544930e+02 -2.25541601e-03  6.57573646e+00
  1.75456454e+00  1.29919888e+00]",68,0.0,No collision,"[0, 0, 0, 0, 0, 0, 0, 0, 0, 0, 0, 0]",False
4,"[ 61.44075394  -3.18521595 -33.11000824   0.           0.
   0.          12.           1.           1.16991222  91.67551422
   0.71282685   6.64302998   0.13463144   5.44769204]",14,0.0,No collision,"[0, 0, 0, 0, 0, 0, 0, 0, 0, 0, 0, 0]",False
4,"[110.17743683  -3.88380933 -46.91398621   0.           0.
   0.          12.           1.           0.7006281  105.41212463
 359.9211731    8.67760054  10.13457012   1.31467711]",112,0.751,No collision,"[0, 0.208562, 0.751147, 0.722303, 0.119201, 0, 0, 0, 0, 0, 0, 0]",False
4,"[158.24235535  -4.4445467  -60.67524338   0.           0.
   0.          12.           1.           0.622217   106.02398682
 359.63122559   9.13877007  27.77499979   1.30679578]",109,0.875,No collision,"[0.779445, 0.345224, 0, 0, 0.107895, 0.874605, 0.060894, 0, 0, 0, 0, 0]",False
4,"[ 2.05220200e+02 -5.07226896e+00 -7.34012604e+01  0.00000000e+00
  0.00000000e+00  0.00000000e+00  1.20000000e+01 -1.00000000e+00
  1.09307289e+00  1.04950768e+02  1.85066909e-01  2.85361325e+00
  5.70691356e-01  1.31254193e+00]",154,0.792,No collision,"[0.062454, 0.09456, 0.223009, 0.630369, 0.791682, 0.021109, 0, 0, 0, 0, 0, 0]",False
4,"[245.25376892  -5.86796951 -84.12857056   0.           0.
   0.          14.          -1.           0.8663035  104.92536163
 359.78106689   3.98572814   0.41648428   1.26942154]",76,0.845,No collision,"[0, 0.321313, 0.743302, 0.845235, 0.213257, 0, 0, 0, 0, 0, 0, 0]",False
4,"[295.70031738  -6.78422689 -98.81800079   0.           0.
   0.          14.          -1.           1.20210493 112.53524017
 359.63241577   7.32230572  18.79534393   1.26338146]",41,0.918,No collision,"[0.719405, 0.918297, 0.883721, 0.603805, 0.464826, 0.444041, 0.444587, 0.379612, 0.30827, 0, 0, 0]",False
4,"[ 3.48874908e+02 -7.05160093e+00 -9.59744492e+01  0.00000000e+00
  0.00000000e+00  0.00000000e+00  1.40000000e+01 -1.00000000e+00
  3.50713135e+02  7.25567703e+01  8.11309636e-01  2.59602389e-02
  1.75955000e+01  5.06770201e+00]",91,0.126,No collision,"[0.125935, 0, 0, 0, 0, 0, 0, 0, 0, 0, 0, 0]",False
4,"[ 3.49853821e+02 -7.04564714e+00 -9.54356308e+01  0.00000000e+00
  0.00000000e+00  0.00000000e+00  1.40000000e+01  1.00000000e+00
  3.43582672e+02  6.32978210e+01  3.59138824e+02  3.43631186e-01
  1.39315073e+00  5.18223286e+00]",106,0.0,No collision,"[0, 0, 0, 0, 0, 0, 0, 0, 0, 0, 0, 0]",False
4,"[ 3.50230469e+02 -6.98201180e+00 -9.52364655e+01  0.00000000e+00
  0.00000000e+00  0.00000000e+00  1.40000000e+01  1.00000000e+00
  3.45319214e+02  6.18583412e+01  1.12882507e+00  3.75435671e-04
  2.49766836e+01  1.24115648e-01]",115,0.0,No collision,"[0, 0, 0, 0, 0, 0, 0, 0, 0, 0, 0, 0]",False
4,"[ 3.50210724e+02 -6.99084520e+00 -9.52533798e+01  0.00000000e+00
  0.00000000e+00  0.00000000e+00  1.40000000e+01  1.00000000e+00
  3.45097870e+02  6.11288910e+01  1.46602273e+00  1.58240937e-03
  2.57586410e+01  1.11636034e-01]",8,0.0,No collision,"[0, 0, 0, 0, 0, 0, 0, 0, 0, 0, 0, 0]",False
4,"[ 3.50202332e+02 -6.99435806e+00 -9.52626495e+01  0.00000000e+00
  0.00000000e+00  0.00000000e+00  1.40000000e+01 -1.00000000e+00
  3.45024017e+02  6.04155312e+01  1.67265368e+00  2.48156075e-03
  2.57667374e+01  1.11274907e-01]",16,0.0,No collision,"[0, 0, 0, 0, 0, 0, 0, 0, 0, 0, 0, 0]",False
4,"[ 3.50193848e+02 -6.99776888e+00 -9.52719040e+01  0.00000000e+00
  0.00000000e+00  0.00000000e+00  1.40000000e+01 -1.00000000e+00
  3.44955475e+02  5.96923828e+01  1.87187660e+00  2.01394822e-03
  2.57748179e+01  1.10910458e-01]",39,0.0,No collision,"[0, 0, 0, 0, 0, 0, 0, 0, 0, 0, 0, 0]",True
5,"[-36.11536407  -1.51605737 -13.59680748   0.           0.
   0.          12.          -1.           1.32090437 111.41962433
 358.6579895    5.6289641    3.89625415   1.14055319]",7,0.299,No collision,"[0, 0, 0, 0, 0, 0, 0, 0, 0, 0, 0.288645, 0.298584]",False
5,"[ 31.16233063  -2.73107433 -31.78860474   0.           0.
   0.          12.          -1.           0.929802   104.54399109
 358.74990845  17.78356813  11.93792609   1.31626772]",144,0.385,No collision,"[0.347808, 0.3851, 0.369621, 0.318339, 0.238503, 0, 0, 0, 0, 0, 0, 0]",False
5,"[ 8.37595444e+01 -3.56190777e+00 -3.48321953e+01  2.00000003e-01
  0.00000000e+00  2.00000003e-01  1.20000000e+01 -1.00000000e+00
  3.59852631e+02  6.73526154e+01  3.59734924e+02  7.77888881e-05
  1.79073378e+01  1.47962364e+00]",140,0.155,No collision,"[0.155204, 0, 0, 0, 0, 0, 0, 0, 0, 0, 0, 0]",False
5,"[ 8.37595444e+01 -3.56191492e+00 -3.48321953e+01  2.00000003e-01
  0.00000000e+00  2.00000003e-01  1.20000000e+01  1.00000000e+00
  3.59852875e+02  6.73618698e+01  3.59734772e+02  7.83132627e-05
  1.79073378e+01  1.47962364e+00]",124,0.0,No collision,"[0, 0, 0, 0, 0, 0, 0, 0, 0, 0, 0, 0]",False
5,"[ 8.37595444e+01 -3.56192374e+00 -3.48321953e+01  2.00000003e-01
  0.00000000e+00  2.00000003e-01  1.20000000e+01  1.00000000e+00
  3.59853180e+02  6.73711166e+01  3.59734467e+02  7.85638584e-05
  1.79073378e+01  1.47962364e+00]",142,0.0,No collision,"[0, 0, 0, 0, 0, 0, 0, 0, 0, 0, 0, 0]",False
5,"[ 8.37595367e+01 -3.56193256e+00 -3.48321953e+01  2.00000003e-01
  0.00000000e+00  2.00000003e-01  1.20000000e+01  1.00000000e+00
  3.59853455e+02  6.73803787e+01  3.59734161e+02  7.80419340e-05
  1.79073530e+01  1.47962372e+00]",21,0.0,No collision,"[0, 0, 0, 0, 0, 0, 0, 0, 0, 0, 0, 0]",False
5,"[ 8.37595367e+01 -3.56194162e+00 -3.48321953e+01  2.00000003e-01
  0.00000000e+00  2.00000003e-01  1.20000000e+01 -1.00000000e+00
  3.59853760e+02  6.73896179e+01  3.59733856e+02  7.85303669e-05
  1.79073530e+01  1.47962372e+00]",29,0.0,No collision,"[0, 0, 0, 0, 0, 0, 0, 0, 0, 0, 0, 0]",False
5,"[ 8.37595367e+01 -3.56194997e+00 -3.48321915e+01  2.00000003e-01
  0.00000000e+00  2.00000003e-01  1.20000000e+01 -1.00000000e+00
  3.59854065e+02  6.73988724e+01  3.59733551e+02  7.83356969e-05
  1.79073534e+01  1.47962351e+00]",146,0.0,No collision,"[0, 0, 0, 0, 0, 0, 0, 0, 0, 0, 0, 0]",False
5,"[ 8.37595367e+01 -3.56195903e+00 -3.48321915e+01  1.00000000e+00
  0.00000000e+00  1.00000000e+00  1.20000000e+01 -1.00000000e+00
  3.59854340e+02  6.74081268e+01  3.59733246e+02  7.84557571e-05
  1.79073534e+01  1.47962351e+00]",16,0.0,No collision,"[0, 0, 0, 0, 0, 0, 0, 0, 0, 0, 0, 0]",False
5,"[ 8.37595291e+01 -3.56196809e+00 -3.48321915e+01  1.00000000e+00
  0.00000000e+00  1.00000000e+00  1.20000000e+01 -1.00000000e+00
  3.59854645e+02  6.74173737e+01  3.59732941e+02  7.81406484e-05
  1.79073534e+01  1.47962351e+00]",5,0.0,No collision,"[0, 0, 0, 0, 0, 0, 0, 0, 0, 0, 0, 0]",True
6,"[-38.07279587  -1.4549433  -12.40995312   0.           0.
   0.          12.          -1.           1.19312727 105.19294739
 359.04382324   3.93891106   1.39699441   1.29927879]",76,0.0,No collision,"[0, 0, 0, 0, 0, 0, 0, 0, 0, 0, 0, 0]",False
6,"[-22.40320969  -1.83560956 -16.80541039   0.           0.
   0.          12.          -1.           0.78071916 105.95774078
 359.73736572   0.92539362   1.4832646    1.29345795]",128,1.0,Sedan(Clone)fc8aff3f-10d0-405e-b346-835ea68deb9a,"[0, 0, 0, 0, 0, 0, 0, 0, 1, 0, 0, 0]",False
6,"[ 7.77991390e+00 -2.24572659e+00 -2.53899555e+01  0.00000000e+00
  0.00000000e+00  0.00000000e+00  1.20000000e+01 -1.00000000e+00
  1.45541716e+00  1.05745186e+02  3.59859436e+02  4.08311291e-05
  1.33927356e+00  1.29663492e+00]",80,0.747,No collision,"[0.243009, 0.746592, 0, 0, 0, 0, 0, 0, 0, 0, 0, 0]",False
6,"[ 7.78020000e+00 -2.24573302e+00 -2.53899555e+01  0.00000000e+00
  0.00000000e+00  0.00000000e+00  1.20000000e+01  1.00000000e+00
  1.45540619e+00  1.05745186e+02  3.59859436e+02  4.04538005e-05
  1.33950815e+00  1.29667194e+00]",43,0.519,No collision,"[0.047933, 0.357302, 0.472087, 0.507267, 0.516366, 0.518044, 0.518376, 0.518514, 0.518585, 0.518485, 0.518594, 0.518453]",False
6,"[ 7.78048611e+00 -2.24573970e+00 -2.53899555e+01  0.00000000e+00
  0.00000000e+00  0.00000000e+00  1.20000000e+01  1.00000000e+00
  1.45540476e+00  1.05745186e+02  3.59859436e+02  4.03343551e-05
  1.33989216e+00  1.29672901e+00]",105,0.519,No collision,"[0.518619, 0.51859, 0.518321, 0.518375, 0.518556, 0.518556, 0.518275, 0.518748, 0.518427, 0.518512, 0.518688, 0.518462]",False
6,"[ 7.78077221e+00 -2.24574637e+00 -2.53899555e+01  0.00000000e+00
  0.00000000e+00  0.00000000e+00  1.20000000e+01  1.00000000e+00
  1.45540643e+00  1.05745186e+02  3.59859436e+02  4.04877984e-05
  1.34027259e+00  1.29678758e+00]",111,0.519,No collision,"[0.518513, 0.518416, 0.518355, 0.518404, 0.518516, 0.518392, 0.518342, 0.518411, 0.518277, 0.518327, 0.518423, 0.518418]",False
6,"[ 7.78105831e+00 -2.24575305e+00 -2.53899555e+01  0.00000000e+00
  0.00000000e+00  0.00000000e+00  1.20000000e+01 -1.00000000e+00
  1.45540798e+00  1.05745186e+02  3.59859436e+02  4.06233187e-05
  1.34065640e+00  1.29684458e+00]",66,0.519,No collision,"[0.51841, 0.518297, 0.518482, 0.518722, 0.518293, 0.518494, 0.518462, 0.518355, 0.518335, 0.518312, 0.518286, 0.51852]",False
6,"[ 7.78134441e+00 -2.24575973e+00 -2.53899555e+01  0.00000000e+00
  0.00000000e+00  0.00000000e+00  1.20000000e+01 -1.00000000e+00
  1.45541382e+00  1.05745186e+02  3.59859436e+02  4.07330424e-05
  1.34104031e+00  1.29690308e+00]",46,0.709,No collision,"[0.518191, 0.518426, 0.518416, 0.518455, 0.429779, 0.111526, 0.272538, 0.52902, 0.709093, 0.532098, 0.087769, 0]",False
6,"[ 7.78163052e+00 -2.24576688e+00 -2.53899555e+01  0.00000000e+00
  0.00000000e+00  0.00000000e+00  1.20000000e+01 -1.00000000e+00
  1.45541143e+00  1.05745186e+02  3.59859436e+02  4.06782689e-05
  1.34140595e+00  1.29696002e+00]",101,0.519,No collision,"[0.075274, 0.390098, 0.489449, 0.513581, 0.517989, 0.518363, 0.51851, 0.51852, 0.518665, 0.518509, 0.518609, 0.518531]",False
6,"[ 7.78191662e+00 -2.24577355e+00 -2.53899555e+01  0.00000000e+00
  0.00000000e+00  0.00000000e+00  1.20000000e+01 -1.00000000e+00
  1.45541275e+00  1.05745186e+02  3.59859436e+02  4.05823692e-05
  1.34178955e+00  1.29701845e+00]",28,0.745,No collision,"[0.518604, 0.591729, 0.707271, 0.737906, 0.745437, 0.518507, 0.518368, 0.518749, 0.518581, 0.518435, 0.518591, 0.518541]",True
7,"[-37.11183929  -1.47895694 -12.66730499   0.           0.
   0.          12.          -1.           1.23025143 105.1830368
 359.05514526   4.63481901   1.99545586   1.30215083]",18,0.0,No collision,"[0, 0, 0, 0, 0, 0, 0, 0, 0, 0, 0, 0]",False
7,"[-1.99005432e+01 -1.86525834e+00 -1.75073528e+01  0.00000000e+00
  0.00000000e+00  0.00000000e+00  1.20000000e+01 -1.00000000e+00
  3.02989483e-01  1.05991333e+02  3.59718506e+02  2.20194702e-05
  1.42098633e+01  1.29322043e+00]",152,0.0,No collision,"[0, 0, 0, 0, 0, 0, 0, 0, 0, 0, 0, 0]",False
7,"[-1.94286461e+01 -1.86796737e+00 -1.76438179e+01  0.00000000e+00
  0.00000000e+00  1.00000000e+00  1.20000000e+01 -1.00000000e+00
  1.26240388e-01  1.06000053e+02  3.59718658e+02  1.56096453e+00
  1.39358486e+00  1.29275742e+00]",149,0.124,No collision,"[0, 0, 0, 0, 0, 0, 0, 0, 0, 0, 0.040932, 0.124483]",False
7,"[ 27.30005455  -2.66146946 -30.70623779   0.           1.
   0.          12.           1.           0.79264975 104.33679199
 358.66409302  12.38775148   8.66038745   1.30888962]",57,0.0,No collision,"[0, 0, 0, 0, 0, 0, 0, 0, 0, 0, 0, 0]",False
7,"[ 66.12443542  -3.27663016 -32.34383392   0.           1.
   0.          12.           1.           0.93439883  92.52153015
   0.74681938   4.84908913   5.27786833   5.42319287]",111,1.0,Sedan(Clone)d0db0ed4-dede-4972-962f-244a532cb03e,"[0, 0.029941, 1, 0, 0, 0, 0, 0, 0, 0, 0, 0]",False
7,"[ 7.19713364e+01 -3.38336706e+00 -3.30585709e+01  0.00000000e+00
  1.00000000e+00  0.00000000e+00  1.20000000e+01  1.00000000e+00
  9.16191638e-01  1.00539612e+02  1.04734409e+00  5.64645593e-03
  1.34296295e+00  1.38218085e+00]",39,0.502,No collision,"[0, 0, 0, 0.501576, 0, 0.502033, 0, 0, 0, 0, 0, 0]",False
7,"[ 7.20389862e+01 -3.38510895e+00 -3.30358086e+01  0.00000000e+00
  1.00000000e+00  0.00000000e+00  1.20000000e+01 -1.00000000e+00
  8.46990943e-01  1.00951157e+02  1.22965991e+00  1.46525940e-02
  1.36889756e+00  1.38957669e+00]",119,0.001,No collision,"[0.001266, 0.001267, 0.001171, 0.001299, 0.001321, 0.00121, 0.001333, 0.001225, 0.001379, 0.001411, 0.00142, 0.001329]",False
7,"[ 7.20928040e+01 -3.38689256e+00 -3.30061226e+01  0.00000000e+00
  1.00000000e+00  0.00000000e+00  1.20000000e+01 -1.00000000e+00
  9.38144207e-01  1.01494431e+02  1.06215143e+00  2.92961742e-03
  1.41702529e+00  1.41703256e+00]",124,0.805,No collision,"[0.004303, 0.004243, 0.804902, 0.804847, 0.004497, 0.004509, 0.004419, 0.004351, 0.004343, 0.004363, 0.004549, 0.004578]",False
7,"[ 7.21377563e+01 -3.38742685e+00 -3.29874458e+01  0.00000000e+00
  1.00000000e+00  0.00000000e+00  1.20000000e+01 -1.00000000e+00
  8.26546609e-01  1.01921997e+02  1.25497782e+00  1.34924337e-02
  1.36581026e+00  1.37425581e+00]",126,0.939,No collision,"[0.012704, 0.012632, 0.807961, 0.012862, 0.938685, 0.012877, 0.012785, 0.012707, 0.012696, 0.012697, 0.939052, 0.012905]",False
7,"[ 7.21785583e+01 -3.38857937e+00 -3.29686852e+01  0.00000000e+00
  1.00000000e+00  0.00000000e+00  1.20000000e+01 -1.00000000e+00
  8.38093340e-01  1.02279877e+02  1.23252189e+00  1.45975388e-02
  1.40240358e+00  1.39305730e+00]",145,0.939,No collision,"[0.939362, 0.015283, 0.015402, 0.015449, 0.526635, 0.015368, 0.030758, 0.015529, 0.015547, 0.015563, 0.015577, 0.015589]",False
7,"[ 7.22377396e+01 -3.39061284e+00 -3.29381523e+01  5.00000000e-01
  0.00000000e+00  5.00000000e-01  1.20000000e+01  1.00000000e+00
  8.48336577e-01  1.02942909e+02  1.23791742e+00  9.36176010e-03
  1.36605439e+00  1.36037119e+00]",83,0.047,No collision,"[0.023903, 0.023918, 0.023938, 0.023951, 0.023971, 0.047397, 0.024001, 0.024015, 0.024029, 0.024047, 0.024041, 0.024078]",False
7,"[ 7.22982712e+01 -3.39263725e+00 -3.29056664e+01  5.00000000e-01
  0.00000000e+00  5.00000000e-01  1.20000000e+01  1.00000000e+00
  8.72058272e-01  1.03626724e+02  1.20603335e+00  1.16696782e-02
  1.37430616e+00  1.35393741e+00]",76,0.815,No collision,"[0.814535, 0.058115, 0.02952, 0.058222, 0.029571, 0.058313, 0.029616, 0.81458, 0.029653, 0.814532, 0.02969, 0.814541]",False
7,"[ 7.23628082e+01 -3.39454150e+00 -3.28749580e+01  5.00000000e-01
  0.00000000e+00  5.00000000e-01  1.20000000e+01  1.00000000e+00
  8.71671081e-01  1.04243286e+02  1.20113075e+00  1.12898088e-02
  1.34529227e+00  1.31852627e+00]",36,0.818,No collision,"[0.074182, 0.037838, 0.037862, 0.817739, 0.037781, 0.074432, 0.037836, 0.037677, 0.074304, 0.037775, 0.817972, 0.037963]",False
7,"[ 7.25412140e+01 -3.39642715e+00 -3.28752289e+01  5.00000000e-01
  0.00000000e+00  5.00000000e-01  1.20000000e+01 -1.00000000e+00
  8.31627488e-01  1.04447220e+02  1.54042852e+00  7.17466383e-03
  1.49725499e+00  1.33128267e+00]",12,0.412,No collision,"[0.053396, 0.053341, 0.053323, 0.053315, 0.41148, 0.411344, 0.411549, 0.053613, 0.053492, 0.053475, 0.053442, 0.053425]",False
7,"[ 7.28526077e+01 -3.40285587e+00 -3.29130402e+01  5.00000000e-01
  0.00000000e+00  5.00000000e-01  1.20000000e+01 -1.00000000e+00
  9.55389559e-01  1.04097076e+02  1.23639631e+00  1.60989367e-04
  1.80911822e+00  1.35181451e+00]",65,0.244,No collision,"[0.080682, 0.080674, 0.243851, 0.161397, 0.080892, 0.08078, 0.080758, 0.080741, 0.080732, 0.080727, 0.080721, 0.080718]",False
7,"[ 7.29962082e+01 -3.40609431e+00 -3.29309387e+01  5.00000000e-01
  0.00000000e+00  5.00000000e-01  1.20000000e+01 -1.00000000e+00
  9.91632938e-01  1.03973106e+02  1.14703822e+00  1.64131228e-04
  1.95322580e+00  1.35884091e+00]",112,0.093,No collision,"[0.093228, 0.093222, 0.093218, 0.093215, 0.093216, 0.093212, 0.09319, 0.09318, 0.093177, 0.093176, 0.093173, 0.093171]",False
7,"[ 7.29961395e+01 -3.40626383e+00 -3.29306068e+01  5.00000000e-01
  0.00000000e+00  5.00000000e-01  1.20000000e+01 -1.00000000e+00
  1.01540256e+00  1.03967636e+02  1.09724808e+00  1.39149865e-04
  1.95308888e+00  1.35899964e+00]",146,0.093,No collision,"[0.093145, 0.093143, 0.093142, 0.09314, 0.093138, 0.093137, 0.093136, 0.093136, 0.093135, 0.093132, 0.09313, 0.093126]",False
7,"[ 7.29961548e+01 -3.40640879e+00 -3.29303513e+01  1.00000000e+00
  0.00000000e+00  1.00000000e+00  1.20000000e+01  1.00000000e+00
  1.02286267e+00  1.03962837e+02  1.05606365e+00  1.27099645e-04
  1.95304263e+00  1.35912840e+00]",64,0.093,No collision,"[0.093106, 0.093105, 0.093102, 0.0931, 0.093092, 0.09309, 0.093085, 0.093081, 0.093075, 0.093072, 0.093065, 0.093061]",False
7,"[ 7.29962006e+01 -3.40641809e+00 -3.29301605e+01  1.00000000e+00
  0.00000000e+00  1.00000000e+00  1.20000000e+01  1.00000000e+00
  1.02293956e+00  1.03958115e+02  1.02573144e+00  1.02020116e-04
  1.95304732e+00  1.35922881e+00]",9,0.093,No collision,"[0.093052, 0.093049, 0.093044, 0.093041, 0.093037, 0.093032, 0.093031, 0.093028, 0.093026, 0.093023, 0.093027, 0.093024]",False
7,"[ 7.29962921e+01 -3.40615559e+00 -3.29302101e+01  1.00000000e+00
  0.00000000e+00  1.00000000e+00  1.20000000e+01  0.00000000e+00
  1.00655437e+00  1.03953491e+02  1.03297389e+00  1.12614269e-04
  1.95315470e+00  1.35921464e+00]",98,0.093,No collision,"[0.09303, 0.093028, 0.09302, 0.093018, 0.093016, 0.093016, 0.093015, 0.093014, 0.093014, 0.09301, 0.093008, 0.093006]",True
8,"[-37.74377823  -1.46291566 -12.48871422   0.           0.
   0.          12.          -1.           1.23577547 105.01642609
 359.05300903   3.57154526   1.68478446   1.31198742]",20,0.0,No collision,"[0, 0, 0, 0, 0, 0, 0, 0, 0, 0, 0, 0]",False
8,"[ 30.29531097  -2.72178149 -31.76193619   0.           0.
   0.          12.          -1.           0.91277498 105.53833771
 358.67404175  18.67781759  30.96163925   1.2922569 ]",27,1.0,SUV(Clone)bdbffbc7-b8ef-4cc1-9c6d-eae5741682d7,"[1, 0, 0, 0, 0, 0, 0, 0, 0, 0, 0, 0]",False
8,"[ 3.21468582e+01 -2.75318503e+00 -3.24077530e+01  0.00000000e+00
  0.00000000e+00  0.00000000e+00  1.20000000e+01 -1.00000000e+00
  1.07817054e+00  1.06169052e+02  3.58626465e+02  3.13756578e-03
  6.89021968e+00  1.23685947e+00]",27,0.0,No collision,"[0, 0, 0, 0, 0, 0, 0, 0, 0, 0, 0, 0]",False
8,"[ 44.03456497  -2.93362355 -34.46733856   0.           0.
   0.          12.           1.           0.48491019  93.02773285
 357.92584229   7.87720085   4.82987658   1.49561835]",122,0.0,No collision,"[0, 0, 0, 0, 0, 0, 0, 0, 0, 0, 0, 0]",False
8,"[ 8.53307953e+01 -3.56571627e+00 -4.11934013e+01  0.00000000e+00
  0.00000000e+00  0.00000000e+00  1.20000000e+01  1.00000000e+00
  7.04951823e-01  1.08929207e+02  9.16921124e-02  1.17660311e+01
  1.28154928e+01  1.27065955e+00]",30,0.983,No collision,"[0.982842, 0.97344, 0.952143, 0.92021, 0.877063, 0.811608, 0.680639, 0.490799, 0.34513, 0.224432, 0.02898, 0]",False
8,"[153.31285095  -4.39525557 -60.24882126   0.           0.
   0.          12.           1.           0.74561363 104.73223114
 359.59896851   8.1153357    5.71780148   1.34872594]",66,0.0,No collision,"[0, 0, 0, 0, 0, 0, 0, 0, 0, 0, 0, 0]",False
8,"[ 2.00973816e+02 -5.00245237e+00 -7.25678177e+01  0.00000000e+00
  0.00000000e+00  0.00000000e+00  1.20000000e+01 -1.00000000e+00
  8.18154275e-01  1.04642525e+02  1.12790741e-01  9.29671205e+00
  1.52937036e+00  1.31481936e+00]",125,0.947,No collision,"[0.286345, 0.49582, 0.946553, 0.259016, 0, 0, 0, 0, 0, 0, 0, 0]",False
8,"[245.79266357  -5.87736368 -84.34364319   0.           0.
   0.          12.          -1.           0.75134325 104.73719025
 359.86022949   7.10671625   8.03208476   1.3174532 ]",4,0.99,No collision,"[0, 0.366073, 0.701579, 0.867647, 0.989756, 0.466458, 0, 0, 0.569126, 0.9888, 0.227401, 0]",False
8,"[ 2.94359253e+02 -6.74979115e+00 -9.74137268e+01  0.00000000e+00
  0.00000000e+00  0.00000000e+00  1.20000000e+01 -1.00000000e+00
  1.13845301e+00  1.05210823e+02  1.12056337e-01  8.22078241e+00
  2.35222118e+01  1.30373687e+00]",37,0.983,No collision,"[0, 0, 0.000872, 0.436402, 0.981537, 0.325132, 0.398631, 0.307054, 0.492513, 0.739932, 0.983172, 0.716882]",False
8,"[ 3.10611176e+02 -7.10973835e+00 -7.44617310e+01  0.00000000e+00
  0.00000000e+00  0.00000000e+00  1.20000000e+01 -1.00000000e+00
  7.26629645e-02  4.03347635e+00  3.59444855e+02  4.25504842e+00
  9.76190191e+00  6.20714872e+00]",51,0.0,No collision,"[0, 0, 0, 0, 0, 0, 0, 0, 0, 0, 0, 0]",False
8,"[ 3.10792267e+02 -7.11384249e+00 -7.22176361e+01  0.00000000e+00
  0.00000000e+00  0.00000000e+00  1.20000000e+01  1.00000000e+00
  9.87711102e-02  3.65419102e+00  3.59768097e+02  3.84869686e-03
  1.34845940e+00  6.21646359e+00]",52,0.0,No collision,"[0, 0, 0, 0, 0, 0, 0, 0, 0, 0, 0, 0]",False
8,"[ 3.10800018e+02 -7.11401606e+00 -7.22170944e+01  0.00000000e+00
  0.00000000e+00  0.00000000e+00  1.20000000e+01  1.00000000e+00
  1.04004055e-01  3.51663804e+00  3.59767273e+02  1.73688118e-03
  1.34834222e+00  6.22069908e+00]",104,0.0,No collision,"[0, 0, 0, 0, 0, 0, 0, 0, 0, 0, 0, 0]",False
8,"[ 3.10807526e+02 -7.11407185e+00 -7.22162552e+01  0.00000000e+00
  0.00000000e+00  0.00000000e+00  1.20000000e+01  1.00000000e+00
  1.01765297e-01  3.44530272e+00  3.59758759e+02  1.10031532e-03
  1.34829326e+00  6.22266972e+00]",76,0.0,No collision,"[0, 0, 0, 0, 0, 0, 0, 0, 0, 0, 0, 0]",False
8,"[ 3.10816010e+02 -7.11417246e+00 -7.22154694e+01  0.00000000e+00
  0.00000000e+00  0.00000000e+00  1.20000000e+01 -1.00000000e+00
  1.01249769e-01  3.32415867e+00  3.59754120e+02  2.39568920e-03
  1.34838885e+00  6.22432914e+00]",135,0.0,No collision,"[0, 0, 0, 0, 0, 0, 0, 0, 0, 0, 0, 0]",False
8,"[ 3.10823517e+02 -7.11422873e+00 -7.22146988e+01  0.00000000e+00
  0.00000000e+00  0.00000000e+00  1.20000000e+01 -1.00000000e+00
  9.81169716e-02  3.21008587e+00  3.59754791e+02  2.49421730e-03
  1.34897965e+00  6.22231525e+00]",69,0.61,No collision,"[0, 0, 0, 0.609778, 0, 0, 0, 0, 0, 0, 0, 0]",True
9,"[-4.03008614e+01 -1.39654112e+00 -1.17973003e+01  0.00000000e+00
  0.00000000e+00  0.00000000e+00  1.20000000e+01 -1.00000000e+00
  1.47737467e+00  1.04994850e+02  3.59156708e+02  8.62098808e-05
  1.33913652e+00  1.31295565e+00]",23,0.0,No collision,"[0, 0, 0, 0, 0, 0, 0, 0, 0, 0, 0, 0]",False
9,"[-4.03008614e+01 -1.39654112e+00 -1.17973003e+01  0.00000000e+00
  0.00000000e+00  0.00000000e+00  1.20000000e+01 -1.00000000e+00
  1.47737372e+00  1.04994850e+02  3.59156708e+02  8.61407135e-05
  1.33913652e+00  1.31295565e+00]",42,0.518,No collision,"[0.517561, 0.209607, 0, 0, 0, 0, 0.273624, 0.367204, 0.267256, 0, 0, 0]",False
9,"[-4.03008614e+01 -1.39654112e+00 -1.17973003e+01  0.00000000e+00
  0.00000000e+00  0.00000000e+00  1.20000000e+01 -1.00000000e+00
  1.47737443e+00  1.04994850e+02  3.59156708e+02  8.61541733e-05
  1.33913652e+00  1.31295565e+00]",21,0.496,No collision,"[0, 0.496041, 0, 0, 0, 0, 0, 0, 0, 0, 0, 0]",False
9,"[-4.03008614e+01 -1.39654112e+00 -1.17973003e+01  0.00000000e+00
  0.00000000e+00  0.00000000e+00  1.20000000e+01  1.00000000e+00
  1.47737503e+00  1.04994850e+02  3.59156708e+02  8.62946372e-05
  1.33913652e+00  1.31295565e+00]",153,0.0,No collision,"[0, 0, 0, 0, 0, 0, 0, 0, 0, 0, 0, 0]",False
9,"[-4.03008614e+01 -1.39654112e+00 -1.17973003e+01  0.00000000e+00
  0.00000000e+00  0.00000000e+00  1.00000000e+01  1.00000000e+00
  1.47737503e+00  1.04994850e+02  3.59156708e+02  8.62432967e-05
  1.33913652e+00  1.31295565e+00]",144,0.0,No collision,"[0, 0, 0, 0, 0, 0, 0, 0, 0, 0, 0, 0]",False
9,"[-4.01617928e+01 -1.40106010e+00 -1.19093227e+01  2.00000003e-01
  0.00000000e+00  2.00000003e-01  1.00000000e+01  1.00000000e+00
  1.35754693e+00  1.07616333e+02  3.59294800e+02  8.99799697e-01
  1.50393867e+00  1.26449208e+00]",65,0.924,No collision,"[0.015609, 0.162275, 0.685401, 0.886042, 0.922913, 0.919808, 0.924189, 0.677769, 0.526408, 0.365413, 0.285829, 0]",False
9,"[-3.14278927e+01 -1.67626143e+00 -1.60784225e+01  2.00000003e-01
  0.00000000e+00  2.00000003e-01  1.00000000e+01 -1.00000000e+00
  1.61297846e+00  1.07805641e+02  3.58837250e+02  1.12970362e-04
  2.71981643e+00  1.25724222e+00]",111,0.563,No collision,"[0.563247, 0.563236, 0.563238, 0.563239, 0.56324, 0.563241, 0.563242, 0.563244, 0.563245, 0.563247, 0.56325, 0.563252]",False
9,"[-3.14278641e+01 -1.67628860e+00 -1.60795536e+01  2.00000003e-01
  0.00000000e+00  2.00000003e-01  1.00000000e+01 -1.00000000e+00
  1.60815787e+00  1.07802055e+02  3.58836243e+02  1.12710135e-04
  2.71843616e+00  1.25682515e+00]",154,0.563,No collision,"[0.563214, 0.563216, 0.563218, 0.563219, 0.563219, 0.56322, 0.563221, 0.563222, 0.563224, 0.563225, 0.563226, 0.563229]",False
9,"[-3.14278641e+01 -1.67632127e+00 -1.60806980e+01  2.00000003e-01
  0.00000000e+00  2.00000003e-01  1.40000000e+01 -1.00000000e+00
  1.60804391e+00  1.07798340e+02  3.58836121e+02  1.12558883e-04
  2.71709313e+00  1.25640057e+00]",58,0.563,No collision,"[0.563187, 0.563189, 0.56319, 0.563191, 0.563193, 0.563195, 0.563197, 0.563199, 0.5632, 0.563201, 0.563202, 0.563204]",False
9,"[-3.14278622e+01 -1.67635405e+00 -1.60818424e+01  2.00000003e-01
  0.00000000e+00  2.00000003e-01  1.40000000e+01 -1.00000000e+00
  1.60792875e+00  1.07794617e+02  3.58835999e+02  1.12871908e-04
  2.71548662e+00  1.25597176e+00]",75,0.93,No collision,"[0.56317, 0.563171, 0.563172, 0.563172, 0.563173, 0.563173, 0.563174, 0.563176, 0.563178, 0.928765, 0.929788, 0.929118]",False
9,"[-2.75178604e+01 -1.77437854e+00 -1.71183491e+01  2.00000003e-01
  0.00000000e+00  2.00000003e-01  1.40000000e+01  1.00000000e+00
  7.18834579e-01  1.04733414e+02  3.58775452e+02  5.76779870e+00
  2.11858335e+00  1.00458047e+00]",44,0.807,No collision,"[0.399877, 0.587242, 0.775921, 0.63924, 0.09523, 0.253096, 0.298671, 0, 0, 0.640708, 0.807455, 0.501136]",False
9,"[ -1.31377578  -2.05572319 -26.27021217   0.2          0.
   0.2         14.          -1.           1.12846637 117.62937927
   0.40629035   3.29176044   1.538223     1.08708666]",139,0.74,No collision,"[0.740023, 0.492089, 0.468927, 0, 0, 0.240596, 0, 0.447199, 0.143268, 0, 0, 0]",False
9,"[ 1.47011650e+00 -2.11845040e+00 -2.77380390e+01  2.00000003e-01
  0.00000000e+00  2.00000003e-01  1.40000000e+01 -1.00000000e+00
  1.15577626e+00  1.17804794e+02  4.05263335e-01  4.30892418e-05
  4.68537595e+00  1.08607584e+00]",88,0.0,No collision,"[0, 0, 0, 0, 0, 0, 0, 0, 0, 0, 0, 0]",False
9,"[ 1.47033107e+00 -2.11845493e+00 -2.77380390e+01  2.00000003e-01
  0.00000000e+00  2.00000003e-01  1.40000000e+01  1.00000000e+00
  1.15577793e+00  1.17804794e+02  4.05262828e-01  4.29285057e-05
  4.68556498e+00  1.08609709e+00]",115,0.0,No collision,"[0, 0, 0, 0, 0, 0, 0, 0, 0, 0, 0, 0]",False
9,"[ 1.47054565e+00 -2.11845922e+00 -2.77380390e+01  2.00000003e-01
  0.00000000e+00  2.00000003e-01  1.40000000e+01  1.00000000e+00
  1.15577984e+00  1.17804794e+02  4.05260354e-01  4.32660177e-05
  4.68575399e+00  1.08611833e+00]",125,0.0,No collision,"[0, 0, 0, 0, 0, 0, 0, 0, 0, 0, 0, 0]",False
9,"[ 1.47076023e+00 -2.11846399e+00 -2.77380390e+01  2.00000003e-01
  0.00000000e+00  2.00000003e-01  1.40000000e+01  1.00000000e+00
  1.15578055e+00  1.17804794e+02  4.05257463e-01  4.29005440e-05
  4.68594470e+00  1.08613976e+00]",99,0.0,No collision,"[0, 0, 0, 0, 0, 0, 0, 0, 0, 0, 0, 0]",False
9,"[ 1.47097480e+00 -2.11846828e+00 -2.77380390e+01  2.00000003e-01
  0.00000000e+00  2.00000003e-01  1.40000000e+01 -1.00000000e+00
  1.15577757e+00  1.17804794e+02  4.05263186e-01  4.30939546e-05
  4.68613541e+00  1.08616119e+00]",153,0.657,No collision,"[0, 0, 0, 0, 0, 0, 0.056928, 0.046221, 0.569094, 0.656794, 0.54285, 0.243778]",False
9,"[ 1.47118938e+00 -2.11847281e+00 -2.77380390e+01  2.00000003e-01
  0.00000000e+00  2.00000003e-01  1.00000000e+01 -1.00000000e+00
  1.15577710e+00  1.17804794e+02  4.05262291e-01  4.30384513e-05
  4.68632443e+00  1.08618243e+00]",134,0.0,No collision,"[0, 0, 0, 0, 0, 0, 0, 0, 0, 0, 0, 0]",False
9,"[ 1.47140396e+00 -2.11847734e+00 -2.77380390e+01  2.00000003e-01
  0.00000000e+00  2.00000003e-01  1.00000000e+01 -1.00000000e+00
  1.15577853e+00  1.17804794e+02  4.05265689e-01  4.33237765e-05
  4.68651346e+00  1.08620366e+00]",131,0.0,No collision,"[0, 0, 0, 0, 0, 0, 0, 0, 0, 0, 0, 0]",False
9,"[ 1.47161853e+00 -2.11848164e+00 -2.77380390e+01  2.00000003e-01
  0.00000000e+00  2.00000003e-01  1.00000000e+01 -1.00000000e+00
  1.15578139e+00  1.17804794e+02  4.05257791e-01  4.32204325e-05
  4.68670418e+00  1.08622509e+00]",153,0.0,No collision,"[0, 0, 0, 0, 0, 0, 0, 0, 0, 0, 0, 0]",True
10,"[-3.77402229e+01 -1.46301198e+00 -1.24966240e+01  0.00000000e+00
  0.00000000e+00  0.00000000e+00  1.20000000e+01 -1.00000000e+00
  1.33267450e+00  1.05157585e+02  3.59050323e+02  2.89199178e+00
  4.74622361e-02  1.06747712e+00]",29,0.656,No collision,"[0, 0.656411, 0.217219, 0, 0, 0, 0, 0, 0, 0, 0, 0]",False
10,"[-2.31664352e+01 -1.82654548e+00 -1.65924931e+01  0.00000000e+00
  0.00000000e+00  0.00000000e+00  1.20000000e+01 -1.00000000e+00
  1.02797532e+00  1.05952705e+02  3.59823059e+02  2.05321964e-01
  1.07547238e+01  1.29174036e+00]",149,0.123,No collision,"[0.122517, 0, 0, 0, 0, 0, 0, 0, 0, 0.029924, 0.077406, 0.108119]",False
10,"[ 28.80911636  -2.68480015 -31.05446053   0.           1.
   0.          12.          -1.           0.91435373 103.69872284
 358.66885376  13.63958485  18.10476363   1.30973796]",98,0.655,No collision,"[0, 0, 0.415042, 0.654594, 0.090315, 0, 0.034219, 0.08597, 0.029194, 0, 0, 0]",False
10,"[ 85.3145752   -3.57424259 -42.72590256   0.           1.
   0.          12.           1.           0.86384535 106.5304718
 359.47119141   9.24010642   3.19866328  -1.24753275]",124,0.814,No collision,"[0, 0, 0.814056, 0.717285, 0.420953, 0.034497, 0, 0, 0, 0, 0, 0]",False
10,"[143.37307739  -4.26564121 -57.00685501   0.           1.
   0.          12.           1.           0.83453459 105.99594116
 359.96743774  10.7798481    2.36609449   1.40463672]",103,0.512,No collision,"[0, 0, 0.512322, 0.41798, 0, 0, 0, 0, 0, 0, 0, 0]",False
10,"[209.16871643  -5.14244509 -74.63661957   0.           1.
   0.          12.           1.           0.96115214 104.84431458
   0.21793813  11.64847464   4.85978439   1.31155341]",68,0.86,No collision,"[0, 0, 0, 0.094991, 0.512773, 0.839924, 0.859829, 0.560113, 0, 0, 0, 0]",False
10,"[ 2.66666077e+02 -6.23636389e+00 -8.98722916e+01  0.00000000e+00
  1.00000000e+00  0.00000000e+00  1.20000000e+01 -1.00000000e+00
  9.51084733e-01  1.05048347e+02  9.48324203e-02  1.25153028e+01
  1.99549567e+00  1.31492758e+00]",143,0.865,No collision,"[0, 0.554306, 0.805019, 0.864823, 0.5818, 0.225698, 0, 0, 0, 0, 0, 0]",False
10,"[ 325.37210083   -7.20162439 -103.94149017    0.            0.
    0.           12.           -1.            1.12729633   83.08988953
  359.71084595    0.49613999    2.65622181    5.00414886]",57,0.0,No collision,"[0, 0, 0, 0, 0, 0, 0, 0, 0, 0, 0, 0]",False
10,"[335.01724243  -7.37359476 -95.28820801   0.           0.
   0.          12.          -1.           0.46035257  28.50492668
 359.07803345   2.70679904   4.8439352   -1.40742176]",126,0.0,No collision,"[0, 0, 0, 0, 0, 0, 0, 0, 0, 0, 0, 0]",False
10,"[ 3.38821991e+02 -7.40158319e+00 -8.81900330e+01  0.00000000e+00
  0.00000000e+00  0.00000000e+00  1.20000000e+01 -1.00000000e+00
  2.82765090e-01  2.99238987e+01  3.58863495e+02  8.47860657e-05
  2.04063133e+01 -4.20126684e-01]",151,0.719,No collision,"[0, 0, 0, 0, 0, 0, 0, 0.030259, 0.262983, 0.463359, 0.622509, 0.719268]",False
10,"[ 3.44821777e+02 -7.48653746e+00 -7.30720749e+01  0.00000000e+00
  0.00000000e+00  5.00000000e-01  1.20000000e+01  1.00000000e+00
  2.10332513e-01  1.90041409e+01  3.58310974e+02  1.65189206e+00
  1.46224747e+00  5.95787356e+00]",105,0.404,No collision,"[0.043702, 0.072079, 0.073168, 0.162556, 0.253977, 0.395342, 0.404016, 0.404164, 0.404165, 0.404165, 0.404166, 0.404166]",False
10,"[ 3.46275665e+02 -7.50029993e+00 -6.87096939e+01  0.00000000e+00
  0.00000000e+00  5.00000000e-01  1.20000000e+01  1.00000000e+00
  2.01008007e-01  1.80345097e+01  3.57977753e+02  1.33511571e-04
  6.83940074e-01  5.97189895e+00]",2,0.0,No collision,"[0, 0, 0, 0, 0, 0, 0, 0, 0, 0, 0, 0]",False
10,"[ 3.46275665e+02 -7.50029993e+00 -6.87096939e+01  0.00000000e+00
  0.00000000e+00  5.00000000e-01  1.20000000e+01  1.00000000e+00
  2.01054350e-01  1.80355301e+01  3.57977753e+02  1.31984544e-04
  6.83296208e-01  5.97183571e+00]",92,0.0,No collision,"[0, 0, 0, 0, 0, 0, 0, 0, 0, 0, 0, 0]",False
10,"[ 3.46275665e+02 -7.50029993e+00 -6.87096939e+01  0.00000000e+00
  0.00000000e+00  5.00000000e-01  1.20000000e+01 -1.00000000e+00
  2.01075599e-01  1.80365448e+01  3.57977753e+02  1.31849053e-04
  6.82896596e-01  5.97179650e+00]",58,0.0,No collision,"[0, 0, 0, 0, 0, 0, 0, 0, 0, 0, 0, 0]",False
10,"[ 3.46275665e+02 -7.50029993e+00 -6.87096939e+01  0.00000000e+00
  0.00000000e+00  5.00000000e-01  1.20000000e+01 -1.00000000e+00
  2.01122954e-01  1.80375633e+01  3.57977753e+02  1.32769325e-04
  6.82394494e-01  5.97174710e+00]",52,0.693,No collision,"[0.693125, 0.693124, 0.693112, 0.693132, 0.693118, 0, 0.693175, 0.693192, 0.693188, 0.69318, 0.693233, 0.693189]",True
11,"[-37.27862167  -1.48146248 -13.04215622   0.           0.
   0.          12.          -1.           1.26047707 110.26744843
 358.75137329   4.54905911   1.38608457   1.22257765]",66,0.0,No collision,"[0, 0, 0, 0, 0, 0, 0, 0, 0, 0, 0, 0]",False
11,"[-6.65399790e+00 -1.96591675e+00 -2.25811768e+01  0.00000000e+00
  0.00000000e+00  0.00000000e+00  1.20000000e+01  1.00000000e+00
  2.49562170e-02  1.03995071e+02  9.24246609e-02  9.87037648e+00
  4.78838437e+00  1.32036557e+00]",58,0.656,No collision,"[0, 0.3048, 0.295593, 0.366781, 0.463928, 0.493971, 0.485484, 0.521027, 0.544444, 0.65617, 0.604383, 0.435791]",False
11,"[ 77.26298523  -3.46580315 -41.31163406   0.           0.
   0.          12.          -1.           0.91129696 104.09349823
 359.70584106  12.78158876   1.34289178   1.32616628]",22,0.811,No collision,"[0, 0, 0, 0, 0, 0, 0.064807, 0.810732, 0.511419, 0.180463, 0, 0]",False
11,"[133.76196289  -4.14981461 -55.35074615   0.           0.
   0.          12.           1.           0.68571544 104.08392334
 359.9480896    8.93719252   2.73135395   1.3288957 ]",69,0.867,No collision,"[0, 0.515216, 0.79126, 0.741372, 0.867167, 0.496057, 0.07279, 0, 0, 0, 0, 0]",False
11,"[ 1.91696091e+02 -4.86562538e+00 -7.01823959e+01  0.00000000e+00
  0.00000000e+00  0.00000000e+00  1.20000000e+01  1.00000000e+00
  8.36369693e-01  1.04614609e+02  5.74920252e-02  1.07701549e+01
  4.44362092e-01  1.31452075e+00]",5,0.993,No collision,"[0.556578, 0.836453, 0.992968, 0.915135, 0.627286, 0.427919, 0.237722, 0.043653, 0, 0, 0, 0]",False
11,"[ 2.56833740e+02 -6.05855465e+00 -8.72620239e+01  0.00000000e+00
  0.00000000e+00  0.00000000e+00  1.20000000e+01  1.00000000e+00
  1.07209396e+00  1.04906227e+02  3.52662764e-02  1.00156832e+01
  6.52211169e+00  1.31271403e+00]",45,1.0,No collision,"[0.057335, 0.526144, 0.880185, 0.985661, 0.999983, 0.976049, 0.899608, 0.8525, 0.920956, 0.868127, 0.286669, 0.218476]",False
11,"[ 320.68496704   -7.13618612 -104.63407135    0.            0.
    0.           12.           -1.            0.84607726  104.67652893
  359.97140503   13.17128255    9.54952352    1.30327964]",150,0.884,No collision,"[0.660843, 0.713937, 0.88377, 0.793902, 0.65537, 0.150596, 0.82539, 0.693191, 0.437119, 0.514989, 0, 0]",False
11,"[ 3.47378052e+02 -7.59628153e+00 -1.01686302e+02  0.00000000e+00
  0.00000000e+00  2.00000003e-01  1.20000000e+01 -1.00000000e+00
  1.40548384e+00  3.31509628e+01  3.58881561e+02  2.72900559e-03
  1.25925675e+01  5.08062812e-01]",43,0.0,No collision,"[0, 0, 0, 0, 0, 0, 0, 0, 0, 0, 0, 0]",False
11,"[ 3.47381592e+02 -7.59602404e+00 -1.01678040e+02  0.00000000e+00
  0.00000000e+00  2.00000003e-01  1.20000000e+01 -1.00000000e+00
  1.32286346e+00  3.31923027e+01  3.58933350e+02  1.94255298e-03
  4.05420834e-01 -4.56459842e-01]",14,0.0,No collision,"[0, 0, 0, 0, 0, 0, 0, 0, 0, 0, 0, 0]",False
11,"[ 3.47381500e+02 -7.59570980e+00 -1.01678947e+02  0.00000000e+00
  0.00000000e+00  2.00000003e-01  1.20000000e+01 -1.00000000e+00
  1.34021533e+00  3.31977921e+01  3.58957458e+02  1.54359917e-04
  1.52411752e+01 -2.93871077e-01]",144,0.0,No collision,"[0, 0, 0, 0, 0, 0, 0, 0, 0, 0, 0, 0]",False
11,"[ 3.47381500e+02 -7.59570885e+00 -1.01678947e+02  2.00000003e-01
  0.00000000e+00  2.00000003e-01  1.20000000e+01  1.00000000e+00
  1.34013784e+00  3.31977539e+01  3.58957458e+02  1.43714042e-04
  1.52411752e+01 -2.93871077e-01]",144,0.0,No collision,"[0, 0, 0, 0, 0, 0, 0, 0, 0, 0, 0, 0]",False
11,"[ 3.47381500e+02 -7.59570980e+00 -1.01678947e+02  2.00000003e-01
  0.00000000e+00  2.00000003e-01  1.20000000e+01  1.00000000e+00
  1.34013271e+00  3.31977997e+01  3.58957489e+02  4.27804694e-05
  1.52411752e+01 -2.93871077e-01]",83,0.0,No collision,"[0, 0, 0, 0, 0, 0, 0, 0, 0, 0, 0, 0]",False
11,"[ 3.47381500e+02 -7.59570980e+00 -1.01678947e+02  2.00000003e-01
  0.00000000e+00  2.00000003e-01  1.20000000e+01  1.00000000e+00
  1.34021306e+00  3.31977921e+01  3.58957458e+02  1.54394927e-04
  1.34006614e+00  5.70855123e+00]",95,0.8,No collision,"[0, 0, 0, 0, 0, 0, 0, 0, 0, 0.799568, 0.799567, 0]",False
11,"[ 3.47381500e+02 -7.59571028e+00 -1.01678947e+02  2.00000003e-01
  0.00000000e+00  2.00000003e-01  1.20000000e+01 -1.00000000e+00
  1.34020531e+00  3.31978073e+01  3.58957428e+02  1.49199393e-04
  1.52411752e+01 -2.93871077e-01]",150,0.52,No collision,"[0, 0, 0.52016, 0, 0, 0.520157, 0.520156, 0, 0.520155, 0, 0.520154, 0.520154]",False
11,"[ 3.47381500e+02 -7.59571028e+00 -1.01678947e+02  0.00000000e+00
  0.00000000e+00  2.00000003e-01  1.20000000e+01 -1.00000000e+00
  1.34019125e+00  3.31978264e+01  3.58957428e+02  1.34305456e-04
  1.52411752e+01 -2.93871077e-01]",1,0.52,No collision,"[0.520153, 0.520153, 0.520153, 0, 0.52015, 0.52015, 0.520149, 0.520148, 0, 0, 0.520146, 0.520144]",True
12,"[-37.88261795  -1.45943248 -12.4405365    0.           0.
   0.          12.          -1.           1.16759598 104.90231323
 359.0635376    4.24449599   1.64216354   1.31273626]",108,0.95,No collision,"[0.697288, 0.677135, 0.950246, 0.761873, 0.374409, 0, 0.167295, 0.289566, 0.378267, 0.41918, 0.457414, 0.485288]",False
12,"[  2.34699368  -2.1201551  -23.79068947   0.           0.
   0.          12.          -1.           1.04749858 105.65177917
 359.96334839  10.73457672   8.9958105    1.28767787]",119,0.421,No collision,"[0.420556, 0.294577, 0.125084, 0, 0, 0, 0, 0, 0, 0, 0, 0]",False
12,"[ 56.42696381  -3.10192084 -33.85373688   0.           0.
   0.          12.          -1.           0.98025316 101.79715729
   0.5843243    5.09609646   0.29707144   1.42630101]",64,0.416,No collision,"[0, 0, 0, 0, 0, 0, 0, 0, 0, 0, 0.415909, 0.352827]",False
12,"[107.36491394  -3.85829234 -47.33494186   0.           0.
   0.          12.           1.           0.58816499 109.19802856
 359.91287231  11.08380559   5.39886661   1.2521029 ]",1,1.0,No collision,"[0, 0, 0, 0, 0, 0.999728, 0.999729, 0.99973, 0.999731, 0.999732, 0.999732, 0.999732]",False
12,"[ 1.75521591e+02 -4.64436674e+00 -6.57631226e+01  0.00000000e+00
  0.00000000e+00  0.00000000e+00  1.20000000e+01  1.00000000e+00
  6.51431262e-01  1.04489899e+02  1.41414642e-01  1.23895651e+01
  1.46844721e+00  1.31731688e+00]",119,1.0,No collision,"[0.999596, 0.999596, 0.999596, 0.999596, 0.999596, 0.999596, 0.999596, 0.999596, 0.999596, 0.999596, 0.999596, 0.999596]",False
12,"[245.76437378  -5.8794384  -84.26191711   0.           0.
   0.          12.           1.           0.80453372 104.86404419
 359.81546021  11.51798305   4.88387942   1.31310252]",40,0.999,No collision,"[0.998838, 0.998838, 0.998838, 0.998838, 0.998838, 0.998838, 0.998838, 0.998838, 0.998838, 0.998838, 0.998838, 0.998838]",False
12,"[ 314.82647705   -7.06053972 -103.0971756     0.            0.
    0.           12.           -1.            0.6038394   104.52568817
  359.83447266   11.64055607    5.00994024    1.31193217]",22,0.998,No collision,"[0.998172, 0.998172, 0.224651, 0, 0.198311, 0.664066, 0.856119, 0.574748, 0.267481, 0, 0, 0]",False
12,"[ 3.35914093e+02 -7.39322424e+00 -8.07528992e+01  0.00000000e+00
  0.00000000e+00  0.00000000e+00  1.20000000e+01 -1.00000000e+00
  1.37375128e+00  3.49788666e+02  9.23263669e-01  5.78767620e+00
  2.68322285e+00  2.15129070e-01]",89,0.0,No collision,"[0, 0, 0, 0, 0, 0, 0, 0, 0, 0, 0, 0]",False
12,"[ 3.40007446e+02 -7.42635155e+00 -6.17591133e+01  0.00000000e+00
  0.00000000e+00  0.00000000e+00  1.20000000e+01 -1.00000000e+00
  3.59911072e+02  2.10991859e+01  5.18309772e-01  3.45035754e-05
  1.34920403e+00  5.91256119e+00]",77,0.0,No collision,"[0, 0, 0, 0, 0, 0, 0, 0, 0, 0, 0, 0]",False
12,"[ 3.40007446e+02 -7.42635155e+00 -6.17591133e+01  0.00000000e+00
  0.00000000e+00  0.00000000e+00  1.20000000e+01 -1.00000000e+00
  3.59911041e+02  2.10992603e+01  5.18326283e-01  3.42643150e-05
  3.32409358e+00  5.91533180e+00]",144,0.0,No collision,"[0, 0, 0, 0, 0, 0, 0, 0, 0, 0, 0, 0]",False
12,"[ 3.40007446e+02 -7.42635155e+00 -6.17591133e+01  2.00000003e-01
  0.00000000e+00  2.00000003e-01  1.20000000e+01  1.00000000e+00
  3.59911041e+02  2.10992661e+01  5.18321931e-01  3.43095486e-05
  3.35551446e+00  5.91650881e+00]",3,0.0,No collision,"[0, 0, 0, 0, 0, 0, 0, 0, 0, 0, 0, 0]",False
12,"[ 3.40007446e+02 -7.42635155e+00 -6.17591133e+01  2.00000003e-01
  0.00000000e+00  2.00000003e-01  1.20000000e+01  1.00000000e+00
  3.59911041e+02  2.10992699e+01  5.18308401e-01  3.56117704e-05
  3.39332934e+00  5.91789577e+00]",123,0.0,No collision,"[0, 0, 0, 0, 0, 0, 0, 0, 0, 0, 0, 0]",False
12,"[ 3.40007446e+02 -7.42635202e+00 -6.17591133e+01  2.00000003e-01
  0.00000000e+00  2.00000003e-01  1.20000000e+01  1.00000000e+00
  3.59911041e+02  2.10992870e+01  5.18331051e-01  3.44859077e-05
  3.42358742e+00  5.91898408e+00]",0,0.0,No collision,"[0, 0, 0, 0, 0, 0, 0, 0, 0, 0, 0, 0]",False
12,"[ 3.40007446e+02 -7.42635202e+00 -6.17591133e+01  2.00000003e-01
  0.00000000e+00  2.00000003e-01  2.00000000e+01 -1.00000000e+00
  3.59911041e+02  2.10992870e+01  5.18330395e-01  3.48979116e-05
  3.44444016e+00  5.91972294e+00]",66,0.0,No collision,"[0, 0, 0, 0, 0, 0, 0, 0, 0, 0, 0, 0]",False
12,"[ 3.40007446e+02 -7.42635202e+00 -6.17591133e+01  2.00000003e-01
  0.00000000e+00  2.00000003e-01  2.00000000e+01 -1.00000000e+00
  3.59911041e+02  2.10992870e+01  5.18332362e-01  3.53304900e-05
  3.46433719e+00  5.92041949e+00]",52,0.0,No collision,"[0, 0, 0, 0, 0, 0, 0, 0, 0, 0, 0, 0]",True
13,"[-38.08564758  -1.45544946 -12.46166801   0.           0.
   0.          12.          -1.           1.19770885 106.05196381
 359.00149536   3.96689249   1.38066698   1.29505472]",124,0.0,No collision,"[0, 0, 0, 0, 0, 0, 0, 0, 0, 0, 0, 0]",False
13,"[-21.68401527  -1.84555304 -17.29404831   0.           0.
   0.          12.          -1.           0.51276243 106.47074127
 359.73477173   4.47326624   2.0332908    1.28185373]",62,0.044,No collision,"[0, 0, 0, 0, 0, 0, 0, 0, 0, 0.021974, 0.044456, 0]",False
13,"[ 32.56785202  -2.74889326 -32.00381088   0.           0.
   0.          12.          -1.           1.01478684 102.94776917
 358.54162598  11.78222775   4.07950877   1.33875   ]",25,0.61,No collision,"[0, 0, 0, 0, 0, 0.410592, 0.609536, 0.390053, 0, 0, 0, 0]",False
13,"[ 78.10123444  -3.49814367 -42.73831177   0.           0.
   0.          12.           1.           0.78439224 102.59262848
 358.51586914   7.90284365   6.01439531  -1.42500198]",98,0.647,No collision,"[0, 0, 0.017006, 0.647437, 0.376989, 0, 0, 0, 0, 0, 0, 0]",False
13,"[121.84922028  -4.01254082 -52.88441086   0.           0.
   0.          12.           1.           0.47110826 103.44778442
 359.89376831   7.7545283    1.34570443   1.33657345]",101,0.801,No collision,"[0.058961, 0.43812, 0.800564, 0.600684, 0.050941, 0, 0, 0, 0, 0, 0, 0]",False
13,"[ 1.72706100e+02 -4.60955238e+00 -6.53689423e+01  0.00000000e+00
  0.00000000e+00  0.00000000e+00  1.20000000e+01  1.00000000e+00
  6.64346397e-01  1.04300690e+02  1.62633136e-01  9.63706784e+00
  4.06152186e+01  1.31713917e+00]",29,0.976,No collision,"[0, 0, 0.007162, 0.323432, 0.258661, 0.43606, 0.97626, 0.553236, 0.779454, 0.767577, 0.256343, 0]",False
13,"[ 2.65422760e+02 -6.21867704e+00 -8.93923035e+01  0.00000000e+00
  0.00000000e+00  0.00000000e+00  1.20000000e+01 -1.00000000e+00
  1.02614522e+00  1.05281670e+02  1.98975191e-01  2.32931387e+01
  4.87159912e+01  1.31602462e+00]",33,0.914,No collision,"[0.719518, 0.837632, 0.913824, 0.572269, 0.362718, 0, 0, 0, 0, 0, 0, 0]",False
13,"[ 344.62322998   -7.50716352 -111.73390198    0.            0.
    0.           12.           -1.            0.93321097  105.92514038
  359.96365356    6.76841815    1.34276174    1.29301958]",1,0.766,No collision,"[0, 0, 0.567462, 0.765662, 0.341427, 0.050792, 0, 0, 0, 0, 0, 0]",False
13,"[ 3.61238098e+02 -7.71153879e+00 -1.15809807e+02  0.00000000e+00
  0.00000000e+00  0.00000000e+00  1.20000000e+01 -1.00000000e+00
  8.36382687e-01  1.03063591e+02  3.59833527e+02  4.18966481e-05
  1.34337236e+00  1.34355988e+00]",32,0.11,No collision,"[0, 0, 0, 0, 0.109513, 0, 0, 0, 0, 0, 0, 0]",False
13,"[ 3.61238098e+02 -7.71153927e+00 -1.15809807e+02  0.00000000e+00
  0.00000000e+00  0.00000000e+00  1.20000000e+01 -1.00000000e+00
  8.36381257e-01  1.03063591e+02  3.59833527e+02  4.38203937e-05
  1.34337408e+00  1.34355435e+00]",130,0.087,No collision,"[0, 0, 0, 0, 0.087422, 0, 0, 0, 0, 0, 0, 0]",False
13,"[ 3.61238098e+02 -7.71153927e+00 -1.15809807e+02  0.00000000e+00
  0.00000000e+00  0.00000000e+00  1.20000000e+01  1.00000000e+00
  8.36379349e-01  1.03063591e+02  3.59833527e+02  4.16641083e-05
  1.34337408e+00  1.34355435e+00]",132,0.144,No collision,"[0, 0, 0, 0, 0.14396, 0, 0, 0, 0, 0, 0, 0]",False
13,"[ 3.61238098e+02 -7.71153879e+00 -1.15809807e+02  0.00000000e+00
  0.00000000e+00  0.00000000e+00  1.20000000e+01  1.00000000e+00
  8.36380661e-01  1.03063591e+02  3.59833527e+02  4.48188060e-05
  1.34337408e+00  1.34355435e+00]",48,0.137,No collision,"[0, 0, 0.137199, 0, 0, 0, 0, 0, 0, 0, 0, 0]",False
13,"[ 3.61238098e+02 -7.71153879e+00 -1.15809807e+02  0.00000000e+00
  0.00000000e+00  0.00000000e+00  1.20000000e+01  1.00000000e+00
  8.36380959e-01  1.03063591e+02  3.59833527e+02  4.17342097e-05
  1.34337408e+00  1.34355435e+00]",128,0.124,No collision,"[0, 0, 0, 0.124301, 0, 0, 0, 0, 0, 0, 0, 0]",False
13,"[ 3.61238098e+02 -7.71153879e+00 -1.15809807e+02  0.00000000e+00
  0.00000000e+00  0.00000000e+00  1.20000000e+01 -1.00000000e+00
  8.36382329e-01  1.03063591e+02  3.59833527e+02  4.17480047e-05
  1.34337408e+00  1.34355435e+00]",23,0.111,No collision,"[0, 0, 0, 0, 0.110952, 0, 0, 0, 0, 0, 0, 0]",False
13,"[ 3.61238098e+02 -7.71153927e+00 -1.15809807e+02  0.00000000e+00
  0.00000000e+00  0.00000000e+00  1.20000000e+01 -1.00000000e+00
  8.36380839e-01  1.03063591e+02  3.59833527e+02  4.41454201e-05
  1.34337408e+00  1.34355435e+00]",28,0.143,No collision,"[0, 0, 0.143294, 0, 0, 0, 0, 0, 0, 0, 0, 0]",True
14,"[-36.51469803  -1.49436355 -12.86595154   0.           0.
   0.          12.          -1.           1.26460993 105.59525299
 359.02600098   4.46210219   1.86125601   1.28159291]",93,0.942,No collision,"[0, 0.941661, 0, 0, 0, 0, 0, 0.078472, 0.342709, 0.461901, 0.558665, 0.642404]",False
14,"[-3.29118180e+00 -2.00189734e+00 -2.23480682e+01  0.00000000e+00
  0.00000000e+00  0.00000000e+00  1.20000000e+01  1.00000000e+00
  7.47841477e-01  1.05710777e+02  8.78395140e-02  1.31016924e+01
  1.41915926e+01  1.29416537e+00]",10,0.488,No collision,"[0, 0.014676, 0.037849, 0.051384, 0.072103, 0.488053, 0.031541, 0, 0, 0, 0, 0]",False
14,"[ 75.04101562  -3.42036605 -39.7856636    0.           0.
   0.          12.          -1.           0.90662342 103.60436249
 359.75592041   9.86791354   2.27174446   1.33679458]",82,0.417,No collision,"[0, 0, 0, 0, 0, 0, 0, 0, 0, 0, 0.329193, 0.416851]",False
14,"[ 1.23046577e+02 -4.01986408e+00 -5.21169395e+01  0.00000000e+00
  0.00000000e+00  0.00000000e+00  1.20000000e+01  1.00000000e+00
  5.10966420e-01  1.04509521e+02  4.56276163e-02  8.01059581e+00
  1.21469140e+01  1.31793163e+00]",111,0.311,No collision,"[0.310901, 0.180458, 0.206027, 0, 0, 0, 0, 0, 0, 0, 0, 0]",False
14,"[ 1.75526810e+02 -4.64368391e+00 -6.58206100e+01  0.00000000e+00
  0.00000000e+00  0.00000000e+00  1.20000000e+01  1.00000000e+00
  6.46708071e-01  1.04684395e+02  1.47389367e-01  1.02071442e+01
  6.70886944e+00  1.31339378e+00]",149,0.0,No collision,"[0, 0, 0, 0, 0, 0, 0, 0, 0, 0, 0, 0]",False
14,"[240.46055603  -5.77822638 -82.89936829   0.           1.
   0.          12.           1.           1.25780308 104.78526306
 359.36734009  11.9967301    1.15810377   1.31083002]",77,0.0,No collision,"[0, 0, 0, 0, 0, 0, 0, 0, 0, 0, 0, 0]",False
14,"[ 2.97087830e+02 -6.79938173e+00 -9.82566528e+01  0.00000000e+00
  1.00000000e+00  0.00000000e+00  1.20000000e+01 -1.00000000e+00
  1.01226509e+00  1.05313942e+02  1.19373538e-01  5.17221841e+00
  2.40696060e+00  1.27824584e+00]",107,0.838,No collision,"[0, 0, 0.837563, 0.592343, 0.21813, 0, 0, 0, 0, 0, 0, 0]",False
14,"[ 3.46700989e+02 -7.58819580e+00 -1.00886551e+02  0.00000000e+00
  1.00000000e+00  0.00000000e+00  1.20000000e+01 -1.00000000e+00
  1.69377995e+00  4.49230728e+01  3.59379974e+02  1.10099667e-03
  1.07729230e+01  5.71599361e-02]",151,0.0,No collision,"[0, 0, 0, 0, 0, 0, 0, 0, 0, 0, 0, 0]",False
14,"[ 3.46700836e+02 -7.58828449e+00 -1.00887932e+02  0.00000000e+00
  0.00000000e+00  5.00000000e-01  1.20000000e+01 -1.00000000e+00
  1.69888031e+00  4.49864998e+01  3.59350983e+02  7.20473637e-05
  1.07742930e+01  5.71384747e-02]",2,0.0,No collision,"[0, 0, 0, 0, 0, 0, 0, 0, 0, 0, 0, 0]",False
14,"[ 3.46700775e+02 -7.58837128e+00 -1.00889389e+02  0.00000000e+00
  0.00000000e+00  5.00000000e-01  1.20000000e+01 -1.00000000e+00
  1.70717800e+00  4.50535927e+01  3.59348755e+02  1.26818462e-04
  1.07757443e+01  5.71250967e-02]",82,0.0,No collision,"[0, 0, 0, 0, 0, 0, 0, 0, 0, 0, 0, 0]",False
14,"[ 3.46700714e+02 -7.58845758e+00 -1.00890800e+02  0.00000000e+00
  0.00000000e+00  5.00000000e-01  1.20000000e+01  1.00000000e+00
  1.71530473e+00  4.51165848e+01  3.59345581e+02  4.83741248e-05
  1.07771500e+01  5.71119656e-02]",82,0.0,No collision,"[0, 0, 0, 0, 0, 0, 0, 0, 0, 0, 0, 0]",False
14,"[ 3.46700684e+02 -7.58853149e+00 -1.00891998e+02  0.00000000e+00
  0.00000000e+00  5.00000000e-01  1.20000000e+01  1.00000000e+00
  1.72242725e+00  4.51739273e+01  3.59343811e+02  5.21238060e-05
  1.07783424e+01  5.70999682e-02]",40,0.0,No collision,"[0, 0, 0, 0, 0, 0, 0, 0, 0, 0, 0, 0]",False
14,"[ 3.46700653e+02 -7.58859777e+00 -1.00893036e+02  0.00000000e+00
  0.00000000e+00  5.00000000e-01  1.20000000e+01  1.00000000e+00
  1.72864521e+00  4.52271652e+01  3.59342743e+02  1.01069817e-04
  1.07793783e+01  5.70944749e-02]",46,0.0,No collision,"[0, 0, 0, 0, 0, 0, 0, 0, 0, 0, 0, 0]",False
14,"[ 3.46700623e+02 -7.58866215e+00 -1.00894043e+02  0.00000000e+00
  0.00000000e+00  5.00000000e-01  1.20000000e+01 -1.00000000e+00
  1.73438764e+00  4.52812386e+01  3.59343048e+02  5.46194022e-05
  1.07803802e+01  5.70834921e-02]",78,0.0,No collision,"[0, 0, 0, 0, 0, 0, 0, 0, 0, 0, 0, 0]",False
14,"[ 3.46700592e+02 -7.58865786e+00 -1.00894081e+02  0.00000000e+00
  0.00000000e+00  5.00000000e-01  1.20000000e+01 -1.00000000e+00
  1.73510826e+00  4.52828827e+01  3.59341339e+02  5.21649257e-05
  1.07804166e+01  5.70804638e-02]",84,0.237,No collision,"[0, 0, 0, 0, 0.006416, 0, 0, 0, 0.234356, 0.237012, 0.237012, 0.237012]",True
15,"[-37.40217972  -1.47160208 -12.58219719   0.           0.
   0.          12.          -1.           1.20233822 105.09707642
 359.05865479   4.46532589   2.12310202   1.30600659]",83,1.0,Jeep(Clone)cfcbc66b-5e5d-4672-b738-3b1e94fb7e1c,"[0, 0, 0, 0, 0, 1, 0, 0, 0, 0, 0, 0]",False
15,"[-2.33852673e+01 -1.81906533e+00 -1.63809261e+01  0.00000000e+00
  0.00000000e+00  0.00000000e+00  1.20000000e+01 -1.00000000e+00
  1.03866458e+00  1.05999168e+02  1.48307776e+00  5.07497515e-04
  1.05501666e+01  1.30537423e+00]",112,0.931,No collision,"[0.335626, 0.454865, 0.367744, 0.630853, 0.394073, 0.493391, 0.59313, 0.910963, 0.924865, 0.689218, 0.930886, 0.708816]",False
15,"[ 16.09019661  -2.42846894 -27.7051506    0.           0.
   0.          12.          -1.           0.80678368 105.16271973
 359.71133423  11.66722952   4.36472398   1.30594223]",70,0.0,No collision,"[0, 0, 0, 0, 0, 0, 0, 0, 0, 0, 0, 0]",False
15,"[ 63.69455338  -3.23046017 -36.85271072   0.           0.
   0.          12.           1.           0.9702366  108.13354492
   0.15277535   6.98184461  11.22219341   1.39970207]",27,0.0,No collision,"[0, 0, 0, 0, 0, 0, 0, 0, 0, 0, 0, 0]",False
15,"[109.80149841  -3.88738632 -48.68450165   0.           0.
   0.          12.           1.           0.60811663 104.11638641
 359.87686157   8.43855213   0.82342343   1.32522021]",72,0.386,No collision,"[0, 0, 0, 0, 0, 0, 0, 0, 0, 0, 0.385513, 0.386275]",False
15,"[157.3651886   -4.43899441 -61.02800751   0.           0.
   0.          12.           1.           0.62159264 104.67700958
 359.65820312   8.29328255  15.91770945   1.3137233 ]",26,0.0,No collision,"[0, 0, 0, 0, 0, 0, 0, 0, 0, 0, 0, 0]",False
15,"[219.12834167  -5.34305191 -77.26365662   0.           0.
   0.          12.          -1.           1.14095485 104.74295044
 359.993927    10.26963127   5.03691452   1.31385349]",123,0.819,No collision,"[0, 0.159098, 0.818623, 0.805372, 0, 0, 0, 0, 0, 0, 0, 0]",False
15,"[ 2.82915527e+02 -6.54251528e+00 -9.40611801e+01  0.00000000e+00
  0.00000000e+00  0.00000000e+00  1.20000000e+01 -1.00000000e+00
  1.05398297e+00  1.05090912e+02  4.13990114e-04  1.06600215e+01
  1.34196344e+00  1.30741140e+00]",119,0.781,No collision,"[0.515303, 0.780501, 0.600137, 0, 0, 0, 0, 0, 0, 0, 0, 0]",False
15,"[ 333.24734497   -7.32898188 -107.72678375    0.            0.
    0.           12.           -1.            0.89646733  103.02049255
  359.80111694    9.35271268   17.53926992    1.32199638]",22,0.904,No collision,"[0.353894, 0.646864, 0.90419, 0.789898, 0.336927, 0, 0, 0.821304, 0, 0, 0, 0]",False
15,"[ 3.50151245e+02 -7.53051758e+00 -1.00188820e+02  0.00000000e+00
  0.00000000e+00  0.00000000e+00  1.20000000e+01 -1.00000000e+00
  3.54009003e+02  2.47643089e+01  2.69341564e+00  3.63763647e-04
  1.37647909e+00  5.83824851e+00]",92,0.212,No collision,"[0, 0.211608, 0.032246, 0, 0, 0, 0, 0, 0, 0, 0, 0]",False
15,"[ 3.50142181e+02 -7.53282452e+00 -1.00218201e+02  0.00000000e+00
  0.00000000e+00  0.00000000e+00  1.20000000e+01  1.00000000e+00
  3.54160339e+02  2.45670128e+01  2.42829084e+00  1.08002749e-03
  1.37438287e+00  5.84184771e+00]",44,0.0,No collision,"[0, 0, 0, 0, 0, 0, 0, 0, 0, 0, 0, 0]",False
15,"[ 3.50140594e+02 -7.53395081e+00 -1.00233742e+02  0.00000000e+00
  0.00000000e+00  0.00000000e+00  1.20000000e+01  1.00000000e+00
  3.54231750e+02  2.44072075e+01  2.30893779e+00  5.37881694e-03
  1.37218428e+00  5.84455723e+00]",106,0.0,No collision,"[0, 0, 0, 0, 0, 0, 0, 0, 0, 0, 0, 0]",False
15,"[ 3.50137726e+02 -7.53507996e+00 -1.00248405e+02  0.00000000e+00
  0.00000000e+00  0.00000000e+00  1.20000000e+01  1.00000000e+00
  3.54302307e+02  2.42706928e+01  2.18417072e+00  6.92851603e-03
  1.37648370e+00  5.84973851e+00]",139,0.0,No collision,"[0, 0, 0, 0, 0, 0, 0, 0, 0, 0, 0, 0]",False
15,"[ 3.50134125e+02 -7.53641129e+00 -1.00266083e+02  0.00000000e+00
  0.00000000e+00  0.00000000e+00  1.20000000e+01 -1.00000000e+00
  3.54387817e+02  2.41349239e+01  2.03437209e+00  5.14901875e-03
  1.37601927e+00  5.85270835e+00]",46,0.0,No collision,"[0, 0, 0, 0, 0, 0, 0, 0, 0, 0, 0, 0]",False
15,"[ 3.50129486e+02 -7.53789997e+00 -1.00286407e+02  0.00000000e+00
  0.00000000e+00  0.00000000e+00  1.20000000e+01 -1.00000000e+00
  3.54507874e+02  2.40026093e+01  2.00020885e+00  1.72989355e-03
  1.37480981e+00  5.85472164e+00]",115,0.0,No collision,"[0, 0, 0, 0, 0, 0, 0, 0, 0, 0, 0, 0]",True
