Episode,State,Action,Choosing_Type,Collision_Probability,Collision_uid,Sudden Appearance,Overlapping,Repeated Collision,Collision_Probability_Per_Step,Collision List,Done
0,"[ -68.62458801   10.20424461 -116.52029419    0.            0.
    0.           10.           -1.          359.96292114  223.52241516
  359.93856812    5.50937312]",0,by model,0.732,No collision,False,False,False,"[0, 0, 0.267955, 0.62178, 0.732293, 0.420884, 0.095471, 0, 0, 0, 0, 0]",False
0,"[-9.78564606e+01  1.02037001e+01 -1.47877670e+02  0.00000000e+00
  0.00000000e+00  0.00000000e+00  1.00000000e+01 -1.00000000e+00
  3.59981628e+02  2.23992737e+02  5.63066378e-02  7.89915435e+00]",8,randomly,0.0,No collision,False,False,False,"[0, 0, 0, 0, 0, 0, 0, 0, 0, 0, 0, 0]",False
0,"[-1.21026382e+02  1.02043495e+01 -1.52449112e+02  0.00000000e+00
  1.00000000e+00  0.00000000e+00  1.00000000e+01 -1.00000000e+00
  3.59822968e+02  3.07925934e+02  1.38206184e-01  5.31743919e+00]",0,by model,0.867,No collision,False,False,False,"[0, 0, 0.244992, 0.600203, 0.866852, 0.623254, 0.300063, 0, 0, 0, 0, 0]",False
0,"[-1.57985703e+02  1.02030354e+01 -1.17510643e+02  0.00000000e+00
  1.00000000e+00  0.00000000e+00  1.00000000e+01  1.00000000e+00
  4.44100099e-03  3.13951965e+02  3.59992798e+02  9.83098795e+00]",0,by model,0.747,No collision,False,False,False,"[0, 0.278486, 0.572678, 0.746983, 0.533035, 0.147108, 0, 0, 0, 0, 0, 0]",False
0,"[-1.84879135e+02  1.02044840e+01 -9.11260986e+01  0.00000000e+00
  1.00000000e+00  0.00000000e+00  1.00000000e+01 -1.00000000e+00
  1.10245258e-01  3.15069916e+02  2.70153163e-04  1.76171401e+00]",0,by model,0.0,No collision,False,False,False,"[0, 0, 0, 0, 0, 0, 0, 0, 0, 0, 0, 0]",False
0,"[-1.85752167e+02  1.02044849e+01 -9.02498016e+01  0.00000000e+00
  1.00000000e+00  0.00000000e+00  1.00000000e+01 -1.00000000e+00
  8.82224685e-06  3.15092346e+02 -6.99477778e-06  4.45418936e-05]",0,by model,0.0,No collision,False,False,False,"[0, 0, 0, 0, 0, 0, 0, 0, 0, 0, 0, 0]",False
0,"[-1.85752167e+02  1.02044849e+01 -9.02498016e+01  0.00000000e+00
  1.00000000e+00  0.00000000e+00  1.00000000e+01 -1.00000000e+00
  9.55744144e-06  3.15092346e+02 -8.56885072e-06  5.71084358e-06]",0,by model,0.42,No collision,False,False,False,"[0, 0, 0.066349, 0.140455, 0.213536, 0.328326, 0.417731, 0.419763, 0.390369, 0.337247, 0.273007, 0.200435]",False
0,"[-1.86503479e+02  1.02044859e+01 -8.94955826e+01  0.00000000e+00
  1.00000000e+00  0.00000000e+00  1.00000000e+01  1.00000000e+00
  1.96665060e-05  3.15093658e+02 -2.75272214e-05  4.85068834e-06]",23,by model,1,f0e59bcd-e290-4f20-ae0b-6168f60a9445,False,False,False,"[0.11702, 0.076755, 0.07531, 0.119986, 0.192016, 0.325549, 0.504264, 0.495824, 0.359901, 0.253397, 0.342841, 1]",False
0,"[-188.69754028   10.19800472  -87.52301025    0.            1.
    0.           10.            1.          359.72988892  308.26672363
  359.89898682    4.70087318]",20,by model,0,4f1aad3d-2bf4-4ae9-8ebe-c8d6acd02d4a,False,False,False,"[0.298756, 0.279021, 0.169264, 0, 0, 0, 0, 0.177123, 0.477534, 0.507894, 0.639919, 1]",True
1,"[-6.56743927e+01  1.02041922e+01 -1.14923958e+02  0.00000000e+00
  0.00000000e+00  0.00000000e+00  1.00000000e+01 -1.00000000e+00
  3.59856476e+02  2.17758194e+02  8.77087936e-02  3.94454972e+00]",0,by model,0.842,No collision,False,False,False,"[0, 0, 0, 0.295458, 0.624908, 0.84224, 0.543356, 0.155532, 0, 0, 0, 0]",False
1,"[ -91.78801727   10.20361233 -143.22219849    0.            0.
    0.           10.           -1.          359.95941162  223.67713928
  359.97817993    8.20703158]",0,by model,0.718,No collision,False,False,False,"[0, 0.106736, 0.370468, 0.642735, 0.718341, 0.342435, 0, 0, 0, 0, 0, 0]",False
1,"[-1.17903755e+02  1.02043123e+01 -1.55539566e+02  0.00000000e+00
  0.00000000e+00  0.00000000e+00  1.00000000e+01 -1.00000000e+00
  2.03220975e-02  3.02968628e+02  1.50539726e-01  3.38829848e+00]",0,by model,1,3a2f1de1-4f6a-4852-b883-91b53a868004,False,False,False,"[0, 0, 0, 0.33552, 0.765659, 1, 0.232798, 0.164589, 0.276556, 0.457316, 1, 1]",False
1,"[-126.00012207   10.19552517 -148.34437561    0.            0.
    0.           10.            1.          359.43188477  309.931427
    0.39566213    0.80520627]",0,by model,0,0a8fadd5-c899-452c-a777-8e4e7f330680,False,False,False,"[1, 0.363843, 0.384568, 0.469727, 1, 0.708258, 0.63741, 0.37712, 0.1717, 0.262283, 0.681686, 1]",True
2,"[-6.47631531e+01  1.02043562e+01 -1.13393219e+02  0.00000000e+00
  0.00000000e+00  0.00000000e+00  1.00000000e+01 -1.00000000e+00
  3.59932770e+02  2.19365097e+02  9.74324420e-02  2.49977804e+00]",0,by model,1,b9677d96-d72d-4588-92bc-c6070f73bf49,False,False,False,"[0, 0, 0, 0.169542, 0.522312, 1, 0.710617, 0.421101, 0.054778, 0, 0, 0]",False
2,"[-8.58433075e+01  1.02043905e+01 -1.35189651e+02  0.00000000e+00
  0.00000000e+00  0.00000000e+00  1.00000000e+01 -1.00000000e+00
  3.59875366e+02  2.23609070e+02 -5.61916782e-03  5.47098199e+00]",48,randomly,0.0,No collision,False,False,False,"[0, 0, 0, 0, 0, 0, 0, 0, 0, 0, 0, 0]",False
2,"[-1.13127190e+02  1.02043543e+01 -1.57005783e+02  0.00000000e+00
  0.00000000e+00  0.00000000e+00  1.00000000e+01 -1.00000000e+00
  9.05664042e-02  2.73201569e+02  3.47498208e-01  2.85518405e+00]",11,randomly,0.0,No collision,False,False,False,"[0, 0, 0, 0, 0, 0, 0, 0, 0, 0, 0, 0]",False
2,"[-1.39136612e+02  1.02033215e+01 -1.35803406e+02  0.00000000e+00
  0.00000000e+00  1.00000000e+00  1.00000000e+01  1.00000000e+00
  3.59977325e+02  3.14456116e+02  1.99287571e-02  8.84990854e+00]",0,by model,0.802,No collision,False,False,False,"[0, 0.299022, 0.635907, 0.80183, 0.581455, 0.217788, 0, 0, 0, 0, 0, 0]",False
2,"[-1.76927216e+02  1.02040777e+01 -9.88880615e+01  0.00000000e+00
  0.00000000e+00  1.00000000e+00  1.00000000e+01 -1.00000000e+00
  9.17944610e-02  3.14646545e+02  5.09129232e-03  5.97888859e+00]",45,by model,0.0,No collision,False,False,False,"[0, 0, 0, 0, 0, 0, 0, 0, 0, 0, 0, 0]",False
2,"[-1.83500488e+02  1.02044697e+01 -9.23537521e+01  0.00000000e+00
  0.00000000e+00  1.00000000e+00  1.00000000e+01 -1.00000000e+00
  3.59952606e+02  3.14925751e+02  1.09278051e-04  3.34384287e-01]",47,randomly,0.0,No collision,False,False,False,"[0, 0, 0, 0, 0, 0, 0, 0, 0, 0, 0, 0]",False
2,"[-1.84372421e+02  1.02044849e+01 -9.14828110e+01  0.00000000e+00
  0.00000000e+00  1.00000000e+00  1.00000000e+01 -1.00000000e+00
  1.89059756e-05  3.14932739e+02 -1.77807979e-05  2.56711247e-05]",0,by model,0.0,No collision,False,False,False,"[0, 0, 0, 0, 0, 0, 0, 0, 0, 0, 0, 0]",False
2,"[-1.84585876e+02  1.02044668e+01 -9.12696838e+01  0.00000000e+00
  0.00000000e+00  1.00000000e+00  1.00000000e+01  1.00000000e+00
  3.59951080e+02  3.14962341e+02  5.40045367e-05  3.47437590e-01]",20,by model,0.118,No collision,False,False,False,"[0, 0, 0, 0, 0, 0, 0, 0, 0, 0, 0.0264, 0.118325]",False
2,"[-1.86324081e+02  1.02045336e+01 -8.95312805e+01  0.00000000e+00
  0.00000000e+00  1.00000000e+00  1.00000000e+01  1.00000000e+00
  5.45955040e-02  3.14995331e+02 -6.87571519e-05  9.07696108e-04]",11,randomly,0.571,No collision,False,False,False,"[0.208543, 0.283935, 0.352294, 0.416729, 0.489868, 0.571229, 0.492435, 0.29036, 0.228156, 0.245518, 0.057597, 0]",False
2,"[-198.9480896    10.20389462  -76.97608948    0.            0.
    1.           10.            0.          359.9786377   314.43365479
  359.98257446    7.10383672]",5,randomly,0.0,No collision,False,False,False,"[0, 0, 0, 0, 0, 0, 0, 0, 0, 0, 0, 0]",False
2,"[-2.22537903e+02  1.02043247e+01 -6.71721725e+01  1.00000000e+00
  0.00000000e+00  1.00000000e+00  1.00000000e+01 -1.00000000e+00
  8.35153759e-02  2.31699463e+02  3.59412964e+02  3.80531130e+00]",50,by model,0.0,No collision,False,False,False,"[0, 0, 0, 0, 0, 0, 0, 0, 0, 0, 0, 0]",False
2,"[-223.90354919   10.20389843  -88.36405182    1.            0.
    1.           10.           -1.          359.92269897  171.55369568
  359.9520874     6.98031664]",9,randomly,0.299,No collision,False,False,False,"[0, 0, 0, 0, 0, 0.177369, 0.294894, 0.298936, 0.098565, 0, 0, 0]",False
2,"[-2.15261475e+02  1.02032223e+01 -1.39840607e+02  0.00000000e+00
  0.00000000e+00  2.00000003e-01  1.00000000e+01 -1.00000000e+00
  3.92464846e-02  1.70328857e+02  3.59979736e+02  9.58656146e+00]",51,by model,0.774,No collision,False,False,False,"[0.185867, 0.409023, 0.636322, 0.774278, 0.622403, 0.282198, 0, 0, 0, 0, 0, 0]",False
2,"[-2.09356812e+02  1.02044601e+01 -1.75588959e+02  0.00000000e+00
  0.00000000e+00  2.00000003e-01  1.00000000e+01 -1.00000000e+00
  8.80490467e-02  1.70638794e+02  4.01023972e-05  1.80169370e+00]",0,by model,0.228,No collision,False,False,False,"[0, 0, 0, 0.128272, 0.228468, 0, 0, 0, 0, 0, 0, 0]",False
2,"[-2.09098816e+02  1.02044754e+01 -1.77153793e+02  0.00000000e+00
  0.00000000e+00  2.00000003e-01  1.00000000e+01 -1.00000000e+00
 -4.89262771e-03  1.70635391e+02  3.17371996e-05  8.94108668e-02]",0,by model,0.0,No collision,False,False,False,"[0, 0, 0, 0, 0, 0, 0, 0, 0, 0, 0, 0]",False
2,"[-2.09010605e+02  1.02044678e+01 -1.77689789e+02  0.00000000e+00
  0.00000000e+00  2.00000003e-01  1.00000000e+01 -1.00000000e+00
 -5.69614582e-04  1.70678497e+02  3.20820953e-04  9.21114294e-04]",14,randomly,0.422,No collision,False,False,False,"[0.048856, 0.13674, 0.225307, 0.293185, 0.353705, 0.396187, 0.419991, 0.422128, 0.40123, 0.357538, 0.292225, 0.217215]",False
2,"[-2.08988800e+02  1.02044744e+01 -1.77823090e+02  0.00000000e+00
  0.00000000e+00  2.00000003e-01  1.00000000e+01 -1.00000000e+00
  2.02837074e-03  1.70694122e+02 -4.27155246e-05  3.24968795e-03]",27,randomly,0.309,No collision,False,False,False,"[0.126131, 0.07977, 0.078998, 0.039492, 0.113738, 0.182548, 0.242507, 0.284228, 0.305832, 0.309276, 0.28928, 0.249433]",True
3,"[ -66.04232788   10.20422935 -113.00748444    0.            0.
    0.           10.           -1.          359.80984497  228.17453003
  359.94674683    3.75974628]",0,by model,0.633,No collision,False,False,False,"[0, 0, 0, 0.296882, 0.606521, 0.633078, 0.419503, 0.03584, 0, 0, 0, 0]",False
3,"[-9.40763245e+01  1.02036266e+01 -1.42992050e+02  0.00000000e+00
  0.00000000e+00  0.00000000e+00  1.00000000e+01 -1.00000000e+00
  3.59985321e+02  2.22189178e+02  2.05826834e-02  7.96503089e+00]",0,by model,0.762,No collision,False,False,False,"[0, 0.015783, 0.258199, 0.519278, 0.76183, 0.528284, 0.061786, 0, 0, 0, 0, 0]",False
3,"[-1.18157990e+02  1.02041941e+01 -1.54380981e+02  0.00000000e+00
  0.00000000e+00  0.00000000e+00  1.00000000e+01 -1.00000000e+00
  3.59915375e+02  3.01518066e+02  1.63454413e-01  4.02551889e+00]",0,by model,1,7e214bc9-dfa4-4ac4-871e-1bd47ca260c9,False,False,False,"[0, 0, 0, 0.286573, 0.75596, 1, 0.401776, 1, 0.242108, 0.111929, 0, 0]",False
3,"[-1.24647667e+02  1.02044134e+01 -1.49165588e+02  0.00000000e+00
  0.00000000e+00  0.00000000e+00  1.00000000e+01  1.00000000e+00
  3.59914856e+02  3.09947968e+02  1.28679839e-03  6.68438750e-01]",32,randomly,0,7e214bc9-dfa4-4ac4-871e-1bd47ca260c9,False,False,True,"[0.063803, 0.245998, 0.42486, 1, 0.349051, 0, 0, 0, 0, 0, 0, 0]",True
4,"[-6.51041107e+01  1.02042990e+01 -1.12689484e+02  0.00000000e+00
  0.00000000e+00  0.00000000e+00  1.00000000e+01 -1.00000000e+00
  3.59831787e+02  2.23985443e+02 -7.56780209e-04  3.04703021e+00]",0,by model,0.719,No collision,False,False,False,"[0, 0, 0, 0.245967, 0.650994, 0.719461, 0.441026, 0.010411, 0, 0, 0, 0]",False
4,"[-8.94933777e+01  1.02040367e+01 -1.38723160e+02  0.00000000e+00
  0.00000000e+00  0.00000000e+00  1.00000000e+01 -1.00000000e+00
  3.59939148e+02  2.22255173e+02  2.26869457e-03  5.95407335e+00]",0,by model,0.755,No collision,False,False,False,"[0, 0, 0.198694, 0.540107, 0.755399, 0.556867, 0.11621, 0, 0, 0, 0, 0]",False
4,"[-1.15030060e+02  1.02043161e+01 -1.56530380e+02  0.00000000e+00
  0.00000000e+00  0.00000000e+00  1.00000000e+01 -1.00000000e+00
  5.00699431e-02  2.84998474e+02  2.67954975e-01  3.11198626e+00]",0,by model,0.621,No collision,False,False,False,"[0, 0, 0, 0, 0.121017, 0.506323, 0.62053, 0.488804, 0.204182, 0, 0, 0]",False
4,"[-1.44039719e+02  1.02030563e+01 -1.30922119e+02  0.00000000e+00
  0.00000000e+00  0.00000000e+00  1.00000000e+01  1.00000000e+00
  3.59950134e+02  3.14702911e+02  6.14539068e-03  9.86897190e+00]",0,by model,0.754,No collision,False,False,False,"[0.106833, 0.432511, 0.724265, 0.754304, 0.453893, 0.078687, 0, 0, 0, 0, 0, 0]",False
4,"[-1.80495956e+02  1.02039576e+01 -9.54067383e+01  0.00000000e+00
  0.00000000e+00  0.00000000e+00  1.00000000e+01 -1.00000000e+00
  1.15196690e-01  3.14749298e+02  2.83721555e-03  4.68763909e+00]",45,by model,0.0,No collision,False,False,False,"[0, 0, 0, 0, 0, 0, 0, 0, 0, 0, 0, 0]",False
4,"[-1.85628784e+02  1.02044859e+01 -9.02847672e+01  0.00000000e+00
  0.00000000e+00  0.00000000e+00  1.00000000e+01 -1.00000000e+00
  2.40980335e-05  3.15023895e+02  3.19169862e-06  6.32770823e-06]",0,by model,0.0,No collision,False,False,False,"[0, 0, 0, 0, 0, 0, 0, 0, 0, 0, 0, 0]",False
4,"[-1.85628784e+02  1.02044849e+01 -9.02847672e+01  0.00000000e+00
  0.00000000e+00  0.00000000e+00  1.00000000e+01 -1.00000000e+00
  2.62074263e-05  3.15023895e+02  1.05193130e-05  2.80155095e-05]",0,by model,0.0,No collision,False,False,False,"[0, 0, 0, 0, 0, 0, 0, 0, 0, 0, 0, 0]",False
4,"[-1.85932434e+02  1.02044840e+01 -8.99804764e+01  0.00000000e+00
  0.00000000e+00  0.00000000e+00  1.00000000e+01  1.00000000e+00
  1.34940399e-03  3.15011353e+02  1.42603230e-05  2.88677595e-05]",23,by model,0.495,No collision,False,False,False,"[0, 0, 0, 0.006749, 0.100456, 0.168204, 0.312364, 0.495424, 0.416118, 0.235554, 0.339972, 0.42951]",False
4,"[-1.88740738e+02  1.02044811e+01 -8.71628113e+01  0.00000000e+00
  0.00000000e+00  0.00000000e+00  1.00000000e+01  1.00000000e+00
  4.58009960e-03  3.15109772e+02  3.30618423e-06  9.41535265e-05]",51,randomly,1,SchoolBus(Clone)e0ceb57f-ff5f-40cf-b3fa-34a211f2d95a,False,False,False,"[0.500478, 0.551043, 0.631515, 0.621078, 1, 0.067645, 0, 0, 0, 0, 0, 0]",False
4,"[-1.91074875e+02  1.02010040e+01 -8.47540359e+01  0.00000000e+00
  0.00000000e+00  0.00000000e+00  1.00000000e+01  0.00000000e+00
  1.09815106e-01  3.15259827e+02  3.93140763e-02  8.66037783e-03]",23,by model,1,e32be433-ef2b-4a92-81cd-22e5e218dcf8,False,False,False,"[0, 0, 0, 0, 0.028463, 0.141244, 0.253393, 0.367247, 1, 0.281314, 0, 0]",False
4,"[-1.83766922e+02  1.02037935e+01 -9.13139572e+01  0.00000000e+00
  0.00000000e+00  0.00000000e+00  1.00000000e+01 -1.00000000e+00
  3.59916443e+02  3.09946472e+02  2.67159138e-02  4.78066688e+00]",12,randomly,0.0,No collision,False,False,False,"[0, 0, 0, 0, 0, 0, 0, 0, 0, 0, 0, 0]",False
4,"[-1.82972839e+02  1.02044544e+01 -9.19329376e+01  0.00000000e+00
  0.00000000e+00  0.00000000e+00  1.00000000e+01 -1.00000000e+00
  3.57331485e-02  3.10303802e+02  3.13118775e-03  1.72793617e+00]",0,by model,0.234,No collision,False,False,False,"[0, 3.6e-05, 0.02825, 0.035862, 0.079326, 0.099953, 0, 0.015328, 0.167976, 0.20651, 0.230086, 0.233876]",False
4,"[-1.85891296e+02  1.02044840e+01 -8.93831711e+01  0.00000000e+00
  0.00000000e+00  0.00000000e+00  1.00000000e+01 -1.00000000e+00
  7.70849510e-05  3.11272034e+02 -1.03062821e-05  4.47842145e-05]",0,by model,0.591,No collision,False,False,False,"[0.21849, 0.195832, 0.12703, 0.075905, 0.061913, 0, 0.068487, 0.186501, 0.307612, 0.405076, 0.511464, 0.59122]",False
4,"[-1.86951385e+02  1.02044916e+01 -8.84362717e+01  0.00000000e+00
  0.00000000e+00  0.00000000e+00  1.00000000e+01  1.00000000e+00
  1.77194942e-02  3.11617798e+02  3.29826376e-04  2.22098317e-04]",23,by model,0.628,No collision,False,False,False,"[0.628321, 0.628194, 0.589093, 0.521493, 0.444393, 0.3559, 0.323362, 0.296037, 0.265234, 0.325594, 0.361377, 0.374927]",False
4,"[-1.87130142e+02  1.02044849e+01 -8.82754745e+01  0.00000000e+00
  0.00000000e+00  0.00000000e+00  1.00000000e+01  1.00000000e+00
  3.09119961e-04  3.11669281e+02 -2.64061091e-05  1.31046888e-05]",23,by model,0.43,No collision,False,False,False,"[0.367063, 0.410963, 0.295814, 0.246371, 0.43019, 0.353052, 0.374599, 0.375895, 0.356354, 0.337732, 0.368179, 0.37446]",False
4,"[-1.87130142e+02  1.02044849e+01 -8.82754745e+01  0.00000000e+00
  0.00000000e+00  0.00000000e+00  1.00000000e+01  1.00000000e+00
  3.11772310e-05  3.11669281e+02 -7.67245365e-06  1.83137987e-05]",50,randomly,0,6d1b6e26-54b0-43c6-bc2d-67d72e0ccfc4,False,False,False,"[0.361495, 0.318061, 0.25084, 0.163625, 0.070665, 0, 0, 0.128607, 0.240358, 0.342582, 0.450963, 1]",True
5,"[-6.47185287e+01  1.02043486e+01 -1.12430664e+02  0.00000000e+00
  0.00000000e+00  0.00000000e+00  1.00000000e+01 -1.00000000e+00
  3.59866364e+02  2.22567215e+02  2.78667454e-03  2.48776672e+00]",0,by model,0.774,No collision,False,False,False,"[0, 0, 0, 0.016938, 0.53291, 0.774133, 0.621514, 0.303031, 0.018991, 0, 0, 0]",False
5,"[-9.21763916e+01  1.02034683e+01 -1.41915558e+02  0.00000000e+00
  0.00000000e+00  0.00000000e+00  1.00000000e+01 -1.00000000e+00
  3.59918701e+02  2.23046768e+02  2.88708489e-02  8.56196669e+00]",0,by model,0.688,No collision,False,False,False,"[0, 0.128207, 0.412583, 0.673206, 0.6884, 0.255172, 0, 0, 0, 0, 0, 0]",False
5,"[-1.17996193e+02  1.02042656e+01 -1.54739349e+02  0.00000000e+00
  0.00000000e+00  0.00000000e+00  1.00000000e+01 -1.00000000e+00
  3.59987976e+02  3.02046936e+02  2.06190959e-01  3.48573665e+00]",0,by model,1,a2708500-ed18-4b8d-a98c-bfce949457a7,False,False,False,"[0, 0, 0, 0.237729, 0.720892, 1, 0.447444, 1, 0.23402, 0.132485, 0.103845, 0.180089]",False
5,"[-1.25075661e+02  1.02044201e+01 -1.48733322e+02  0.00000000e+00
  0.00000000e+00  0.00000000e+00  1.00000000e+01  1.00000000e+00
  3.59936707e+02  3.10763855e+02  4.07933956e-04  1.06459913e-03]",0,by model,0,a2708500-ed18-4b8d-a98c-bfce949457a7,False,False,True,"[0.287855, 0.448001, 1, 0.313486, 0.225636, 0.244439, 0.334224, 0.425241, 0.559986, 0.660512, 0.486315, 0.268315]",True
6,"[-6.58827820e+01  1.02042656e+01 -1.15168716e+02  0.00000000e+00
  0.00000000e+00  0.00000000e+00  1.00000000e+01 -1.00000000e+00
  3.59922760e+02  2.18497070e+02  5.23580052e-02  3.69987212e+00]",0,by model,0.792,No collision,False,False,False,"[0, 0, 0, 0.334067, 0.716134, 0.791931, 0.511555, 0.16011, 0, 0, 0, 0]",False
6,"[-9.54463882e+01  1.02035074e+01 -1.47161255e+02  0.00000000e+00
  0.00000000e+00  0.00000000e+00  1.00000000e+01 -1.00000000e+00
  2.39841882e-02  2.24882996e+02  8.90127271e-02  8.39998180e+00]",0,by model,1,98483a1c-de68-4400-a209-e3f730802d38,False,False,False,"[0, 0, 0.10535, 0.39088, 1, 0.150103, 0, 0, 0.091309, 0.266751, 0.481798, 1]",False
6,"[-1.03170151e+02  1.02006655e+01 -1.54936554e+02  0.00000000e+00
  0.00000000e+00  0.00000000e+00  1.00000000e+01 -1.00000000e+00
  3.59456024e+02  2.32664062e+02  3.37163925e-01  2.16657378e+00]",0,by model,0,98483a1c-de68-4400-a209-e3f730802d38,False,False,True,"[0.437304, 1, 0.441549, 1, 0.441501, 1, 0.254604, 0.138908, 0.155365, 0.264362, 0.378541, 1]",True
7,"[-6.46518173e+01  1.02043047e+01 -1.13031273e+02  0.00000000e+00
  0.00000000e+00  0.00000000e+00  1.00000000e+01 -1.00000000e+00
  3.59893799e+02  2.18074966e+02  6.64131939e-02  2.85171079e+00]",7,randomly,0.0,No collision,False,False,False,"[0, 0, 0, 0, 0, 0, 0, 0, 0, 0, 0, 0]",False
7,"[-8.89935989e+01  1.02038708e+01 -1.38610992e+02  0.00000000e+00
  5.00000000e-01  0.00000000e+00  1.00000000e+01 -1.00000000e+00
  3.59937958e+02  2.23746979e+02  3.42970737e-03  7.00546761e+00]",0,by model,0.712,No collision,False,False,False,"[0, 0.12442, 0.458481, 0.712223, 0.654645, 0.262983, 0, 0, 0, 0, 0, 0]",False
7,"[-1.19422104e+02  1.02041626e+01 -1.53863419e+02  0.00000000e+00
  5.00000000e-01  0.00000000e+00  1.00000000e+01 -1.00000000e+00
  3.59982391e+02  3.05184723e+02  3.12481493e-01  5.41455250e+00]",0,by model,1,6bb01cca-ea72-41b9-bc21-3cd07e6a3747,False,False,False,"[0, 0, 0.285656, 0.660374, 1, 0.224681, 0.036394, 0, 0, 0, 0.205672, 0.348839]",False
7,"[-1.27774406e+02  1.02046270e+01 -1.47939529e+02  0.00000000e+00
  5.00000000e-01  0.00000000e+00  1.00000000e+01  1.00000000e+00
  1.55594826e-01  3.21898834e+02  2.40901439e-03  1.41862552e-01]",0,by model,0,6bb01cca-ea72-41b9-bc21-3cd07e6a3747,False,False,True,"[1, 0.288104, 0.083069, 0, 0, 0, 0, 0, 0.095354, 0.212632, 0.321729, 0.446258]",True
8,"[-6.56146469e+01  1.02042894e+01 -1.14057869e+02  0.00000000e+00
  0.00000000e+00  0.00000000e+00  1.00000000e+01 -1.00000000e+00
  3.59866882e+02  2.19563309e+02  5.17019965e-02  3.38398301e+00]",0,by model,0.795,No collision,False,False,False,"[0, 0, 0, 0.402419, 0.753304, 0.795451, 0.474033, 0.196031, 0, 0, 0, 0]",False
8,"[-9.73642044e+01  1.02033424e+01 -1.47325989e+02  0.00000000e+00
  0.00000000e+00  0.00000000e+00  1.00000000e+01 -1.00000000e+00
  4.54390496e-02  2.24587128e+02  8.38245451e-02  8.62790826e+00]",0,by model,1,f73079d5-8ca9-442f-910b-570abb30ea0b,False,False,False,"[0, 0, 0.079803, 0.366384, 1, 0.214248, 0, 0, 0, 0, 0, 0]",False
8,"[-1.02882858e+02  1.02043486e+01 -1.52808777e+02  0.00000000e+00
  0.00000000e+00  0.00000000e+00  1.00000000e+01 -1.00000000e+00
  3.59832062e+02  2.23237701e+02  2.71861199e-02  1.92170776e+00]",0,by model,1,OBSTACLE,False,False,False,"[0.145628, 0.264026, 0.384745, 1, 0.449971, 0.176257, 0, 0, 1, 0, 0, 0]",False
8,"[ -94.35536194   10.23212719 -136.37338257    0.            0.
    0.           10.            1.            0.85612917  192.83648682
    2.03314114    3.33397157]",0,by model,0.722,No collision,False,False,False,"[0, 0, 0, 0.265882, 0.448123, 0.531487, 0.722231, 0.604909, 0.362094, 0.363941, 0.523773, 0.308686]",False
8,"[-1.09963203e+02  1.02042217e+01 -1.56696960e+02  0.00000000e+00
  0.00000000e+00  0.00000000e+00  1.00000000e+01  1.00000000e+00
  1.01050861e-01  2.46611206e+02  4.12367254e-01  3.78829684e+00]",9,randomly,0.612,No collision,False,False,False,"[0.010742, 0.612143, 0.563723, 0.294577, 0.029893, 0, 0, 0, 0, 0, 0, 0]",False
8,"[-1.33347717e+02  1.02034197e+01 -1.41428085e+02  0.00000000e+00
  0.00000000e+00  2.00000003e-01  1.00000000e+01  1.00000000e+00
  3.59909332e+02  3.14187866e+02  5.67510538e-02  8.53644544e+00]",0,by model,0.816,No collision,False,False,False,"[0, 0.312673, 0.650589, 0.815868, 0.584171, 0.281658, 0, 0, 0, 0, 0, 0]",False
8,"[-1.73345261e+02  1.02037992e+01 -1.02357140e+02  0.00000000e+00
  0.00000000e+00  2.00000003e-01  1.00000000e+01 -1.00000000e+00
  1.01270229e-01  3.14363678e+02  1.03023592e-02  7.07948706e+00]",45,by model,0.0,No collision,False,False,False,"[0, 0, 0, 0, 0, 0, 0, 0, 0, 0, 0, 0]",False
8,"[-1.82112610e+02  1.02044849e+01 -9.37000580e+01  0.00000000e+00
  0.00000000e+00  2.00000003e-01  1.00000000e+01  1.00000000e+00
  4.67251230e-05  3.14818848e+02  1.44272572e-05  3.95106713e-05]",0,by model,0.0,No collision,False,False,False,"[0, 0, 0, 0, 0, 0, 0, 0, 0, 0, 0, 0]",False
8,"[-1.82790573e+02  1.02044888e+01 -9.30247726e+01  0.00000000e+00
  0.00000000e+00  2.00000003e-01  1.00000000e+01  1.00000000e+00
  2.25419533e-02  3.14865417e+02 -1.22646452e-03  3.69195960e-04]",23,by model,1,SchoolBus(Clone)2297a5ca-fe18-4bcf-ae0a-d3acb211fc74,False,False,False,"[0, 0, 0, 0, 0, 0, 0, 0, 0, 1, 1, 0.160504]",False
8,"[-1.84203339e+02  1.02044449e+01 -9.15920639e+01  0.00000000e+00
  0.00000000e+00  2.00000003e-01  1.00000000e+01  0.00000000e+00
  3.59970734e+02  3.14914703e+02  3.59885773e+02  4.62997736e-03]",20,by model,0.503,No collision,False,False,False,"[0.294278, 0.39428, 0.460166, 0.496906, 0.503398, 0.48089, 0.430183, 0.319754, 0.215595, 0.115727, 0.002858, 0]",False
8,"[-1.85102783e+02  1.02044563e+01 -9.06954575e+01  0.00000000e+00
  0.00000000e+00  2.00000003e-01  1.00000000e+01 -1.00000000e+00
  3.59963898e+02  3.14896271e+02  1.18393575e-04  5.22910497e-01]",20,by model,0.0,No collision,False,False,False,"[0, 0, 0, 0, 0, 0, 0, 0, 0, 0, 0, 0]",False
8,"[-1.85368164e+02  1.02044849e+01 -9.04306335e+01  0.00000000e+00
  0.00000000e+00  2.00000003e-01  1.00000000e+01 -1.00000000e+00
  4.06648360e-05  3.14910828e+02  8.42487407e-06  2.02477031e-05]",0,by model,0.391,No collision,False,False,False,"[0, 0, 0, 0, 0, 0, 0, 0, 0.061621, 0.176767, 0.285051, 0.391158]",False
8,"[-1.85810883e+02  1.02044868e+01 -8.99890366e+01  0.00000000e+00
  0.00000000e+00  2.00000003e-01  1.00000000e+01 -1.00000000e+00
 -1.99335573e-05  3.14904541e+02  5.09158745e-05  2.62527207e-02]",0,by model,1,f87c972c-c4a2-4da2-9ef8-ffdef32791f1,False,False,False,"[1, 0.558244, 0.614249, 0.636584, 0.620782, 0.571831, 0.496538, 0.418116, 0.315168, 0.207324, 0.111787, 0.001078]",False
8,"[-1.85785294e+02  1.02044859e+01 -8.99852982e+01  0.00000000e+00
  0.00000000e+00  2.00000003e-01  1.00000000e+01  1.00000000e+00
  2.53395847e-05  3.14866791e+02 -1.74647503e-05  1.27256841e-05]",23,by model,0.4,No collision,False,False,False,"[0, 0, 0.004715, 0.088767, 0.165594, 0.304998, 0.399502, 0.383129, 0.330121, 0.264843, 0.191137, 0.111906]",True
9,"[-6.50246964e+01  1.02042789e+01 -1.12661240e+02  0.00000000e+00
  0.00000000e+00  0.00000000e+00  1.00000000e+01 -1.00000000e+00
  3.59829346e+02  2.23481934e+02  7.40211573e-04  2.99143692e+00]",40,randomly,0.0,No collision,False,False,False,"[0, 0, 0, 0, 0, 0, 0, 0, 0, 0, 0, 0]",False
9,"[ -90.1053772    10.20371819 -139.53067017    0.            0.
    0.           10.           -1.          359.97290039  222.38516235
  359.99099731    7.64970747]",0,by model,0.691,No collision,False,False,False,"[0, 0.129296, 0.41412, 0.66691, 0.691351, 0.30167, 0, 0, 0, 0, 0, 0]",False
9,"[-1.16526901e+02  1.02042093e+01 -1.55837341e+02  0.00000000e+00
  0.00000000e+00  0.00000000e+00  1.00000000e+01 -1.00000000e+00
  3.59976288e+02  2.94275909e+02  2.64113843e-01  3.62323273e+00]",0,by model,0.82,No collision,False,False,False,"[0, 0, 0, 0.125956, 0.5558, 0.819513, 0.578607, 0.278196, 0, 0, 0, 0]",False
9,"[-147.37820435   10.20313454 -127.26041412    0.            0.
    0.           10.            1.          359.95849609  314.29394531
  359.99291992    9.66827255]",20,by model,1,Sedan(Clone)12d78827-12dd-467a-980a-4c08204ac7bb,True,False,False,"[0.624324, 1, 0.109646, 0.110253, 0.110292, 0.110365, 0.110442, 0.11051, 0.110523, 0.110733, 0.110806, 0.110903]",False
9,"[-1.52075424e+02  1.02008963e+01 -1.22794746e+02  0.00000000e+00
  0.00000000e+00  0.00000000e+00  1.00000000e+01  1.00000000e+00
  1.85446486e-01  3.06692627e+02  2.49209538e-01  1.32042472e-03]",20,by model,0.191,No collision,False,False,False,"[0.190549, 0.110985, 0.111056, 0.111129, 0.111204, 0.111227, 0.111267, 0.111389, 0.111429, 0.111501, 0.11153, 0.111603]",False
9,"[-1.52072937e+02  1.02031937e+01 -1.22783333e+02  0.00000000e+00
  0.00000000e+00  0.00000000e+00  1.00000000e+01  1.00000000e+00
  5.48318140e-02  3.06329559e+02  3.28086875e-02  6.49081234e-04]",20,by model,0.112,No collision,False,False,False,"[0.111686, 0.111727, 0.111845, 0.111891, 0.111972, 0.112062, 0.1121, 0.112151, 0.112237, 0.112338, 0.112418, 0.112493]",False
9,"[-1.52069489e+02  1.02019320e+01 -1.22772125e+02  0.00000000e+00
  0.00000000e+00  0.00000000e+00  1.00000000e+01 -1.00000000e+00
  1.42950833e-01  3.05983154e+02  1.08539112e-01  2.14558220e-03]",20,by model,0.113,No collision,False,False,False,"[0.112565, 0.11262, 0.112675, 0.112803, 0.112877, 0.112934, 0.113028, 0.113089, 0.113226, 0.113378, 0.11322, 0.113476]",False
9,"[-1.52067307e+02  1.02032471e+01 -1.22760094e+02  0.00000000e+00
  0.00000000e+00  0.00000000e+00  1.00000000e+01 -1.00000000e+00
  4.00152877e-02  3.05647522e+02  5.57950214e-02  2.45204568e-03]",20,by model,0.114,No collision,False,False,False,"[0.113576, 0.11366, 0.113718, 0.11382, 0.113929, 0.113972, 0.114077, 0.114201, 0.114241, 0.114303, 0.114416, 0.114498]",False
9,"[-1.52063385e+02  1.02017288e+01 -1.22746895e+02  0.00000000e+00
  0.00000000e+00  0.00000000e+00  1.00000000e+01 -1.00000000e+00
  1.56422347e-01  3.05220642e+02  1.20784096e-01  8.53601372e-04]",19,randomly,0.116,No collision,False,False,False,"[0.114552, 0.114645, 0.114735, 0.11478, 0.114888, 0.114993, 0.115054, 0.115187, 0.115418, 0.115161, 0.115547, 0.115679]",False
9,"[-1.52061157e+02  1.02033367e+01 -1.22732407e+02  0.00000000e+00
  0.00000000e+00  0.00000000e+00  1.00000000e+01 -1.00000000e+00
  2.90427227e-02  3.04808655e+02  8.94601643e-02  1.56646850e-03]",20,by model,0.117,No collision,False,False,False,"[0.115819, 0.115964, 0.116092, 0.116118, 0.116282, 0.116323, 0.116414, 0.116583, 0.116646, 0.116725, 0.116799, 0.116931]",True
10,"[-6.59328461e+01  1.02042141e+01 -1.14368973e+02  0.00000000e+00
  0.00000000e+00  0.00000000e+00  1.00000000e+01 -1.00000000e+00
  3.59853882e+02  2.19856232e+02  5.24548478e-02  3.81117481e+00]",0,by model,0.817,No collision,False,False,False,"[0, 0, 0, 0.191794, 0.584488, 0.816727, 0.548421, 0.215927, 0, 0, 0, 0]",False
10,"[-9.06860504e+01  1.02039652e+01 -1.40411865e+02  0.00000000e+00
  0.00000000e+00  0.00000000e+00  1.00000000e+01 -1.00000000e+00
  6.76927716e-02  2.23775146e+02  3.12963268e-04  4.99137624e+00]",0,by model,0.71,No collision,False,False,False,"[0, 0, 0.086994, 0.451125, 0.709699, 0.624412, 0.195477, 0, 0, 0, 0, 0]",False
10,"[-1.15363144e+02  1.02042627e+01 -1.56459518e+02  0.00000000e+00
  0.00000000e+00  0.00000000e+00  1.00000000e+01 -1.00000000e+00
  3.59907135e+02  2.81629639e+02  8.37066397e-02  3.49226373e+00]",0,by model,0.538,No collision,False,False,False,"[0, 0, 0, 0, 0, 0.399192, 0.537588, 0.403942, 0.157033, 0, 0, 0]",False
10,"[-1.43129395e+02  1.02032003e+01 -1.31728973e+02  0.00000000e+00
  0.00000000e+00  0.00000000e+00  1.00000000e+01  1.00000000e+00
  3.59972168e+02  3.14824554e+02  9.71008278e-03  9.41708913e+00]",0,by model,0.768,No collision,False,False,False,"[0.024053, 0.392643, 0.692089, 0.768288, 0.494623, 0.130174, 0, 0, 0, 0, 0, 0]",False
10,"[-1.79336014e+02  1.02039452e+01 -9.65095062e+01  0.00000000e+00
  0.00000000e+00  0.00000000e+00  1.00000000e+01 -1.00000000e+00
  9.17551070e-02  3.14655640e+02  5.71085513e-03  4.80389474e+00]",17,randomly,0.0,No collision,False,False,False,"[0, 0, 0, 0, 0, 0, 0, 0, 0, 0, 0, 0]",False
10,"[-1.85444550e+02  1.02044849e+01 -9.04312057e+01  0.00000000e+00
  0.00000000e+00  0.00000000e+00  1.00000000e+01 -1.00000000e+00
  1.77837373e-05  3.14947418e+02 -6.33599348e-06  3.37418585e-05]",0,by model,0.0,No collision,False,False,False,"[0, 0, 0, 0, 0, 0, 0, 0, 0, 0, 0, 0]",False
10,"[-1.85444550e+02  1.02044849e+01 -9.04312057e+01  0.00000000e+00
  0.00000000e+00  0.00000000e+00  1.00000000e+01 -1.00000000e+00
  1.65716974e-05  3.14947418e+02 -8.14403302e-06  2.85782763e-05]",0,by model,0.0,No collision,False,False,False,"[0, 0, 0, 0, 0, 0, 0, 0, 0, 0, 0, 0]",False
10,"[-1.86800018e+02  1.02044849e+01 -8.90761795e+01  0.00000000e+00
  0.00000000e+00  0.00000000e+00  1.00000000e+01  1.00000000e+00
  4.30130895e-05  3.14982666e+02  2.67672622e-05  2.65955504e-05]",23,by model,0.399,No collision,False,False,False,"[0.025891, 0.111409, 0.186366, 0.260813, 0.318093, 0.366669, 0.393941, 0.398828, 0.385198, 0.34972, 0.299124, 0.232809]",False
10,"[-1.86801254e+02  1.02044849e+01 -8.90749207e+01  0.00000000e+00
  0.00000000e+00  0.00000000e+00  1.00000000e+01  1.00000000e+00
  3.28325579e-04  3.14977356e+02  3.21303341e-05  2.51973797e-05]",23,by model,0.473,No collision,False,False,False,"[0.151499, 0.178308, 0.25615, 0.237128, 0.347632, 0.451227, 0.473437, 0.448722, 0.401816, 0.313875, 0.189987, 0.09871]",False
10,"[-1.88686066e+02  1.02043247e+01 -8.71897202e+01  0.00000000e+00
  0.00000000e+00  0.00000000e+00  1.00000000e+01  0.00000000e+00
  3.59835571e+02  3.14991730e+02  6.03413617e-04  2.43229577e+00]",24,randomly,1,a66637db-470c-4aab-acc8-79c8a781b88a,False,False,False,"[0, 0.156686, 0.555282, 1, 0.62983, 0.628524, 0.537745, 0.220292, 0, 0, 0, 0]",False
10,"[-2.11947464e+02  1.02042370e+01 -6.59612808e+01  0.00000000e+00
  0.00000000e+00  0.00000000e+00  1.00000000e+01 -1.00000000e+00
  9.81968716e-02  3.01693420e+02  3.59768311e+02  4.07273877e+00]",38,randomly,0.0,No collision,False,False,False,"[0, 0, 0, 0, 0, 0, 0, 0, 0, 0, 0, 0]",False
10,"[-225.34838867   10.20422649  -76.14317322    0.            0.
    0.           10.           -1.          359.97521973  182.59057617
  359.7784729     4.16566963]",0,by model,0.611,No collision,False,False,False,"[0, 0, 0.187171, 0.508716, 0.610713, 0.551382, 0.344976, 0.121917, 0, 0, 0, 0]",False
10,"[-2.18107285e+02  1.02033100e+01 -1.22485252e+02  0.00000000e+00
  0.00000000e+00  0.00000000e+00  1.00000000e+01 -1.00000000e+00
  3.59992004e+02  1.70397980e+02  1.02032693e-02  9.44068499e+00]",0,by model,0.782,No collision,False,False,False,"[0.259736, 0.496686, 0.68822, 0.781613, 0.568887, 0.213759, 0, 0, 0, 0, 0, 0]",False
10,"[-2.12757156e+02  1.02043552e+01 -1.59259857e+02  0.00000000e+00
  0.00000000e+00  0.00000000e+00  1.00000000e+01  1.00000000e+00
  1.55152157e-01  1.78199402e+02  3.59972382e+02  3.12220745e+00]",51,by model,0,95b19e67-821a-4369-b1aa-82faf69e9279,False,False,False,"[0, 0, 0, 0, 0, 0, 0, 0, 0.172502, 0.34479, 0.453703, 1]",True
11,"[ -65.20585632   10.20428562 -112.28876495    0.            0.
    0.           10.           -1.          359.79547119  228.30935669
  359.97198486    3.06969654]",0,by model,0.681,No collision,False,False,False,"[0, 0, 0, 0.19345, 0.531265, 0.680636, 0.482287, 0.204818, 0, 0, 0, 0]",False
11,"[-9.44135895e+01  1.02033854e+01 -1.43326462e+02  0.00000000e+00
  0.00000000e+00  0.00000000e+00  1.00000000e+01 -1.00000000e+00
  2.27279142e-02  2.22037369e+02  3.82232964e-02  8.78056980e+00]",0,by model,0.762,No collision,False,False,False,"[0, 0.06203, 0.289056, 0.57146, 0.761939, 0.50107, 0.02145, 0, 0, 0, 0, 0]",False
11,"[-1.18851471e+02  1.02042122e+01 -1.53720383e+02  0.00000000e+00
  0.00000000e+00  0.00000000e+00  1.00000000e+01 -1.00000000e+00
  1.10625122e-02  3.03472443e+02  1.30443454e-01  3.90947815e+00]",45,randomly,0.0,No collision,False,False,False,"[0, 0, 0, 0, 0, 0, 0, 0, 0, 0, 0, 0]",False
11,"[-152.27572632   10.20307636 -122.82971191    0.            0.
    0.           10.            1.          359.95187378  313.82824707
  359.96755981    9.78351501]",20,by model,1,Sedan(Clone)52f9f867-3127-4a83-9097-991c9948d757,True,False,False,"[0.58239, 1, 0, 0, 0, 0, 0, 0, 0, 0, 0, 0]",False
11,"[-1.56481689e+02  1.02044849e+01 -1.18818642e+02  0.00000000e+00
  0.00000000e+00  0.00000000e+00  1.00000000e+01  1.00000000e+00
  3.59992981e+02  3.14439636e+02  1.15103947e-04  1.01605294e-01]",17,by model,0.0,No collision,False,False,False,"[0, 0, 0, 0, 0, 0, 0, 0, 0, 0, 0, 0]",False
11,"[-1.56487701e+02  1.02044840e+01 -1.18812721e+02  0.00000000e+00
  0.00000000e+00  0.00000000e+00  1.00000000e+01  1.00000000e+00
  2.24449122e-05  3.14437256e+02  5.73707075e-06  1.57709204e-05]",25,randomly,0.0,No collision,False,False,False,"[0, 0, 0, 0, 0, 0, 0, 0, 0, 0, 0, 0]",False
11,"[-1.56488403e+02  1.02044840e+01 -1.18812012e+02  0.00000000e+00
  0.00000000e+00  0.00000000e+00  1.00000000e+01 -1.00000000e+00
 -2.72407709e-03  3.14436462e+02 -2.51333786e-05  2.41598857e-02]",36,randomly,0.0,No collision,False,False,False,"[0, 0, 0, 0, 0, 0, 0, 0, 0, 0, 0, 0]",False
11,"[-1.60110397e+02  1.02040901e+01 -1.16248993e+02  0.00000000e+00
  0.00000000e+00  0.00000000e+00  1.00000000e+01  1.00000000e+00
  3.59832153e+02  3.06917480e+02  1.29085585e-01  4.79017164e+00]",51,by model,0.601,No collision,False,False,False,"[0.091958, 0.45721, 0.601336, 0.326723, 0.422152, 0.54458, 0.348121, 0, 0, 0, 0, 0]",False
11,"[-1.82999557e+02  1.02041473e+01 -9.48250122e+01  0.00000000e+00
  0.00000000e+00  0.00000000e+00  1.00000000e+01  1.00000000e+00
  3.59978577e+02  3.15813232e+02  8.80929641e-03  4.42712763e+00]",51,by model,0.714,No collision,False,False,False,"[0, 0, 0, 0, 0, 0, 0, 0, 0.293538, 0.595484, 0.714064, 0.528507]",False
11,"[-1.94552643e+02  1.02041359e+01 -8.27259827e+01  0.00000000e+00
  0.00000000e+00  0.00000000e+00  1.00000000e+01  0.00000000e+00
  3.59853302e+02  3.16367249e+02 -5.71568590e-03  4.63922487e+00]",51,by model,0.689,No collision,False,False,False,"[0.275411, 0, 0.055426, 0.416611, 0.689061, 0.660966, 0.242363, 0, 0, 0, 0, 0]",False
11,"[-2.18891098e+02  1.02043848e+01 -6.49249191e+01  0.00000000e+00
  0.00000000e+00  0.00000000e+00  1.00000000e+01 -1.00000000e+00
  3.43943685e-02  2.65293610e+02  3.59594086e+02  3.16203012e+00]",50,by model,0.0,No collision,False,False,False,"[0, 0, 0, 0, 0, 0, 0, 0, 0, 0, 0, 0]",False
11,"[-224.83447266   10.20413589  -81.58518219    0.            0.
    0.           10.           -1.          359.79891968  173.15365601
  359.85403442    6.35556586]",18,randomly,0.0,No collision,False,False,False,"[0, 0, 0, 0, 0, 0, 0, 0, 0, 0, 0, 0]",False
11,"[-216.29875183   10.20316315 -133.12057495    0.            0.
    0.           10.           -1.          359.98480225  170.17802429
  359.97000122   10.1004513 ]",0,by model,0.82,No collision,False,False,False,"[0.267761, 0.49869, 0.717463, 0.820159, 0.608845, 0.271325, 0, 0, 0, 0, 0, 0]",False
11,"[-2.09438721e+02  1.02043915e+01 -1.75016876e+02  0.00000000e+00
  0.00000000e+00  0.00000000e+00  1.00000000e+01 -1.00000000e+00
  1.17342465e-01  1.70802536e+02 -3.10887583e-04  2.72422121e+00]",0,by model,0.134,No collision,False,False,False,"[0, 0.10373, 0.133832, 0, 0, 0, 0, 0, 0, 0, 0, 0]",False
11,"[-2.09059387e+02  1.02044792e+01 -1.77353439e+02  0.00000000e+00
  0.00000000e+00  0.00000000e+00  1.00000000e+01 -1.00000000e+00
 -4.33319248e-03  1.70795944e+02 -5.08483572e-06  1.13590260e-01]",0,by model,0.136,No collision,False,False,False,"[0, 0, 0, 0, 0, 0, 0, 0, 0, 0, 0.026721, 0.13574]",False
11,"[-2.08975098e+02  1.02044630e+01 -1.77871750e+02  0.00000000e+00
  0.00000000e+00  0.00000000e+00  1.00000000e+01 -1.00000000e+00
  3.59976044e+02  1.70770050e+02  1.29506388e-05  2.06689327e-01]",39,randomly,0.475,No collision,False,False,False,"[0.223603, 0.297834, 0.370466, 0.431359, 0.466914, 0.475339, 0.457765, 0.414358, 0.358029, 0.281227, 0.202658, 0.101629]",False
11,"[-2.08959106e+02  1.02044735e+01 -1.77970200e+02  0.00000000e+00
  0.00000000e+00  0.00000000e+00  1.00000000e+01 -1.00000000e+00
  3.59993622e+02  1.70780716e+02 -5.31394908e-05  7.04948501e-02]",0,by model,0.307,No collision,False,False,False,"[0.006274, 0.001111, 0.000558, 0.041778, 0.118277, 0.186754, 0.238906, 0.276635, 0.29927, 0.30653, 0.29298, 0.262137]",False
11,"[-2.08952209e+02  1.02044754e+01 -1.78012848e+02  0.00000000e+00
  0.00000000e+00  0.00000000e+00  1.00000000e+01  1.00000000e+00
  1.25986477e-03  1.70772522e+02  3.03644792e-05  4.06946097e-05]",41,randomly,0.213,No collision,False,False,False,"[0.212804, 0.188781, 0.188444, 0, 0, 0, 0, 0, 0, 0, 0, 0]",False
11,"[-2.08948639e+02  1.02044754e+01 -1.78034927e+02  0.00000000e+00
  0.00000000e+00  0.00000000e+00  1.00000000e+01  1.00000000e+00
  4.84411139e-05  1.70774292e+02 -1.53522578e-05  2.55407225e-05]",37,randomly,0.485,No collision,False,False,False,"[0, 0.052292, 0.150485, 0.239436, 0.316326, 0.383233, 0.439666, 0.476749, 0.485484, 0.469652, 0.429242, 0.371347]",False
11,"[-2.08946198e+02  1.02044754e+01 -1.78049942e+02  0.00000000e+00
  0.00000000e+00  0.00000000e+00  1.00000000e+01  0.00000000e+00
  4.79284790e-05  1.70769882e+02 -1.63918048e-05  4.19393442e-05]",0,by model,0.373,No collision,False,False,False,"[0.302256, 0.372784, 0.199829, 0.027356, 0, 0, 0.021175, 0.091941, 0.166031, 0.223326, 0.269178, 0.300676]",False
11,"[-2.08946198e+02  1.02044754e+01 -1.78049942e+02  0.00000000e+00
  0.00000000e+00  0.00000000e+00  1.00000000e+01 -1.00000000e+00
  4.78876900e-05  1.70769882e+02 -1.68970910e-05  1.84774826e-05]",26,randomly,0.31,No collision,False,False,False,"[0.30968, 0.300333, 0.273618, 0.229588, 0.187711, 0.187711, 0, 0, 0, 0, 0, 0]",True
12,"[ -65.76665497   10.2043066  -112.78094482    0.            0.
    0.           10.           -1.          359.85159302  228.31736755
  359.96618652    3.1956212 ]",0,by model,0.669,No collision,False,False,False,"[0, 0, 0, 0.218103, 0.523796, 0.668705, 0.440156, 0.115901, 0, 0, 0, 0]",False
12,"[-9.34569321e+01  1.02034483e+01 -1.42214584e+02  0.00000000e+00
  0.00000000e+00  0.00000000e+00  1.00000000e+01 -1.00000000e+00
  1.70918496e-03  2.22126343e+02  4.73548978e-04  8.61347787e+00]",0,by model,0.728,No collision,False,False,False,"[0, 0.104756, 0.354467, 0.602745, 0.727545, 0.381949, 0, 0, 0, 0, 0, 0]",False
12,"[-1.18263245e+02  1.02042675e+01 -1.54582932e+02  0.00000000e+00
  0.00000000e+00  0.00000000e+00  1.00000000e+01 -1.00000000e+00
  3.59982422e+02  3.00402100e+02  1.67274520e-01  3.59298831e+00]",0,by model,1,597edc59-4acf-4b25-a25b-4cc2852400ec,False,False,False,"[0, 0, 0, 0.183239, 0.689028, 1, 0.165161, 0.045947, 0.052324, 0.163431, 0.323757, 0.456161]",False
12,"[-1.26510704e+02  1.02044792e+01 -1.47686142e+02  0.00000000e+00
  0.00000000e+00  0.00000000e+00  1.00000000e+01  1.00000000e+00
  3.59962830e+02  3.09737518e+02  2.04079621e-03  4.49414940e-01]",0,by model,0,597edc59-4acf-4b25-a25b-4cc2852400ec,False,False,True,"[1, 0.222581, 0.092307, 0, 0, 0.085509, 0.216976, 0.403803, 0.633375, 0.564147, 0.325611, 0]",True
13,"[-6.57854385e+01  1.02042589e+01 -1.15248024e+02  0.00000000e+00
  0.00000000e+00  0.00000000e+00  1.00000000e+01 -1.00000000e+00
  3.59937958e+02  2.17445969e+02  4.34592068e-02  3.62171065e+00]",0,by model,0.8,No collision,False,False,False,"[0, 0, 0, 0.362877, 0.722403, 0.800061, 0.50336, 0.134983, 0, 0, 0, 0]",False
13,"[-9.50147400e+01  1.02033644e+01 -1.46901779e+02  0.00000000e+00
  0.00000000e+00  0.00000000e+00  1.00000000e+01 -1.00000000e+00
  3.05003468e-02  2.24857803e+02  4.30767164e-02  8.67479059e+00]",0,by model,1,80288549-33b2-4477-8680-a65c212e468c,False,False,False,"[0, 0, 0.172909, 0.502348, 1, 0.231316, 0.082262, 0, 0, 0, 0.064098, 0.303264]",False
13,"[-1.01935402e+02  1.02043982e+01 -1.54415894e+02  0.00000000e+00
  0.00000000e+00  0.00000000e+00  1.00000000e+01 -1.00000000e+00
  3.59915314e+02  2.34703156e+02  1.09621314e-02  1.34026419e+00]",0,randomly,1,OBSTACLE,False,False,False,"[1, 0.351537, 0.373925, 1, 0.306128, 0, 0, 1, 0, 0, 0, 0]",False
13,"[-8.67624512e+01  1.02967615e+01 -1.55850754e+02  0.00000000e+00
  0.00000000e+00  0.00000000e+00  1.00000000e+01  1.00000000e+00
  5.08317351e-01  2.88717194e+02  3.59760773e+02  4.61959917e-05]",0,by model,0.0,No collision,False,False,False,"[0, 0, 0, 0, 0, 0, 0, 0, 0, 0, 0, 0]",False
13,"[-8.67624512e+01  1.02967606e+01 -1.55850754e+02  0.00000000e+00
  0.00000000e+00  0.00000000e+00  1.00000000e+01  1.00000000e+00
  5.08349001e-01  2.88717194e+02  3.59760773e+02  3.69104869e-05]",19,randomly,0.0,No collision,False,False,False,"[0, 0, 0, 0, 0, 0, 0, 0, 0, 0, 0, 0]",False
13,"[-8.67624512e+01  1.02967596e+01 -1.55850754e+02  0.00000000e+00
  0.00000000e+00  0.00000000e+00  1.00000000e+01  1.00000000e+00
  5.08349419e-01  2.88717194e+02  3.59760773e+02  3.67041030e-05]",0,by model,0.257,No collision,False,False,False,"[0, 0, 0, 0, 0.060706, 0.127924, 0.185194, 0.225623, 0.249272, 0.257104, 0.24357, 0.211349]",False
13,"[-8.67624512e+01  1.02967596e+01 -1.55850754e+02  0.00000000e+00
  0.00000000e+00  0.00000000e+00  1.00000000e+01 -1.00000000e+00
  5.08349299e-01  2.88717194e+02  3.59760773e+02  2.55085459e-05]",0,by model,0.2,No collision,False,False,False,"[0.200007, 0.200007, 0, 0, 0, 0, 0, 0, 0, 0, 0, 0]",False
13,"[-8.67624512e+01  1.02967596e+01 -1.55850754e+02  0.00000000e+00
  0.00000000e+00  0.00000000e+00  1.00000000e+01 -1.00000000e+00
  5.08350909e-01  2.88717194e+02  3.59760773e+02  2.22235442e-05]",0,by model,0.256,No collision,False,False,False,"[0, 0, 0, 0, 0.066792, 0.133122, 0.185193, 0.227299, 0.253035, 0.255974, 0.239104, 0.202961]",False
13,"[-8.67624512e+01  1.02967596e+01 -1.55850754e+02  0.00000000e+00
  0.00000000e+00  0.00000000e+00  1.00000000e+01 -1.00000000e+00
  5.08349299e-01  2.88717194e+02  3.59760773e+02  2.54677420e-05]",0,by model,0.257,No collision,False,False,False,"[0.200007, 0.200007, 0, 0.007066, 0.081123, 0.146236, 0.197059, 0.234054, 0.253035, 0.256085, 0.250919, 0.257104]",False
13,"[-8.67624512e+01  1.02967606e+01 -1.55850754e+02  0.00000000e+00
  0.00000000e+00  0.00000000e+00  1.00000000e+01 -1.00000000e+00
  5.08349657e-01  2.88717194e+02  3.59760773e+02  5.21418951e-05]",0,by model,0.257,No collision,False,False,False,"[0.245041, 0.215299, 0.200007, 0.200007, 0.058251, 0.126875, 0.189252, 0.227847, 0.251428, 0.256921, 0.243946, 0.210674]",False
13,"[-8.67624512e+01  1.02967606e+01 -1.55850754e+02  0.00000000e+00
  0.00000000e+00  0.00000000e+00  1.00000000e+01  1.00000000e+00
  5.08348227e-01  2.88717194e+02  3.59760773e+02  2.58951558e-05]",0,by model,0.255,No collision,False,False,False,"[0.200007, 0.200007, 0, 0, 0.07639, 0.141262, 0.194762, 0.235496, 0.25504, 0.254016, 0.254883, 0.255466]",True
14,"[-6.51719208e+01  1.02042322e+01 -1.13471001e+02  0.00000000e+00
  0.00000000e+00  0.00000000e+00  1.00000000e+01 -1.00000000e+00
  3.59830170e+02  2.19056046e+02  4.82751653e-02  3.39769628e+00]",0,by model,0.809,No collision,False,False,False,"[0, 0, 0, 0.350397, 0.749771, 0.808981, 0.482702, 0.12903, 0, 0, 0, 0]",False
14,"[-9.60138626e+01  1.02033596e+01 -1.45944519e+02  0.00000000e+00
  0.00000000e+00  0.00000000e+00  1.00000000e+01 -1.00000000e+00
  2.97903866e-02  2.24331650e+02  6.06295355e-02  8.68221234e+00]",0,by model,0.68,No collision,False,False,False,"[0, 0, 0.182886, 0.456433, 0.651609, 0.679758, 0.373721, 0.043122, 0, 0, 0, 0]",False
14,"[-1.18748283e+02  1.02041712e+01 -1.54891968e+02  0.00000000e+00
  0.00000000e+00  0.00000000e+00  1.00000000e+01 -1.00000000e+00
  3.59917114e+02  3.05001190e+02  1.87984571e-01  4.07444366e+00]",0,by model,1,125aa0a0-3ad6-48a2-9fb2-a341d36f182b,False,False,False,"[0, 0, 0.021993, 0.460728, 1, 0.216669, 0, 0.087424, 0.261024, 1, 0.393062, 1]",False
14,"[-126.21283722   10.18356705 -148.6103363     0.            0.
    0.           10.            1.          359.36361694  313.57455444
    0.60561186    3.65008785]",0,by model,0,125aa0a0-3ad6-48a2-9fb2-a341d36f182b,False,False,True,"[0.210652, 0.126277, 0.230782, 0.341254, 1, 0.452769, 1, 0.517687, 0.470611, 0.523256, 0.581438, 0.643414]",True
15,"[-6.58404465e+01  1.02042799e+01 -1.15507523e+02  0.00000000e+00
  0.00000000e+00  0.00000000e+00  1.00000000e+01 -1.00000000e+00
  3.59955750e+02  2.16755112e+02  2.39973199e-02  3.61097244e+00]",0,by model,0.865,No collision,False,False,False,"[0, 0, 0, 0.238854, 0.589968, 0.86515, 0.60023, 0.167479, 0, 0, 0, 0]",False
15,"[-8.83565063e+01  1.02042694e+01 -1.40280716e+02  0.00000000e+00
  0.00000000e+00  0.00000000e+00  1.00000000e+01 -1.00000000e+00
  8.97808447e-02  2.24214722e+02  8.11597053e-03  3.60053200e+00]",0,by model,0.618,No collision,False,False,False,"[0, 0, 0, 0.073107, 0.348376, 0.512203, 0.618277, 0.580098, 0.49968, 0.400907, 0.199158, 0.01009]",False
15,"[-1.03114113e+02  1.02041550e+01 -1.54300964e+02  0.00000000e+00
  0.00000000e+00  0.00000000e+00  1.00000000e+01 -1.00000000e+00
  3.59820770e+02  2.30620117e+02  7.19818175e-02  4.33535305e+00]",0,by model,0.0,No collision,False,False,False,"[0, 0, 0, 0, 0, 0, 0, 0, 0, 0, 0, 0]",False
15,"[-1.23065483e+02  1.02041245e+01 -1.51144913e+02  0.00000000e+00
  0.00000000e+00  0.00000000e+00  1.00000000e+01  1.00000000e+00
  3.59847687e+02  3.11821472e+02  7.91652501e-02  5.87289346e+00]",0,by model,0.786,No collision,False,False,False,"[0, 0, 0.375467, 0.724123, 0.786286, 0.505414, 0.191296, 0, 0, 0, 0, 0]",False
15,"[-1.61519730e+02  1.02031345e+01 -1.13801971e+02  0.00000000e+00
  0.00000000e+00  0.00000000e+00  1.00000000e+01 -1.00000000e+00
  4.56199311e-02  3.14202667e+02  6.02830499e-02  9.36344686e+00]",0,by model,0.671,No collision,False,False,False,"[0, 0.156742, 0.426923, 0.670775, 0.602396, 0.265466, 0, 0, 0, 0, 0, 0]",False
15,"[-1.84657257e+02  1.02044811e+01 -9.11715469e+01  0.00000000e+00
  0.00000000e+00  0.00000000e+00  1.00000000e+01 -1.00000000e+00
  5.65799214e-02  3.14901825e+02  1.44417863e-04  1.37064505e+00]",50,randomly,0.0,No collision,False,False,False,"[0, 0, 0, 0, 0, 0, 0, 0, 0, 0, 0, 0]",False
15,"[-1.85281204e+02  1.02044849e+01 -9.05491104e+01  0.00000000e+00
  0.00000000e+00  0.00000000e+00  1.00000000e+01 -1.00000000e+00
  2.16558710e-05  3.14909393e+02  4.76053901e-06  1.31503951e-05]",0,by model,0.0,No collision,False,False,False,"[0, 0, 0, 0, 0, 0, 0, 0, 0, 0, 0, 0]",False
15,"[-1.89387527e+02  1.02041683e+01 -8.64487152e+01  0.00000000e+00
  0.00000000e+00  0.00000000e+00  1.00000000e+01  1.00000000e+00
  3.59771271e+02  3.14962921e+02  4.04945386e-05  3.80462894e+00]",51,by model,1,a0de8de1-18fd-4cce-bbf6-b8e289921ce2,False,False,False,"[0.33506, 1, 0.388059, 0.079517, 0, 0, 0, 0, 0, 0, 0.02315, 0.119571]",False
15,"[-1.87876328e+02  1.02044859e+01 -8.92252731e+01  0.00000000e+00
  0.00000000e+00  0.00000000e+00  1.00000000e+01  1.00000000e+00
  3.85472178e-03  3.23513519e+02  1.85146509e-05  3.90685664e-03]",23,by model,0,6fae0b09-63df-4308-9582-0ca438cfe060,False,False,False,"[0.236568, 0.33502, 0.430313, 0.51687, 0.58672, 0.698868, 0.607643, 0.28094, 0, 0.248799, 1, 0.340577]",True
