Episode,State,Action,Choosing_Type,Collision_Probability,Collision_uid,Collision_Probability_Per_Step,Done
0,"[-38.64818192  -1.44027996 -12.24788094   0.           0.
   0.          12.          -1.           1.20766246 105.08493042
 359.05218506   2.97277698]",29,by model,0.519,No collision,"[0, 0.519273, 0, 0.021664, 0.14695, 0.156556, 0.156085, 0.210961, 0, 0, 0, 0]",False
0,"[-3.21681252e+01 -1.60844016e+00 -1.40326271e+01  0.00000000e+00
  0.00000000e+00  0.00000000e+00  1.20000000e+01 -1.00000000e+00
  1.59658504e+00  1.05439972e+02  3.59184204e+02  5.67572399e-05]",29,by model,0.0,No collision,"[0, 0, 0, 0, 0, 0, 0, 0, 0, 0, 0, 0]",False
0,"[-3.21681252e+01 -1.60844016e+00 -1.40326271e+01  0.00000000e+00
  0.00000000e+00  0.00000000e+00  1.20000000e+01 -1.00000000e+00
  1.59658384e+00  1.05439972e+02  3.59184235e+02  5.68516795e-05]",29,by model,0.0,No collision,"[0, 0, 0, 0, 0, 0, 0, 0, 0, 0, 0, 0]",False
0,"[-3.21681252e+01 -1.60844016e+00 -1.40326271e+01  0.00000000e+00
  0.00000000e+00  0.00000000e+00  1.20000000e+01  1.00000000e+00
  1.59658384e+00  1.05439972e+02  3.59184235e+02  5.67883110e-05]",0,randomly,0.43,No collision,"[0, 0, 0, 0, 0, 0, 0, 0.129242, 0.33649, 0.429999, 0.398241, 0.381144]",False
0,"[ 10.70873165  -2.32313728 -26.09840775   0.           0.
   0.          12.           1.           1.34680414 105.53261566
 359.83349609  15.60497475]",22,randomly,1.0,SUV(Clone)e8704f11-a90b-4445-82ee-64fd33ae8864,"[0.799066, 1, 0, 0, 0, 0, 0, 0, 0, 0, 0.089879, 1]",False
0,"[ 28.88608742  -2.69152546 -31.17523766   0.           0.
   0.          12.           1.           0.94836867 109.18212891
 359.10043335   3.52643768]",33,by model,0.798,No collision,"[0.279218, 0.64854, 0.750312, 0.78384, 0.794605, 0.797808, 0.797746, 0.574237, 0.324467, 0.2152, 0.092253, 0.771416]",False
0,"[ 56.49274063  -3.1159749  -36.47451782   0.           0.
   0.          12.          -1.           0.44800216  82.1277771
 357.74032593   8.85827687]",33,by model,0.805,No collision,"[0.805452, 0.648409, 0.259274, 0.133237, 0.079863, 0.357204, 0, 0, 0.401231, 0, 0.217746, 0]",False
0,"[104.12919617  -3.88316417 -51.55273438   0.           0.
   0.          12.          -1.           1.01294327 111.74776459
 359.11334229   2.00524203]",33,by model,0.899,No collision,"[0.671631, 0.718467, 0.898723, 0.642568, 0.566811, 0.5088, 0.346757, 0.205995, 0.148771, 0, 0, 0]",False
0,"[129.60150146  -4.12784719 -56.73949051   0.           0.
   0.          12.          -1.           0.43993741  97.52919769
 358.40600586   8.21730691]",33,by model,0.281,No collision,"[0.280777, 0.270585, 0, 0, 0, 0, 0, 0, 0, 0, 0, 0]",False
0,"[166.99156189  -4.54378653 -63.07506943   0.           0.
   0.          12.          -1.           0.51940393 103.5263443
 359.84527588   6.29532942]",46,randomly,0.139,No collision,"[0, 0, 0, 0, 0, 0, 0, 0, 0.042578, 0.139398, 0, 0]",False
0,"[224.67434692  -5.45977163 -78.25843811   0.           0.
   0.          12.           1.           1.31616092 104.20694733
 359.88537598  15.54755244]",33,by model,0.062,No collision,"[0, 0, 0, 0, 0, 0.061948, 0, 0, 0, 0.008877, 0, 0]",False
0,"[ 2.77793915e+02 -6.44170094e+00 -9.30830536e+01  0.00000000e+00
  0.00000000e+00  0.00000000e+00  1.20000000e+01  1.00000000e+00
  1.09297109e+00  1.04939262e+02  3.87706235e-02  8.64030101e-05]",45,randomly,0.0,No collision,"[0, 0, 0, 0, 0, 0, 0, 0, 0, 0, 0, 0]",False
0,"[290.04602051  -6.66910839 -96.29373932   0.           0.
   0.          12.           1.           0.90611011 104.71963501
 359.88327026   8.5049773 ]",33,by model,0.069,No collision,"[0, 0, 0, 0, 0, 0, 0, 0, 0, 0, 0.069368, 0]",False
0,"[ 332.0269165    -7.3030653  -100.63208008    0.            0.
    0.           12.           -1.            1.0058955    56.14930725
  359.58135986    3.13723687]",38,by model,0.0,No collision,"[0, 0, 0, 0, 0, 0, 0, 0, 0, 0, 0, 0]",False
0,"[343.39819336  -7.49581671 -82.16091919   0.           0.
   0.          12.          -1.           0.4161506   22.24061012
 358.49578857   2.65632105]",38,by model,0.103,No collision,"[0, 0, 0, 0, 0, 0, 0, 0, 0, 0, 0, 0.102867]",False
0,"[350.41357422  -7.60514545 -59.27093124   0.           0.
   0.          12.          -1.           0.41156492  14.71348953
 358.0289917    2.61453316]",34,randomly,0.329,No collision,"[0.219534, 0, 0.328986, 0, 0, 0, 0, 0, 0, 0, 0, 0]",False
0,"[ 3.50696106e+02 -7.60817862e+00 -5.82278709e+01  0.00000000e+00
  0.00000000e+00  0.00000000e+00  1.20000000e+01 -1.00000000e+00
  1.41431108e-01  1.46400328e+01  3.57977173e+02  1.52910361e-04]",37,by model,0.0,No collision,"[0, 0, 0, 0, 0, 0, 0, 0, 0, 0, 0, 0]",False
0,"[ 3.50696106e+02 -7.60817862e+00 -5.82278709e+01  0.00000000e+00
  0.00000000e+00  0.00000000e+00  1.20000000e+01  1.00000000e+00
  1.41430840e-01  1.46400328e+01  3.57977173e+02  1.52624177e-04]",38,by model,0.0,No collision,"[0, 0, 0, 0, 0, 0, 0, 0, 0, 0, 0, 0]",False
0,"[ 3.50696106e+02 -7.60817862e+00 -5.82278709e+01  0.00000000e+00
  0.00000000e+00  0.00000000e+00  1.20000000e+01  1.00000000e+00
  1.41431108e-01  1.46400328e+01  3.57977173e+02  1.52652527e-04]",38,by model,0.0,No collision,"[0, 0, 0, 0, 0, 0, 0, 0, 0, 0, 0, 0]",False
0,"[351.56387329  -7.61158609 -54.91855621   0.           0.
   0.          12.           0.         359.85617065  14.41892719
 357.68093872   4.20313236]",37,by model,0.0,No collision,"[0, 0, 0, 0, 0, 0, 0, 0, 0, 0, 0, 0]",False
0,"[ 3.62553070e+02 -7.68717241e+00 -1.17257109e+01  0.00000000e+00
  0.00000000e+00  0.00000000e+00  1.20000000e+01 -1.00000000e+00
  3.04269701e-01  1.39961233e+01  3.56844666e+02  8.52235252e+00]",37,by model,0.0,No collision,"[0, 0, 0, 0, 0, 0, 0, 0, 0, 0, 0, 0]",False
0,"[ 3.72959198e+02 -7.89819717e+00  2.91293011e+01  0.00000000e+00
  0.00000000e+00  0.00000000e+00  1.20000000e+01 -1.00000000e+00
  2.09522426e-01  1.46011009e+01  4.70421344e-01  6.11136741e+00]",37,by model,0.0,No collision,"[0, 0, 0, 0, 0, 0, 0, 0, 0, 0, 0, 0]",False
0,"[ 3.78880096e+02 -7.96437550e+00  5.17302895e+01  0.00000000e+00
  0.00000000e+00  0.00000000e+00  1.20000000e+01 -1.00000000e+00
  2.39893913e-01  1.48918629e+01  1.29501140e+00  4.30656252e+00]",37,by model,0.0,No collision,"[0, 0, 0, 0, 0, 0, 0, 0, 0, 0, 0, 0]",False
0,"[391.66772461  -8.03138828  99.86818695   0.           0.
   0.          12.          -1.           0.84138161  14.64156914
 357.32843018  10.34115181]",37,by model,0.729,No collision,"[0, 0, 0, 0, 0, 0, 0.04108, 0.291278, 0.456457, 0.573911, 0.661749, 0.729133]",False
0,"[ 404.10009766 -122.64958191  147.03997803    0.            0.
    0.           12.           -1.          321.2855835    16.03060532
  354.81518555   46.74693275]",19,randomly,0.978,No collision,"[0.781436, 0.820414, 0.849231, 0.869121, 0.882632, 0.889477, 0.978117, 0.875912, 0.870339, 0.899734, 0.902179, 0.908655]",True
1,"[-39.916008    -1.40723956 -11.93182182   0.           0.
   0.          12.          -1.           1.35347569 105.89567566
 359.13406372   1.17233772]",29,by model,0.0,No collision,"[0, 0, 0, 0, 0, 0, 0, 0, 0, 0, 0, 0]",False
1,"[-3.85768852e+01 -1.44254482e+00 -1.23174486e+01  0.00000000e+00
  0.00000000e+00  0.00000000e+00  1.20000000e+01 -1.00000000e+00
  1.40445900e+00  1.05925026e+02  3.59013428e+02  5.10918444e-05]",29,by model,0.0,No collision,"[0, 0, 0, 0, 0, 0, 0, 0, 0, 0, 0, 0]",False
1,"[-3.85768852e+01 -1.44254494e+00 -1.23174486e+01  0.00000000e+00
  0.00000000e+00  0.00000000e+00  1.20000000e+01 -1.00000000e+00
  1.40446091e+00  1.05925026e+02  3.59013428e+02  5.14275133e-05]",35,randomly,0.0,No collision,"[0, 0, 0, 0, 0, 0, 0, 0, 0, 0, 0, 0]",False
1,"[-3.85768852e+01 -1.44254482e+00 -1.23174486e+01  0.00000000e+00
  0.00000000e+00  0.00000000e+00  1.20000000e+01  1.00000000e+00
  1.40445960e+00  1.05925026e+02  3.59013428e+02  5.10083686e-05]",21,randomly,0.716,No collision,"[0, 0.165405, 0.300846, 0.262509, 0.45152, 0.716447, 0, 0.22481, 0.56997, 0.505908, 0.426003, 0.068468]",False
1,"[-10.47764778  -1.94672942 -20.28573036   0.           0.
   0.          12.          -1.           0.43732449 105.73483276
   0.25435489   8.47616509]",33,by model,0.185,No collision,"[0.02746, 0.016813, 0.00038, 0, 0, 0, 0, 0, 0, 0, 0.049935, 0.185185]",False
1,"[ 21.57315826  -2.54712296 -29.32735252   0.           0.
   0.          12.           1.           1.50783062 105.80004883
 358.83987427   1.72386933]",33,by model,0.345,No collision,"[0.260802, 0.31774, 0, 0, 0.34498, 0.276138, 0.225782, 0.150249, 0, 0.070078, 0.025349, 0.272069]",False
1,"[ 38.04350281  -2.85288572 -33.55209351   0.           0.
   0.          12.          -1.           0.70994067 102.02202606
 358.18972778   7.67737919]",33,by model,0.872,No collision,"[0.31129, 0.457901, 0.505555, 0.475279, 0.3915, 0.312928, 0.337045, 0.340133, 0.532877, 0.733071, 0.727529, 0.871617]",False
1,"[ 89.00040436  -3.6427207  -38.98628235   0.           0.
   0.          12.          -1.           0.73124516 111.48939514
   1.56254542   7.81104976]",44,by model,0.779,No collision,"[0.769488, 0.779429, 0.51371, 0.238695, 0.039481, 0, 0, 0, 0.165162, 0.47238, 0, 0]",False
1,"[ 1.13174522e+02 -3.91681671e+00 -4.77311363e+01  0.00000000e+00
  0.00000000e+00  0.00000000e+00  1.20000000e+01 -1.00000000e+00
  5.80621481e-01  1.08720627e+02  3.00341491e-02  2.82110619e-05]",33,by model,0.0,No collision,"[0, 0, 0, 0, 0, 0, 0, 0, 0, 0, 0, 0]",False
1,"[ 1.13174522e+02 -3.91681647e+00 -4.77311363e+01  0.00000000e+00
  0.00000000e+00  0.00000000e+00  1.20000000e+01 -1.00000000e+00
  5.80619454e-01  1.08720627e+02  3.00327633e-02  2.68308772e-05]",33,by model,0.0,No collision,"[0, 0, 0, 0, 0, 0, 0, 0, 0, 0, 0, 0]",False
1,"[ 1.13174522e+02 -3.91681647e+00 -4.77311363e+01  0.00000000e+00
  0.00000000e+00  0.00000000e+00  1.20000000e+01  1.00000000e+00
  5.80621064e-01  1.08720627e+02  3.00350040e-02  2.90388198e-05]",33,by model,0.0,No collision,"[0, 0, 0, 0, 0, 0, 0, 0, 0, 0, 0, 0]",False
1,"[ 1.13174522e+02 -3.91681647e+00 -4.77311363e+01  0.00000000e+00
  0.00000000e+00  0.00000000e+00  1.20000000e+01  1.00000000e+00
  5.80618083e-01  1.08720627e+02  3.00300941e-02  2.80008311e-05]",4,randomly,0.0,No collision,"[0, 0, 0, 0, 0, 0, 0, 0, 0, 0, 0, 0]",False
1,"[ 1.13174522e+02 -3.91681647e+00 -4.77311363e+01  0.00000000e+00
  2.00000003e-01  0.00000000e+00  1.20000000e+01  1.00000000e+00
  5.80618143e-01  1.08720627e+02  3.00294813e-02  2.77171858e-05]",33,by model,0.0,No collision,"[0, 0, 0, 0, 0, 0, 0, 0, 0, 0, 0, 0]",False
1,"[ 1.13174522e+02 -3.91681647e+00 -4.77311363e+01  0.00000000e+00
  2.00000003e-01  0.00000000e+00  1.20000000e+01 -1.00000000e+00
  5.80618083e-01  1.08720627e+02  3.00316159e-02  2.75170535e-05]",33,by model,0.0,No collision,"[0, 0, 0, 0, 0, 0, 0, 0, 0, 0, 0, 0]",False
1,"[ 1.13174522e+02 -3.91681671e+00 -4.77311363e+01  0.00000000e+00
  2.00000003e-01  0.00000000e+00  1.20000000e+01 -1.00000000e+00
  5.80617487e-01  1.08720627e+02  3.00307348e-02  2.91296728e-05]",33,by model,0.0,No collision,"[0, 0, 0, 0, 0, 0, 0, 0, 0, 0, 0, 0]",True
2,"[-40.07999802  -1.40258193 -11.86014462   0.           0.
   0.          12.          -1.           1.31095243 104.99953461
 359.16952515   1.16041155]",29,by model,0.0,No collision,"[0, 0, 0, 0, 0, 0, 0, 0, 0, 0, 0, 0]",False
2,"[-3.63777733e+01 -1.49698102e+00 -1.28711014e+01  0.00000000e+00
  0.00000000e+00  0.00000000e+00  1.20000000e+01 -1.00000000e+00
  1.39853978e+00  1.05211601e+02  3.59049835e+02  5.20362076e-05]",29,by model,0.0,No collision,"[0, 0, 0, 0, 0, 0, 0, 0, 0, 0, 0, 0]",False
2,"[-3.30191727e+01 -1.58525085e+00 -1.37976255e+01  0.00000000e+00
  0.00000000e+00  0.00000000e+00  1.20000000e+01 -1.00000000e+00
  1.56497765e+00  1.05369591e+02  3.59111176e+02  5.52858491e-05]",29,by model,0.0,No collision,"[0, 0, 0, 0, 0, 0, 0, 0, 0, 0, 0, 0]",False
2,"[-3.30191727e+01 -1.58525085e+00 -1.37976255e+01  0.00000000e+00
  0.00000000e+00  0.00000000e+00  1.20000000e+01  1.00000000e+00
  1.56497741e+00  1.05369591e+02  3.59111176e+02  5.54462797e-05]",29,by model,0.0,No collision,"[0, 0, 0, 0, 0, 0, 0, 0, 0, 0, 0, 0]",False
2,"[ -6.2817378   -1.97012126 -21.3346405    0.           0.
   0.          12.          -1.           0.19356285 105.83942413
   0.16097043   9.98702184]",33,by model,0.595,No collision,"[0.272705, 0.145468, 0.0842, 0.19972, 0.237248, 0.452566, 0.346894, 0.172567, 0.139298, 0.173657, 0.26218, 0.594823]",False
2,"[ 42.06877136  -2.89376068 -36.72932053   0.           0.
   0.          12.           1.           0.91232675 107.57701874
   4.31271124   9.05957847]",33,by model,0.941,No collision,"[0.807721, 0.704359, 0.829106, 0.867569, 0.889922, 0.930069, 0.941235, 0.734322, 0.461896, 0.452153, 0.465515, 0.519087]",False
2,"[101.23910522  -3.82279682 -40.36177444   0.           0.
   0.          12.          -1.           0.85408962  93.18925476
   1.05054832  10.63659971]",44,by model,1.0,OBSTACLE,"[1, 0, 0, 0, 0, 0, 0, 0, 0, 0, 0, 0]",False
2,"[ 1.05888397e+02 -3.86480856e+00 -4.08361931e+01  0.00000000e+00
  0.00000000e+00  0.00000000e+00  1.20000000e+01 -1.00000000e+00
  3.59689941e+02  8.78562698e+01  3.58765564e+02  6.59664114e-04]",9,by model,0.0,No collision,"[0, 0, 0, 0, 0, 0, 0, 0, 0, 0, 0, 0]",False
2,"[ 1.05888626e+02 -3.86579037e+00 -4.08412361e+01  0.00000000e+00
  0.00000000e+00  1.00000000e+00  1.20000000e+01 -1.00000000e+00
  3.59653748e+02  8.78041000e+01  3.58843048e+02  6.47587181e-04]",9,by model,0.0,No collision,"[0, 0, 0, 0, 0, 0, 0, 0, 0, 0, 0, 0]",False
2,"[ 1.05888878e+02 -3.86684394e+00 -4.08463020e+01  0.00000000e+00
  0.00000000e+00  1.00000000e+00  1.20000000e+01 -1.00000000e+00
  3.59614777e+02  8.77545319e+01  3.58924988e+02  6.40547002e-04]",9,by model,0.0,No collision,"[0, 0, 0, 0, 0, 0, 0, 0, 0, 0, 0, 0]",False
2,"[ 1.05889137e+02 -3.86791253e+00 -4.08512993e+01  0.00000000e+00
  0.00000000e+00  1.00000000e+00  1.20000000e+01  1.00000000e+00
  3.59575226e+02  8.77053680e+01  3.59007629e+02  6.39073807e-04]",3,randomly,0.0,No collision,"[0, 0, 0, 0, 0, 0, 0, 0, 0, 0, 0, 0]",False
2,"[ 1.05889389e+02 -3.86896038e+00 -4.08560944e+01  1.00000000e+00
  0.00000000e+00  1.00000000e+00  1.20000000e+01  1.00000000e+00
  3.59536407e+02  8.76562119e+01  3.59088379e+02  6.34168178e-04]",9,by model,0.0,No collision,"[0, 0, 0, 0, 0, 0, 0, 0, 0, 0, 0, 0]",False
2,"[ 1.05888947e+02 -3.86415553e+00 -4.08569527e+01  0.00000000e+00
  0.00000000e+00  1.00000000e+00  1.20000000e+01  1.00000000e+00
  3.59721954e+02  8.76473923e+01  3.58830078e+02  4.82885894e-04]",9,by model,0.0,No collision,"[0, 0, 0, 0, 0, 0, 0, 0, 0, 0, 0, 0]",False
2,"[ 1.05889412e+02 -3.86444545e+00 -4.08576813e+01  0.00000000e+00
  0.00000000e+00  1.00000000e+00  1.20000000e+01 -1.00000000e+00
  3.59711823e+02  8.76707687e+01  3.58822571e+02  1.70195421e-03]",9,by model,0.0,No collision,"[0, 0, 0, 0, 0, 0, 0, 0, 0, 0, 0, 0]",False
2,"[ 1.05889915e+02 -3.86493731e+00 -4.08584976e+01  0.00000000e+00
  0.00000000e+00  1.00000000e+00  1.20000000e+01 -1.00000000e+00
  3.59694031e+02  8.76951065e+01  3.58839661e+02  1.21596652e-03]",9,by model,0.0,No collision,"[0, 0, 0, 0, 0, 0, 0, 0, 0, 0, 0, 0]",True
3,"[-38.69167328  -1.43905067 -12.23326588   0.           0.
   0.          12.          -1.           1.32756281 105.00151825
 359.05148315   2.31763295]",37,randomly,0.504,No collision,"[0.504136, 0, 0.097613, 0, 0, 0, 0, 0, 0, 0, 0, 0]",False
3,"[-2.16400833e+01 -1.84311497e+00 -1.69644394e+01  0.00000000e+00
  0.00000000e+00  0.00000000e+00  1.20000000e+01 -1.00000000e+00
  7.82306850e-01  1.05662003e+02  3.59740173e+02  2.61451564e-05]",23,randomly,0.445,No collision,"[0, 0, 0, 0, 0, 0, 0, 0, 0, 0, 0.019056, 0.445401]",False
3,"[ 11.83556271  -2.3533628  -26.51477814   0.           0.
   0.          12.          -1.           1.28120387 105.93468475
 359.86157227  13.39496411]",33,by model,0.852,No collision,"[0.852082, 0.843161, 0.704178, 0.609689, 0.248641, 0, 0, 0, 0, 0, 0, 0]",False
3,"[ 78.19106293  -3.45380998 -39.4865799    0.           0.
   0.          12.           1.           0.7470808  112.8719101
 359.71057129   8.75422549]",39,randomly,0.0,No collision,"[0, 0, 0, 0, 0, 0, 0, 0, 0, 0, 0, 0]",False
3,"[135.34877014  -4.1646719  -54.42324066   0.           0.
   0.          12.           1.           0.69206113 105.87043762
 359.93911743  10.38115833]",33,by model,0.166,No collision,"[0, 0.166399, 0.129773, 0, 0, 0, 0, 0, 0, 0, 0, 0]",False
3,"[ 1.94957306e+02 -4.91518402e+00 -7.10386810e+01  0.00000000e+00
  0.00000000e+00  0.00000000e+00  1.20000000e+01  1.00000000e+00
  8.06228101e-01  1.04612915e+02  4.48848456e-02  1.03931739e+01]",33,by model,0.0,No collision,"[0, 0, 0, 0, 0, 0, 0, 0, 0, 0, 0, 0]",False
3,"[ 2.58671448e+02 -6.09193897e+00 -8.77374878e+01  0.00000000e+00
  0.00000000e+00  0.00000000e+00  1.20000000e+01 -1.00000000e+00
  9.99798954e-01  1.04902496e+02  6.76438510e-02  1.16347378e+01]",15,randomly,0.0,No collision,"[0, 0, 0, 0, 0, 0, 0, 0, 0, 0, 0, 0]",False
3,"[ 314.81542969   -7.0555644  -102.86695099    0.            0.
    0.           12.           -1.            0.75558752  104.55800629
  359.88861084    4.11617607]",33,by model,0.714,No collision,"[0.162672, 0.503881, 0.670966, 0.714416, 0.455189, 0.432152, 0.427794, 0.048448, 0, 0, 0, 0]",False
3,"[335.37759399  -7.34837914 -89.24316406   0.           0.
   0.          12.          -1.         359.80551147   5.65593576
 357.67477417   8.70903314]",37,by model,0.0,No collision,"[0, 0, 0, 0, 0, 0, 0, 0, 0, 0, 0, 0]",False
3,"[ 3.39953125e+02 -7.42711544e+00 -6.07606773e+01  0.00000000e+00
  0.00000000e+00  0.00000000e+00  1.20000000e+01 -1.00000000e+00
  3.59942535e+02  2.18835640e+01  3.86372060e-01  3.98977428e-05]",37,by model,0.0,No collision,"[0, 0, 0, 0, 0, 0, 0, 0, 0, 0, 0, 0]",False
3,"[ 3.39953125e+02 -7.42711496e+00 -6.07606773e+01  0.00000000e+00
  0.00000000e+00  0.00000000e+00  1.20000000e+01  1.00000000e+00
  3.59942535e+02  2.18836021e+01  3.86384219e-01  3.41302455e-05]",37,by model,0.0,No collision,"[0, 0, 0, 0, 0, 0, 0, 0, 0, 0, 0, 0]",False
3,"[ 3.39953125e+02 -7.42711496e+00 -6.07606773e+01  0.00000000e+00
  0.00000000e+00  0.00000000e+00  1.20000000e+01  1.00000000e+00
  3.59942535e+02  2.18836079e+01  3.86377275e-01  3.48541555e-05]",37,by model,0.0,No collision,"[0, 0, 0, 0, 0, 0, 0, 0, 0, 0, 0, 0]",False
3,"[ 3.39953125e+02 -7.42711496e+00 -6.07606773e+01  0.00000000e+00
  0.00000000e+00  0.00000000e+00  1.20000000e+01  1.00000000e+00
  3.59942535e+02  2.18836250e+01  3.86392593e-01  3.40965182e-05]",37,by model,0.0,No collision,"[0, 0, 0, 0, 0, 0, 0, 0, 0, 0, 0, 0]",False
3,"[ 3.39953125e+02 -7.42711449e+00 -6.07606773e+01  0.00000000e+00
  0.00000000e+00  0.00000000e+00  1.20000000e+01 -1.00000000e+00
  3.59942535e+02  2.18836517e+01  3.86392713e-01  3.92222901e-05]",37,by model,0.0,No collision,"[0, 0, 0, 0, 0, 0, 0, 0, 0, 0, 0, 0]",False
3,"[ 3.39953125e+02 -7.42711496e+00 -6.07606773e+01  0.00000000e+00
  0.00000000e+00  0.00000000e+00  1.20000000e+01 -1.00000000e+00
  3.59942535e+02  2.18837032e+01  3.86378169e-01  3.78514721e-05]",37,by model,0.0,No collision,"[0, 0, 0, 0, 0, 0, 0, 0, 0, 0, 0, 0]",True
4,"[-40.09420013  -1.4024992  -11.8855114    0.           0.
   0.          12.          -1.           1.32172585 106.05056763
 359.12261963   1.10758355]",29,by model,0.264,No collision,"[0, 0.263612, 0, 0, 0, 0, 0, 0, 0, 0, 0, 0]",False
4,"[-3.66782761e+01 -1.49075770e+00 -1.28803196e+01  0.00000000e+00
  0.00000000e+00  0.00000000e+00  1.20000000e+01 -1.00000000e+00
  1.40635741e+00  1.06160774e+02  3.58967560e+02  5.08873310e-05]",11,randomly,0.0,No collision,"[0, 0, 0, 0, 0, 0, 0, 0, 0, 0, 0, 0]",False
4,"[-3.66782761e+01 -1.49075770e+00 -1.28803196e+01  0.00000000e+00
  0.00000000e+00  0.00000000e+00  1.40000000e+01 -1.00000000e+00
  1.40635908e+00  1.06160774e+02  3.58967560e+02  5.08573807e-05]",29,by model,0.0,No collision,"[0, 0, 0, 0, 0, 0, 0, 0, 0, 0, 0, 0]",False
4,"[-3.31718254e+01 -1.58296227e+00 -1.38903589e+01  0.00000000e+00
  0.00000000e+00  0.00000000e+00  1.40000000e+01  1.00000000e+00
  1.83059418e+00  1.05991066e+02  3.58995361e+02  1.22495559e-03]",27,randomly,0.473,No collision,"[0.473166, 0, 0, 0.244365, 0.065821, 0.332935, 0.393092, 0.367444, 0.341468, 0.402036, 0.370765, 0.389054]",False
4,"[ 13.64107609  -2.39016652 -26.92003822   0.           0.
   0.          14.           1.           0.83950371 105.45149231
 359.92892456  15.7747539 ]",33,by model,0.437,No collision,"[0.43656, 0.398167, 0.388641, 0.371552, 0.237885, 0.132961, 0, 0, 0.093077, 0.189124, 0.169515, 0]",False
4,"[ 89.24612427  -3.63521147 -43.60108948   0.           0.
   0.          14.           1.           1.12142003 106.03056335
 359.61465454   9.63443695]",33,by model,0.694,No collision,"[0.04035, 0.694099, 0.650334, 0.453391, 0.432342, 0.417681, 0.350779, 0.133588, 0.154911, 0.175753, 0.196324, 0.214529]",False
4,"[138.9670105   -4.20993137 -56.21901703   0.           0.
   0.          14.          -1.           0.60940129 104.69769287
 359.90328979   8.62492472]",33,by model,0.423,No collision,"[0.232897, 0.254606, 0.275757, 0.310846, 0.336771, 0.345902, 0.357436, 0.377656, 0.387469, 0.400414, 0.412445, 0.423418]",False
4,"[ 1.96166336e+02 -4.93272734e+00 -7.12382584e+01  0.00000000e+00
  0.00000000e+00  0.00000000e+00  1.40000000e+01 -1.00000000e+00
  7.79866874e-01  1.04762459e+02  3.16690244e-02  1.09211956e+01]",37,by model,0.424,No collision,"[0.417086, 0.420141, 0.423815, 0.408982, 0.423543, 0.410551, 0.382297, 0.169743, 0.070784, 0, 0, 0]",False
4,"[ 2.49883820e+02 -5.93666697e+00 -8.53764343e+01  0.00000000e+00
  0.00000000e+00  0.00000000e+00  1.40000000e+01 -1.00000000e+00
  1.16474855e+00  1.04759155e+02  6.60130056e-03  3.30734839e+00]",33,by model,0.0,No collision,"[0, 0, 0, 0, 0, 0, 0, 0, 0, 0, 0, 0]",False
4,"[ 2.70061829e+02 -6.29697418e+00 -9.07765274e+01  0.00000000e+00
  0.00000000e+00  0.00000000e+00  1.40000000e+01 -1.00000000e+00
  1.12477541e+00  1.04959892e+02  6.59199432e-02  4.17539883e+00]",33,by model,0.0,No collision,"[0, 0, 0, 0, 0, 0, 0, 0, 0, 0, 0, 0]",False
4,"[279.91384888  -6.48103857 -93.07538605   0.           0.
   0.          14.           1.           0.99289882 102.22618866
 359.97686768   2.30488473]",33,by model,0.934,No collision,"[0.199874, 0.656408, 0.799397, 0.852285, 0.894369, 0.906192, 0.921463, 0.93425, 0.926661, 0.893759, 0.794061, 0.733182]",False
4,"[ 3.04251007e+02 -6.90578032e+00 -9.92027054e+01  0.00000000e+00
  0.00000000e+00  0.00000000e+00  1.40000000e+01  1.00000000e+00
  9.17132318e-01  1.01153725e+02  4.05004993e-02  5.92795930e-01]",33,by model,0.67,No collision,"[0.6496, 0.660842, 0.669676, 0.365744, 0, 0, 0, 0, 0, 0, 0, 0]",False
4,"[ 3.04728851e+02 -6.91224813e+00 -9.92818451e+01  0.00000000e+00
  0.00000000e+00  0.00000000e+00  1.40000000e+01  1.00000000e+00
  7.99711108e-01  1.00789001e+02  3.69049683e-02  2.48600194e-04]",33,by model,0.0,No collision,"[0, 0, 0, 0, 0, 0, 0, 0, 0, 0, 0, 0]",False
4,"[ 3.06372314e+02 -6.93510580e+00 -9.97347717e+01  0.00000000e+00
  0.00000000e+00  0.00000000e+00  1.40000000e+01 -1.00000000e+00
  7.06986189e-01  1.04666756e+02  1.19826905e-02  1.27215165e+00]",33,by model,0.495,No collision,"[0.284667, 0.494949, 0.433247, 0, 0, 0, 0, 0, 0, 0, 0, 0]",False
4,"[ 334.56536865   -7.33543253 -104.11646271    0.            0.
    0.           14.           -1.            0.9179402    63.67503357
  357.9519043     5.9961241 ]",38,by model,0.0,No collision,"[0, 0, 0, 0, 0, 0, 0, 0, 0, 0, 0, 0]",False
4,"[ 3.41957825e+02 -7.44770622e+00 -7.88104095e+01  0.00000000e+00
  0.00000000e+00  0.00000000e+00  1.40000000e+01 -1.00000000e+00
  7.73168355e-02  1.08586264e+01  3.58760529e+02  3.08205748e+00]",38,by model,0.426,No collision,"[0, 0.301235, 0.425559, 0, 0, 0, 0, 0, 0, 0, 0, 0]",False
4,"[ 3.47299500e+02 -7.46236515e+00 -5.21408081e+01  0.00000000e+00
  0.00000000e+00  0.00000000e+00  1.40000000e+01 -1.00000000e+00
  6.75659403e-02  1.13497276e+01  3.58920410e+02  8.12143461e-05]",42,randomly,0.415,No collision,"[0, 0, 0.414935, 0, 0, 0, 0, 0, 0, 0, 0, 0]",False
4,"[ 3.47299500e+02 -7.46236420e+00 -5.21408081e+01  0.00000000e+00
  0.00000000e+00  0.00000000e+00  1.40000000e+01  1.00000000e+00
  6.74890652e-02  1.13492174e+01  3.58920380e+02  7.97980882e-05]",38,by model,0.064,No collision,"[0, 0, 0.063956, 0, 0, 0, 0, 0, 0, 0, 0, 0]",False
4,"[ 3.47299500e+02 -7.46236420e+00 -5.21408081e+01  0.00000000e+00
  0.00000000e+00  0.00000000e+00  1.40000000e+01  1.00000000e+00
  6.74851611e-02  1.13487101e+01  3.58920380e+02  7.97163168e-05]",38,by model,0.068,No collision,"[0, 0, 0.067508, 0, 0, 0, 0, 0, 0, 0, 0, 0]",False
4,"[ 3.47299500e+02 -7.46236420e+00 -5.21408081e+01  0.00000000e+00
  0.00000000e+00  0.00000000e+00  1.40000000e+01  0.00000000e+00
  6.74684867e-02  1.13482027e+01  3.58920380e+02  8.02536933e-05]",37,by model,0.068,No collision,"[0, 0, 0.067509, 0, 0, 0, 0, 0, 0, 0, 0, 0]",True
5,"[-39.0778656   -1.42973089 -12.18847179   0.           0.
   0.          12.          -1.           1.26679647 106.2507782
 359.04415894   2.75606662]",8,randomly,0.0,No collision,"[0, 0, 0, 0, 0, 0, 0, 0, 0, 0, 0, 0]",False
5,"[-3.19707527e+01 -1.61730754e+00 -1.42778492e+01  0.00000000e+00
  0.00000000e+00  5.00000000e-01  1.20000000e+01 -1.00000000e+00
  1.61083245e+00  1.06391212e+02  3.59050323e+02  5.58485732e-05]",29,by model,0.003,No collision,"[0, 0, 0.001241, 0.003138, 0.003212, 0.003209, 0.003214, 0.003212, 0.003209, 0.003207, 0.003204, 0.003201]",False
5,"[-3.19707527e+01 -1.61730754e+00 -1.42778502e+01  0.00000000e+00
  0.00000000e+00  5.00000000e-01  1.20000000e+01 -1.00000000e+00
  1.61083293e+00  1.06391212e+02  3.59050323e+02  5.56547045e-05]",29,by model,0.003,No collision,"[0.003199, 0.003196, 0.003194, 0.003191, 0.003189, 0.003186, 0.003184, 0.003181, 0.003179, 0.003176, 0.003174, 0.003171]",False
5,"[-3.19707527e+01 -1.61730754e+00 -1.42778502e+01  0.00000000e+00
  0.00000000e+00  5.00000000e-01  1.20000000e+01  1.00000000e+00
  1.61083233e+00  1.06391212e+02  3.59050323e+02  5.57571762e-05]",35,randomly,0.181,No collision,"[0.003168, 0.003165, 0.003162, 0.00316, 0.003157, 0, 0, 0, 0, 0, 0, 0.180712]",False
5,"[-1.68599625e+01 -1.88503742e+00 -1.84205494e+01  0.00000000e+00
  0.00000000e+00  5.00000000e-01  1.20000000e+01 -1.00000000e+00
  3.23244125e-01  1.04192474e+02  3.59851074e+02  7.30714313e+00]",33,by model,0.244,No collision,"[0, 0.243875, 0, 0.140218, 0.197514, 0.202813, 0.099843, 0.049563, 0, 0, 0, 0]",False
5,"[ 25.86496162  -2.60799003 -29.3410511    0.           0.
   0.5         12.           1.           0.96503061 101.5762558
 358.53039551   3.81533319]",33,by model,0.692,No collision,"[0, 0, 0, 0, 0, 0.691975, 0.673014, 0.657848, 0.637886, 0.629843, 0.621433, 0.651846]",False
5,"[ 49.18961334  -3.00831842 -35.42882538   0.           0.
   0.5         12.          -1.           0.64610898  96.23745728
 358.0657959    6.31696444]",33,by model,0.832,No collision,"[0.653075, 0.682059, 0.790215, 0.796561, 0.717659, 0.691563, 0.691675, 0.733176, 0.832415, 0.789881, 0.730662, 0.71336]",False
5,"[ 9.44304810e+01 -3.70911026e+00 -4.49013252e+01  0.00000000e+00
  0.00000000e+00  5.00000000e-01  1.20000000e+01 -1.00000000e+00
  6.63657367e-01  1.10609238e+02  3.94477835e-03  9.45041869e+00]",33,by model,0.788,No collision,"[0.727906, 0.731972, 0.721205, 0.761355, 0.770201, 0.77425, 0.788061, 0.76899, 0.718492, 0.688299, 0.66144, 0.616384]",False
5,"[190.46218872  -4.95966673 -73.99427032   0.           0.
   0.5         12.          -1.           0.48475325  95.05956268
 355.51998901  19.09942193]",33,by model,0.867,No collision,"[0.649467, 0.606351, 0.443404, 0.381801, 0.540829, 0.755164, 0.866868, 0.450803, 0.065907, 0.37075, 0.6512, 0.632113]",False
5,"[283.05905151  -6.65152121 -99.34812164   0.           0.
   0.5         12.          -1.           0.58817893 105.57951355
 357.70803833  13.08595867]",25,randomly,0.827,No collision,"[0.549225, 0.525567, 0.568893, 0.826817, 0.700468, 0.443728, 0.532503, 0.5223, 0.506421, 0.489858, 0.504997, 0.617014]",False
5,"[ 319.42138672   -7.12587595 -105.97695923    0.            0.
    0.5          12.            1.            0.71576196   83.81091309
  359.29916382    1.49088364]",33,by model,0.828,No collision,"[0.770906, 0.828444, 0.812302, 0, 0, 0, 0, 0, 0, 0.146406, 0.450104, 0.541664]",False
5,"[ 330.8531189    -7.28404903 -100.81812286    0.            0.
    0.5          12.            1.            0.95449495   62.13789368
  359.81112671    3.24980812]",38,by model,0.196,No collision,"[0.196454, 0, 0, 0, 0, 0, 0, 0, 0, 0, 0, 0]",False
5,"[ 3.40468781e+02 -7.47032118e+00 -9.53140335e+01  0.00000000e+00
  0.00000000e+00  5.00000000e-01  1.20000000e+01  1.00000000e+00
  1.18397462e+00  5.71206245e+01  3.59335510e+02  6.08924501e-05]",38,by model,0.0,No collision,"[0, 0, 0, 0, 0, 0, 0, 0, 0, 0, 0, 0]",False
5,"[ 3.40468781e+02 -7.47032022e+00 -9.53140335e+01  0.00000000e+00
  0.00000000e+00  5.00000000e-01  1.20000000e+01 -1.00000000e+00
  1.18393803e+00  5.71206245e+01  3.59335541e+02  6.15800601e-05]",38,by model,0.0,No collision,"[0, 0, 0, 0, 0, 0, 0, 0, 0, 0, 0, 0]",False
5,"[ 3.40468781e+02 -7.47032022e+00 -9.53140335e+01  0.00000000e+00
  0.00000000e+00  5.00000000e-01  1.20000000e+01 -1.00000000e+00
  1.18393874e+00  5.71206245e+01  3.59335541e+02  6.14076129e-05]",38,by model,0.0,No collision,"[0, 0, 0, 0, 0, 0, 0, 0, 0, 0, 0, 0]",False
5,"[ 3.40468781e+02 -7.47032022e+00 -9.53140335e+01  0.00000000e+00
  0.00000000e+00  5.00000000e-01  1.20000000e+01 -1.00000000e+00
  1.18393826e+00  5.71206245e+01  3.59335541e+02  6.15751017e-05]",38,by model,0.0,No collision,"[0, 0, 0, 0, 0, 0, 0, 0, 0, 0, 0, 0]",False
5,"[ 3.40468781e+02 -7.47032022e+00 -9.53140335e+01  0.00000000e+00
  0.00000000e+00  5.00000000e-01  1.20000000e+01 -1.00000000e+00
  1.18393934e+00  5.71206245e+01  3.59335541e+02  6.13552419e-05]",38,by model,0.0,No collision,"[0, 0, 0, 0, 0, 0, 0, 0, 0, 0, 0, 0]",False
5,"[ 3.40468781e+02 -7.47032022e+00 -9.53140335e+01  0.00000000e+00
  0.00000000e+00  5.00000000e-01  1.20000000e+01  1.00000000e+00
  1.18393874e+00  5.71206245e+01  3.59335541e+02  6.20818952e-05]",38,by model,0.0,No collision,"[0, 0, 0, 0, 0, 0, 0, 0, 0, 0, 0, 0]",False
5,"[ 3.40468781e+02 -7.47032022e+00 -9.53140335e+01  0.00000000e+00
  0.00000000e+00  5.00000000e-01  1.20000000e+01  1.00000000e+00
  1.18393946e+00  5.71206245e+01  3.59335541e+02  6.20337615e-05]",38,by model,0.0,No collision,"[0, 0, 0, 0, 0, 0, 0, 0, 0, 0, 0, 0]",False
5,"[ 3.40468781e+02 -7.47032022e+00 -9.53140335e+01  0.00000000e+00
  0.00000000e+00  5.00000000e-01  1.20000000e+01  0.00000000e+00
  1.18393838e+00  5.71206245e+01  3.59335541e+02  6.28006440e-05]",41,randomly,0.0,No collision,"[0, 0, 0, 0, 0, 0, 0, 0, 0, 0, 0, 0]",True
6,"[-38.56286621  -1.44487953 -12.44523907   0.           0.
   0.          12.          -1.           1.2119503  107.9467392
 358.90744019   3.22179485]",29,by model,1.0,Sedan(Clone)765e386b-3d7a-4f1e-b86b-007b94b57d61,"[0, 0.728183, 0.337164, 1, 0.208412, 0, 0, 0, 0, 0, 0, 0]",False
6,"[-13.96932411  -1.9137063  -19.55681229   0.           0.
   0.          12.           1.           0.70979738 105.14060211
   0.12542225   2.51216133]",29,by model,0.0,No collision,"[0, 0, 0, 0, 0, 0, 0, 0, 0, 0, 0, 0]",False
6,"[-1.28717308e+01 -1.92350948e+00 -1.98514652e+01  0.00000000e+00
  0.00000000e+00  0.00000000e+00  1.20000000e+01  1.00000000e+00
  5.53018093e-01  1.05147736e+02  2.49797389e-01  2.46410410e-05]",29,by model,0.0,No collision,"[0, 0, 0, 0, 0, 0, 0, 0, 0, 0, 0, 0]",False
6,"[ 29.06877708  -2.69350529 -31.27499962   0.           0.
   0.          12.           1.           0.84186608 104.5820694
 358.72924805  15.03939777]",33,by model,0.078,No collision,"[0.077789, 0, 0, 0, 0, 0, 0, 0, 0, 0, 0, 0]",False
6,"[ 6.72253265e+01 -3.26653934e+00 -3.05443764e+01  0.00000000e+00
  0.00000000e+00  0.00000000e+00  1.20000000e+01  1.00000000e+00
  3.59214661e+02  6.34728203e+01  3.58815979e+02  8.61992826e-03]",9,by model,0.0,No collision,"[0, 0, 0, 0, 0, 0, 0, 0, 0, 0, 0, 0]",False
6,"[ 6.73592834e+01 -3.26872015e+00 -3.05727139e+01  0.00000000e+00
  0.00000000e+00  1.00000000e+00  1.20000000e+01  1.00000000e+00
  3.59199249e+02  6.38264732e+01  3.58843262e+02  8.05564151e-03]",9,by model,0.0,No collision,"[0, 0, 0, 0, 0, 0, 0, 0, 0, 0, 0, 0]",False
6,"[ 6.74286652e+01 -3.27057838e+00 -3.06017590e+01  0.00000000e+00
  0.00000000e+00  1.00000000e+00  1.20000000e+01 -1.00000000e+00
  3.59266998e+02  6.34202347e+01  3.58673645e+02  5.60313166e-03]",22,randomly,0.144,No collision,"[0, 0, 0.082141, 0.140663, 0.143372, 0.143505, 0.143518, 0.143529, 0.143535, 0.143545, 0.14356, 0.143572]",False
6,"[ 6.74448013e+01 -3.27121592e+00 -3.06102924e+01  0.00000000e+00
  0.00000000e+00  1.00000000e+00  1.20000000e+01 -1.00000000e+00
  3.59280670e+02  6.33563080e+01  3.58656860e+02  1.62619022e-04]",9,by model,0.144,No collision,"[0.143585, 0.143591, 0.143603, 0.143612, 0.143623, 0.143635, 0.143644, 0.143652, 0.143662, 0.143675, 0.143681, 0.143695]",False
6,"[ 6.74447784e+01 -3.27128196e+00 -3.06114292e+01  0.00000000e+00
  0.00000000e+00  1.00000000e+00  1.20000000e+01 -1.00000000e+00
  3.59283936e+02  6.33676872e+01  3.58653839e+02  1.62249008e-04]",9,by model,0.144,No collision,"[0.143704, 0.143715, 0.143727, 0.143736, 0.143746, 0.143759, 0.143769, 0.143784, 0.143771, 0.143781, 0.143795, 0.143809]",False
6,"[ 6.74447556e+01 -3.27134824e+00 -3.06125660e+01  0.00000000e+00
  0.00000000e+00  1.00000000e+00  1.20000000e+01 -1.00000000e+00
  3.59287201e+02  6.33789978e+01  3.58650787e+02  1.63765853e-04]",25,randomly,0.144,No collision,"[0.143824, 0.143838, 0.143853, 0.143855, 0.14387, 0.143884, 0.143899, 0.143914, 0.143929, 0.143943, 0.143958, 0.143973]",True
7,"[-37.81175613  -1.46144724 -12.48111629   0.           0.
   0.          12.          -1.           1.17874801 105.20109558
 359.0475769    3.97821894]",29,by model,0.241,No collision,"[0, 0.051451, 0.241491, 0, 0, 0, 0, 0, 0, 0, 0, 0]",False
7,"[-12.33307076  -1.92956161 -19.68120766   0.           0.
   0.          12.           1.           0.70633674 106.03411865
   0.26022673   0.23887965]",29,by model,0.0,No collision,"[0, 0, 0, 0, 0, 0, 0, 0, 0, 0, 0, 0]",False
7,"[-1.23303156e+01 -1.92971635e+00 -1.96818714e+01  0.00000000e+00
  0.00000000e+00  0.00000000e+00  1.20000000e+01  1.00000000e+00
  4.68993515e-01  1.06032471e+02  2.59083390e-01  2.50837511e-05]",29,by model,0.0,No collision,"[0, 0, 0, 0, 0, 0, 0, 0, 0, 0, 0, 0]",False
7,"[-1.23303156e+01 -1.92971635e+00 -1.96818714e+01  0.00000000e+00
  0.00000000e+00  0.00000000e+00  1.20000000e+01 -1.00000000e+00
  4.68993813e-01  1.06032471e+02  2.59083420e-01  2.52225608e-05]",29,by model,0.0,No collision,"[0, 0, 0, 0, 0, 0, 0, 0, 0, 0, 0, 0]",False
7,"[ 44.93680191  -2.95735693 -34.90078735   0.           0.
   0.          12.           1.           0.90076768 101.31791687
 358.15966797  15.35081386]",33,by model,0.594,No collision,"[0, 0, 0, 0, 0, 0, 0, 0.097486, 0.389973, 0.594321, 0, 0]",False
7,"[ 1.02799507e+02 -3.80435300e+00 -3.98976860e+01  0.00000000e+00
  0.00000000e+00  0.00000000e+00  1.20000000e+01  1.00000000e+00
  3.35129946e-01  9.01653976e+01  3.57220551e+02  4.37355719e+00]",33,by model,1.0,OBSTACLE,"[0, 1, 0, 0, 0, 0, 0, 0, 0, 0, 0, 0]",False
7,"[ 1.05280296e+02 -3.82590437e+00 -4.02507553e+01  0.00000000e+00
  0.00000000e+00  0.00000000e+00  1.20000000e+01 -1.00000000e+00
  5.42782307e-01  9.61306000e+01  3.56314972e+02  6.67774186e-04]",33,by model,1.0,OBSTACLE,"[0, 1, 0, 0, 0, 0, 0, 0, 0, 0, 0, 0]",False
7,"[ 1.05743195e+02 -3.83423996e+00 -4.03560066e+01  0.00000000e+00
  0.00000000e+00  0.00000000e+00  1.20000000e+01 -1.00000000e+00
  6.56028867e-01  9.62642441e+01  3.56498871e+02  3.37099298e-03]",33,by model,0.0,No collision,"[0, 0, 0, 0, 0, 0, 0, 0, 0, 0, 0, 0]",False
7,"[ 1.05744621e+02 -3.83445311e+00 -4.03659973e+01  0.00000000e+00
  0.00000000e+00  0.00000000e+00  1.20000000e+01 -1.00000000e+00
  6.70653760e-01  9.61066895e+01  3.56526123e+02  6.24106556e-05]",33,by model,0.0,No collision,"[0, 0, 0, 0, 0, 0, 0, 0, 0, 0, 0, 0]",False
7,"[ 1.05744621e+02 -3.83445311e+00 -4.03659973e+01  0.00000000e+00
  0.00000000e+00  0.00000000e+00  1.20000000e+01 -1.00000000e+00
  6.70653462e-01  9.61066895e+01  3.56526123e+02  6.21774831e-05]",33,by model,0.0,No collision,"[0, 0, 0, 0, 0, 0, 0, 0, 0, 0, 0, 0]",False
7,"[ 1.05744621e+02 -3.83445311e+00 -4.03659973e+01  0.00000000e+00
  0.00000000e+00  0.00000000e+00  1.20000000e+01  1.00000000e+00
  6.70653343e-01  9.61066895e+01  3.56526123e+02  6.25337596e-05]",14,randomly,0.0,No collision,"[0, 0, 0, 0, 0, 0, 0, 0, 0, 0, 0, 0]",False
7,"[ 1.05744621e+02 -3.83445311e+00 -4.03659973e+01  0.00000000e+00
  0.00000000e+00  0.00000000e+00  1.20000000e+01  1.00000000e+00
  6.70653343e-01  9.61066895e+01  3.56526123e+02  6.25381987e-05]",6,randomly,0.0,No collision,"[0, 0, 0, 0, 0, 0, 0, 0, 0, 0, 0, 0]",False
7,"[ 1.05744621e+02 -3.83445311e+00 -4.03659973e+01  0.00000000e+00
  1.00000000e+00  0.00000000e+00  1.20000000e+01  1.00000000e+00
  6.70653999e-01  9.61066895e+01  3.56526123e+02  6.25132477e-05]",11,randomly,0.0,No collision,"[0, 0, 0, 0, 0, 0, 0, 0, 0, 0, 0, 0]",False
7,"[ 1.05744621e+02 -3.83445311e+00 -4.03659973e+01  0.00000000e+00
  1.00000000e+00  0.00000000e+00  1.40000000e+01 -1.00000000e+00
  6.70653760e-01  9.61066895e+01  3.56526123e+02  6.21774813e-05]",33,by model,0.0,No collision,"[0, 0, 0, 0, 0, 0, 0, 0, 0, 0, 0, 0]",False
7,"[ 1.05744621e+02 -3.83445311e+00 -4.03659973e+01  0.00000000e+00
  1.00000000e+00  0.00000000e+00  1.40000000e+01 -1.00000000e+00
  6.70653343e-01  9.61066895e+01  3.56526123e+02  6.25060911e-05]",33,by model,0.0,No collision,"[0, 0, 0, 0, 0, 0, 0, 0, 0, 0, 0, 0]",True
8,"[-39.04533005  -1.42975581 -12.13865852   0.           0.
   0.          12.          -1.           1.28669715 105.01547241
 359.08181763   2.31186724]",29,by model,0.774,No collision,"[0, 0.774295, 0.16519, 0.113706, 0, 0, 0, 0, 0, 0, 0, 0]",False
8,"[-2.81702404e+01 -1.72217083e+00 -1.51441317e+01  0.00000000e+00
  0.00000000e+00  0.00000000e+00  1.20000000e+01 -1.00000000e+00
  1.39963460e+00  1.05669525e+02  3.59354889e+02  7.58843051e-02]",29,by model,0.0,No collision,"[0, 0, 0, 0, 0, 0, 0, 0, 0, 0, 0, 0]",False
8,"[-2.60163689e+01 -1.77373314e+00 -1.57567148e+01  0.00000000e+00
  0.00000000e+00  0.00000000e+00  1.20000000e+01 -1.00000000e+00
  1.02036607e+00  1.05676910e+02  3.59547974e+02  4.91418896e-05]",29,by model,0.0,No collision,"[0, 0, 0, 0, 0, 0, 0, 0, 0, 0, 0, 0]",False
8,"[-2.60163689e+01 -1.77373290e+00 -1.57567148e+01  0.00000000e+00
  0.00000000e+00  0.00000000e+00  1.20000000e+01  1.00000000e+00
  1.02036595e+00  1.05676910e+02  3.59547974e+02  4.89249936e-05]",29,by model,0.0,No collision,"[0, 0, 0, 0, 0, 0, 0, 0, 0, 0, 0, 0]",False
8,"[-2.60163689e+01 -1.77373290e+00 -1.57567148e+01  0.00000000e+00
  0.00000000e+00  0.00000000e+00  1.20000000e+01  1.00000000e+00
  1.02036595e+00  1.05676910e+02  3.59547974e+02  4.89194318e-05]",29,by model,0.0,No collision,"[0, 0, 0, 0, 0, 0, 0, 0, 0, 0, 0, 0]",False
8,"[-2.60163689e+01 -1.77373290e+00 -1.57567148e+01  0.00000000e+00
  0.00000000e+00  0.00000000e+00  1.20000000e+01  1.00000000e+00
  1.02036619e+00  1.05676910e+02  3.59547974e+02  4.86147368e-05]",29,by model,0.0,No collision,"[0, 0, 0, 0, 0, 0, 0, 0, 0, 0, 0, 0]",False
8,"[-2.60163689e+01 -1.77373290e+00 -1.57567148e+01  0.00000000e+00
  0.00000000e+00  0.00000000e+00  1.20000000e+01 -1.00000000e+00
  1.02036619e+00  1.05676910e+02  3.59547974e+02  4.89249275e-05]",29,by model,0.0,No collision,"[0, 0, 0, 0, 0, 0, 0, 0, 0, 0, 0, 0]",False
8,"[-2.60163689e+01 -1.77373290e+00 -1.57567148e+01  0.00000000e+00
  0.00000000e+00  0.00000000e+00  1.20000000e+01 -1.00000000e+00
  1.02036619e+00  1.05676910e+02  3.59547974e+02  4.89352953e-05]",29,by model,0.0,No collision,"[0, 0, 0, 0, 0, 0, 0, 0, 0, 0, 0, 0]",False
8,"[-2.60163689e+01 -1.77373290e+00 -1.57567148e+01  0.00000000e+00
  0.00000000e+00  0.00000000e+00  1.20000000e+01 -1.00000000e+00
  1.02036595e+00  1.05676910e+02  3.59547974e+02  4.86118731e-05]",29,by model,0.0,No collision,"[0, 0, 0, 0, 0, 0, 0, 0, 0, 0, 0, 0]",False
8,"[-2.60163689e+01 -1.77373290e+00 -1.57567148e+01  0.00000000e+00
  0.00000000e+00  0.00000000e+00  1.20000000e+01 -1.00000000e+00
  1.02036560e+00  1.05676910e+02  3.59547974e+02  4.87146534e-05]",46,randomly,0.0,No collision,"[0, 0, 0, 0, 0, 0, 0, 0, 0, 0, 0, 0]",True
9,"[-39.06927109  -1.42919803 -12.13364601   0.           0.
   0.          12.          -1.           1.22460616 105.0584259
 359.08682251   2.71403348]",29,by model,0.748,No collision,"[0, 0.748182, 0, 0, 0, 0, 0, 0, 0, 0, 0, 0]",False
9,"[-3.19832363e+01 -1.61384583e+00 -1.40787830e+01  0.00000000e+00
  0.00000000e+00  0.00000000e+00  1.20000000e+01 -1.00000000e+00
  1.59593034e+00  1.05404869e+02  3.59192139e+02  5.68553586e-05]",21,randomly,0.0,No collision,"[0, 0, 0, 0, 0, 0, 0, 0, 0, 0, 0, 0]",False
9,"[-3.19832363e+01 -1.61384583e+00 -1.40787830e+01  0.00000000e+00
  0.00000000e+00  0.00000000e+00  1.20000000e+01 -1.00000000e+00
  1.59593117e+00  1.05404869e+02  3.59192139e+02  5.71532126e-05]",29,by model,0.0,No collision,"[0, 0, 0, 0, 0, 0, 0, 0, 0, 0, 0, 0]",False
9,"[-3.19832363e+01 -1.61384583e+00 -1.40787830e+01  0.00000000e+00
  0.00000000e+00  0.00000000e+00  1.20000000e+01  1.00000000e+00
  1.59593141e+00  1.05404869e+02  3.59192139e+02  5.67228458e-05]",29,by model,0.401,No collision,"[0, 0, 0, 0, 0, 0.069158, 0.190297, 0.281377, 0.263871, 0.278847, 0.298963, 0.401249]",False
9,"[ -4.00832176  -1.99169385 -21.92726707   0.           0.
   0.          12.          -1.           0.55759698 105.86485291
   0.11969277  11.44568948]",33,by model,0.552,No collision,"[0.374873, 0.228875, 0, 0.313647, 0.119636, 0, 0.271416, 0.423119, 0.52864, 0.551736, 0.494226, 0.477341]",False
9,"[ 53.63711929  -3.09789324 -37.06206512   0.           0.
   0.          12.           1.           1.04116094 107.11369324
 358.81152344  11.94156868]",16,randomly,0.637,No collision,"[0.583896, 0.576596, 0.544627, 0.465573, 0.346588, 0.345339, 0.436209, 0.526221, 0.6111, 0.636789, 0.487416, 0.453537]",False
9,"[120.2469101   -3.9962368  -51.73855591   0.           0.
   0.          12.          -1.           0.54045677 104.52713013
 359.95657349   9.7764403 ]",33,by model,0.431,No collision,"[0.430694, 0.412572, 0.375243, 0.355334, 0.349937, 0.350619, 0.366909, 0.379276, 0.392011, 0.404802, 0.416685, 0.41845]",False
9,"[ 1.72001770e+02 -4.60067415e+00 -6.48951645e+01  0.00000000e+00
  0.00000000e+00  0.00000000e+00  1.20000000e+01 -1.00000000e+00
  6.82658672e-01  1.05152611e+02  1.16065063e-01  9.23996233e+00]",33,by model,0.548,No collision,"[0.43091, 0.443132, 0.454089, 0.477306, 0.488644, 0.497998, 0.511794, 0.521678, 0.526868, 0.529002, 0.53965, 0.548449]",False
9,"[231.73954773  -5.59732962 -80.61499786   0.           0.
   0.          12.          -1.           1.02598774 104.73181915
 359.6809082   11.23183733]",33,by model,0.584,No collision,"[0.557231, 0.566191, 0.568597, 0.576556, 0.57699, 0.584472, 0.538888, 0.450325, 0.386248, 0.323261, 0.214112, 0.108488]",False
9,"[ 2.98286011e+02 -6.82214212e+00 -9.86176987e+01  0.00000000e+00
  0.00000000e+00  0.00000000e+00  1.20000000e+01 -1.00000000e+00
  1.03687227e+00  1.05770294e+02  1.49645835e-01  1.05522803e+01]",37,by model,0.235,No collision,"[0.235086, 0, 0, 0, 0, 0, 0, 0, 0, 0, 0.107157, 0.034328]",False
9,"[ 329.228302     -7.25430727 -102.01340485    0.            0.
    0.           12.            1.            0.69727081   67.41889954
  359.35437012    4.32407217]",38,by model,0.08,No collision,"[0, 0, 0, 0, 0, 0, 0, 0, 0, 0, 0, 0.080363]",False
9,"[ 3.39744781e+02 -7.39953136e+00 -7.84121628e+01  0.00000000e+00
  0.00000000e+00  0.00000000e+00  1.20000000e+01  1.00000000e+00
  2.73753405e-01  1.42916775e+01  3.58826630e+02  4.35321058e+00]",13,randomly,0.357,No collision,"[0.357357, 0.030695, 0, 0, 0, 0, 0, 0, 0, 0, 0, 0]",False
9,"[ 3.46217590e+02 -7.47233152e+00 -5.99140587e+01  0.00000000e+00
  0.00000000e+00  0.00000000e+00  1.20000000e+01  1.00000000e+00
  7.68040299e-01  2.47192535e+01  3.58635620e+02  6.14404591e-04]",38,by model,0.827,No collision,"[0, 0, 0, 0, 0, 0, 0, 0, 0.034231, 0.46719, 0.803333, 0.82652]",False
9,"[ 3.50984650e+02 -7.53265095e+00 -4.83050156e+01  0.00000000e+00
  0.00000000e+00  0.00000000e+00  1.20000000e+01 -1.00000000e+00
  2.26994351e-01  2.06919460e+01  3.58038300e+02  7.55847743e+00]",7,randomly,0.602,No collision,"[0.602333, 0.397811, 0.222807, 0.029579, 0, 0, 0, 0, 0, 0, 0, 0]",False
9,"[ 3.67000397e+02 -7.82087755e+00  5.94212294e+00  0.00000000e+00
  0.00000000e+00  2.00000003e-01  1.20000000e+01 -1.00000000e+00
  3.59284882e+02  1.50277138e+01  3.59931000e+02  8.71633637e+00]",37,by model,0.0,No collision,"[0, 0, 0, 0, 0, 0, 0, 0, 0, 0, 0, 0]",False
9,"[ 3.76004913e+02 -7.97543430e+00  4.06678429e+01  0.00000000e+00
  0.00000000e+00  2.00000003e-01  1.20000000e+01 -1.00000000e+00
  3.59462158e+02  1.47057152e+01  1.08727932e+00  2.30816639e+00]",37,by model,0.0,No collision,"[0, 0, 0, 0, 0, 0, 0, 0, 0, 0, 0, 0]",False
9,"[ 3.82606049e+02 -7.93870878e+00  6.57516098e+01  0.00000000e+00
  0.00000000e+00  2.00000003e-01  1.20000000e+01 -1.00000000e+00
  3.58936906e-01  1.47041950e+01  7.78344572e-01  4.73004499e+00]",37,by model,0.0,No collision,"[0, 0, 0, 0, 0, 0, 0, 0, 0, 0, 0, 0]",False
9,"[ 3.90649994e+02 -7.99505806e+00  9.61663666e+01  0.00000000e+00
  0.00000000e+00  2.00000003e-01  1.20000000e+01 -1.00000000e+00
  3.21253508e-01  1.45392647e+01  3.57272614e+02  5.65507788e+00]",37,by model,0.0,No collision,"[0, 0, 0, 0, 0, 0, 0, 0, 0, 0, 0, 0]",False
9,"[ 3.92255341e+02 -8.05670929e+00  1.02273224e+02  0.00000000e+00
  0.00000000e+00  2.00000003e-01  1.20000000e+01 -1.00000000e+00
  4.95708466e-01  1.45021315e+01  3.57120422e+02  1.50727184e-04]",9,by model,0.0,No collision,"[0, 0, 0, 0, 0, 0, 0, 0, 0, 0, 0, 0]",False
9,"[ 3.92255341e+02 -8.05670834e+00  1.02273224e+02  0.00000000e+00
  0.00000000e+00  1.00000000e+00  1.20000000e+01 -1.00000000e+00
  4.95645016e-01  1.45011148e+01  3.57120422e+02  1.50697547e-04]",28,randomly,0.0,No collision,"[0, 0, 0, 0, 0, 0, 0, 0, 0, 0, 0, 0]",False
9,"[ 3.92255341e+02 -8.05670834e+00  1.02273224e+02  0.00000000e+00
  0.00000000e+00  1.00000000e+00  1.20000000e+01  1.00000000e+00
  4.95621890e-01  1.45000992e+01  3.57120392e+02  1.51000127e-04]",9,by model,0.0,No collision,"[0, 0, 0, 0, 0, 0, 0, 0, 0, 0, 0, 0]",False
9,"[ 3.92255341e+02 -8.05670834e+00  1.02273224e+02  0.00000000e+00
  0.00000000e+00  1.00000000e+00  1.20000000e+01  1.00000000e+00
  4.95589793e-01  1.44990835e+01  3.57120361e+02  1.50528496e-04]",9,by model,0.0,No collision,"[0, 0, 0, 0, 0, 0, 0, 0, 0, 0, 0, 0]",False
9,"[ 3.92255341e+02 -8.05670834e+00  1.02273224e+02  0.00000000e+00
  0.00000000e+00  1.00000000e+00  1.20000000e+01  1.00000000e+00
  4.95550126e-01  1.44980669e+01  3.57120361e+02  1.50785683e-04]",9,by model,0.0,No collision,"[0, 0, 0, 0, 0, 0, 0, 0, 0, 0, 0, 0]",False
9,"[ 3.92255341e+02 -8.05670834e+00  1.02273224e+02  0.00000000e+00
  0.00000000e+00  1.00000000e+00  1.20000000e+01 -1.00000000e+00
  4.95509356e-01  1.44970493e+01  3.57120331e+02  1.50517363e-04]",9,by model,0.0,No collision,"[0, 0, 0, 0, 0, 0, 0, 0, 0, 0, 0, 0]",False
9,"[ 3.92255341e+02 -8.05670834e+00  1.02273224e+02  0.00000000e+00
  0.00000000e+00  1.00000000e+00  1.20000000e+01 -1.00000000e+00
  4.95474160e-01  1.44960337e+01  3.57120270e+02  1.50156235e-04]",9,by model,0.0,No collision,"[0, 0, 0, 0, 0, 0, 0, 0, 0, 0, 0, 0]",True
10,"[-39.80932236  -1.41031384 -11.97711849   0.           0.
   0.          12.          -1.           1.2773056  106.26345825
 359.13049316   1.69279439]",29,by model,0.552,No collision,"[0, 0.552421, 0, 0, 0.029831, 0, 0, 0, 0, 0, 0, 0]",False
10,"[-1.67067738e+01 -1.88600194e+00 -1.85489616e+01  0.00000000e+00
  0.00000000e+00  0.00000000e+00  1.20000000e+01  1.00000000e+00
  6.77386045e-01  1.05524506e+02  3.59919281e+02  2.34621606e-03]",29,by model,0.0,No collision,"[0, 0, 0, 0, 0, 0, 0, 0, 0, 0, 0, 0]",False
10,"[-1.66503067e+01 -1.88672698e+00 -1.85647717e+01  0.00000000e+00
  0.00000000e+00  0.00000000e+00  1.20000000e+01  1.00000000e+00
  3.44914913e-01  1.05513603e+02  3.59936005e+02  5.15104196e-01]",29,by model,0.241,No collision,"[0, 0, 0, 0, 0, 0.241447, 0, 0, 0, 0, 0, 0]",False
10,"[ 16.89121437  -2.43899226 -27.86952591   0.           0.
   0.          12.           1.           1.03740406 105.00353241
 359.52267456   8.54014385]",17,randomly,1.0,Sedan(Clone)20e5ede0-334a-4b37-a6ea-f2f88205685a,"[0.040499, 0, 0, 0.004007, 0, 0.219161, 0.151288, 0.170089, 0.43946, 1, 0.595056, 0.566208]",False
10,"[ 41.71266556  -2.86361647 -32.42942047   0.           0.
   0.          12.           1.           0.7472294   97.68174744
 359.09848022   3.53039208]",33,by model,0.671,No collision,"[0.540679, 0.567798, 0.627443, 0.670905, 0.661516, 0.606756, 0.462881, 0.199207, 0.132122, 0, 0, 0]",False
10,"[ 73.88724518  -3.39374447 -38.51369858   0.           0.
   0.          12.           1.           0.83708066 107.37334442
 359.70791626  10.85401948]",33,by model,0.333,No collision,"[0, 0, 0, 0, 0, 0, 0.149864, 0, 0, 0.164512, 0.260113, 0.33301]",False
10,"[133.64823914  -4.14842081 -54.87548447   0.           0.
   0.          12.          -1.           0.50763232 104.55458069
 359.93765259  16.43389185]",33,by model,0.789,No collision,"[0.262053, 0.356605, 0.38399, 0.309342, 0.275616, 0.502096, 0.585817, 0.73559, 0.736366, 0.786457, 0.78927, 0.667312]",False
10,"[219.42997742  -5.351933   -77.32410431   0.           0.
   0.          12.          -1.           1.35871923 103.99681854
 359.87896729  17.90952321]",45,randomly,1.0,Jeep(Clone)a74f0c77-ab8b-4d01-96ff-eb608072771c,"[0.619647, 0.707493, 0.89089, 0.956323, 0.992161, 1, 0.952163, 1, 0.951064, 0.935782, 0.921498, 0.598184]",False
10,"[ 2.69985199e+02 -6.29422188e+00 -9.04307709e+01  0.00000000e+00
  0.00000000e+00  0.00000000e+00  1.20000000e+01 -1.00000000e+00
  1.02329755e+00  1.06459045e+02  1.01079166e-01  2.51177323e-05]",30,randomly,0.935,No collision,"[0.457078, 0.533009, 0.541682, 0.537566, 0, 0, 0, 0.055815, 0.44071, 0.742808, 0.884472, 0.934667]",False
10,"[ 2.93535980e+02 -6.73489285e+00 -9.72548370e+01  0.00000000e+00
  0.00000000e+00  0.00000000e+00  1.20000000e+01 -1.00000000e+00
  9.30928528e-01  1.06091011e+02  1.61546171e-01  9.71506130e+00]",10,randomly,0.895,No collision,"[0.894905, 0.752356, 0.449929, 0.176888, 0, 0, 0, 0, 0, 0, 0.164024, 0]",False
10,"[ 329.62588501   -7.26372194 -101.03582764    0.            0.
    0.           10.            1.            0.90951461   66.27201843
  359.64147949    2.9476657 ]",38,by model,1.0,BoxTruck(Clone)7df15a09-5edf-4fa0-b249-ea9baff8c38c,"[0, 0, 1, 0, 0, 0, 0, 0, 0, 0, 0, 0]",False
10,"[ 3.38863556e+02 -7.39443207e+00 -8.59098892e+01  0.00000000e+00
  0.00000000e+00  0.00000000e+00  1.00000000e+01  1.00000000e+00
  1.14589788e-01  1.58518381e+01  3.58649414e+02  4.15240165e+00]",38,by model,0.0,No collision,"[0, 0, 0, 0, 0, 0, 0, 0, 0, 0, 0, 0]",False
10,"[ 3.45110107e+02 -7.45855284e+00 -6.65103607e+01  0.00000000e+00
  0.00000000e+00  0.00000000e+00  1.00000000e+01  1.00000000e+00
  3.04945931e-02  1.87345047e+01  3.58984680e+02  4.33609543e+00]",37,by model,0.02,No collision,"[0, 0.019901, 0, 0, 0, 0, 0, 0, 0, 0, 0, 0]",False
10,"[ 3.46846893e+02 -7.48856878e+00 -6.17570648e+01  0.00000000e+00
  0.00000000e+00  0.00000000e+00  1.00000000e+01 -1.00000000e+00
  7.42069364e-01  2.06211205e+01  3.58501251e+02  1.27428585e-04]",37,by model,0.0,No collision,"[0, 0, 0, 0, 0, 0, 0, 0, 0, 0, 0, 0]",False
10,"[ 3.46846893e+02 -7.48856878e+00 -6.17570648e+01  0.00000000e+00
  0.00000000e+00  0.00000000e+00  1.00000000e+01 -1.00000000e+00
  7.42037892e-01  2.06201000e+01  3.58501221e+02  1.27367055e-04]",5,randomly,0.0,No collision,"[0, 0, 0, 0, 0, 0, 0, 0, 0, 0, 0, 0]",False
10,"[ 3.46846893e+02 -7.48856926e+00 -6.17570648e+01  0.00000000e+00
  5.00000000e-01  0.00000000e+00  1.00000000e+01 -1.00000000e+00
  7.42010057e-01  2.06190834e+01  3.58501221e+02  1.27502157e-04]",38,by model,0.0,No collision,"[0, 0, 0, 0, 0, 0, 0, 0, 0, 0, 0, 0]",False
10,"[ 3.46846893e+02 -7.48856926e+00 -6.17570648e+01  0.00000000e+00
  5.00000000e-01  0.00000000e+00  1.00000000e+01 -1.00000000e+00
  7.41975784e-01  2.06180668e+01  3.58501160e+02  1.27732809e-04]",38,by model,0.0,No collision,"[0, 0, 0, 0, 0, 0, 0, 0, 0, 0, 0, 0]",False
10,"[ 3.46846893e+02 -7.48856926e+00 -6.17570648e+01  0.00000000e+00
  5.00000000e-01  0.00000000e+00  1.00000000e+01  1.00000000e+00
  7.41937339e-01  2.06170464e+01  3.58501190e+02  1.27744951e-04]",38,by model,0.0,No collision,"[0, 0, 0, 0, 0, 0, 0, 0, 0, 0, 0, 0]",False
10,"[ 3.46846893e+02 -7.48856926e+00 -6.17570648e+01  0.00000000e+00
  5.00000000e-01  0.00000000e+00  1.00000000e+01  1.00000000e+00
  7.41901875e-01  2.06160278e+01  3.58501190e+02  1.27087186e-04]",38,by model,0.0,No collision,"[0, 0, 0, 0, 0, 0, 0, 0, 0, 0, 0, 0]",False
10,"[ 3.46846893e+02 -7.48856926e+00 -6.17570648e+01  0.00000000e+00
  5.00000000e-01  0.00000000e+00  1.00000000e+01  0.00000000e+00
  7.41895080e-01  2.06150055e+01  3.58501160e+02  1.27785770e-04]",0,randomly,0.0,No collision,"[0, 0, 0, 0, 0, 0, 0, 0, 0, 0, 0, 0]",True
11,"[-39.18392181  -1.42702055 -12.16504669   0.           0.
   0.          12.          -1.           1.26345038 106.39185333
 359.05661011   2.6331526 ]",29,by model,0.557,No collision,"[0, 0.556758, 0, 0, 0, 0, 0, 0, 0, 0, 0, 0]",False
11,"[-3.26066246e+01 -1.59962988e+00 -1.41170139e+01  0.00000000e+00
  0.00000000e+00  0.00000000e+00  1.20000000e+01 -1.00000000e+00
  1.60947692e+00  1.06521660e+02  3.58957947e+02  5.65394877e-05]",10,randomly,0.0,No collision,"[0, 0, 0, 0, 0, 0, 0, 0, 0, 0, 0, 0]",False
11,"[-3.26066246e+01 -1.59962988e+00 -1.41170139e+01  0.00000000e+00
  0.00000000e+00  0.00000000e+00  1.00000000e+01 -1.00000000e+00
  1.60947239e+00  1.06521660e+02  3.58957947e+02  5.66540212e-05]",45,randomly,0.0,No collision,"[0, 0, 0, 0, 0, 0, 0, 0, 0, 0, 0, 0]",False
11,"[-3.26066246e+01 -1.59962988e+00 -1.41170139e+01  0.00000000e+00
  0.00000000e+00  0.00000000e+00  1.00000000e+01  1.00000000e+00
  1.60947359e+00  1.06521660e+02  3.58957947e+02  5.66027864e-05]",29,by model,0.0,No collision,"[0, 0, 0, 0, 0, 0, 0, 0, 0, 0, 0, 0]",False
11,"[ 2.56098366e+00 -2.12297034e+00 -2.35700989e+01  0.00000000e+00
  0.00000000e+00  0.00000000e+00  1.00000000e+01  1.00000000e+00
  1.04225063e+00  1.06010841e+02  6.25285134e-02  1.15324707e+01]",33,by model,0.716,No collision,"[0.437018, 0.471983, 0.481582, 0.4385, 0.319042, 0.120735, 0, 0.353737, 0.677504, 0.716297, 0.225789, 0.25581]",False
11,"[ 63.20708466  -3.21966028 -36.22694778   0.           0.
   0.          10.           1.           1.04005122 108.26450348
   0.13683383   7.93995433]",33,by model,0.417,No collision,"[0.320906, 0.328183, 0.323687, 0.344429, 0.319056, 0.301222, 0.320614, 0.336799, 0.350978, 0.380091, 0.393625, 0.416895]",False
11,"[112.55741882  -3.91677547 -49.18284607   0.           0.
   0.          10.          -1.           0.55263984 104.60494995
 359.91851807   9.39779463]",33,by model,0.476,No collision,"[0.430167, 0.440064, 0.44348, 0.446999, 0.458295, 0.458082, 0.454168, 0.450921, 0.45579, 0.46547, 0.465898, 0.475947]",False
11,"[169.85391235  -4.57584429 -64.29553223   0.           0.
   0.          10.          -1.           0.61207777 104.7049408
 359.98486328  10.23238848]",33,by model,0.494,No collision,"[0.469911, 0.480376, 0.480201, 0.482834, 0.493991, 0.479812, 0.464321, 0.471302, 0.463945, 0.442948, 0.43126, 0.434035]",False
11,"[228.55307007  -5.53862095 -79.74936676   0.           0.
   0.          10.          -1.           0.97586775 104.72541809
 359.77233887   9.65042339]",33,by model,0.505,No collision,"[0.423059, 0.427914, 0.454242, 0.475699, 0.492378, 0.5026, 0.505477, 0.497524, 0.4001, 0.341532, 0.290199, 0.244972]",False
11,"[287.46896362  -6.62433958 -95.57775879   0.           0.
   0.          10.          -1.           0.91302168 105.50228119
 359.68386841  10.18826735]",33,by model,0.83,No collision,"[0.190199, 0.174683, 0, 0, 0.062981, 0.262734, 0.49155, 0.520369, 0.604852, 0.698625, 0.7387, 0.829588]",False
11,"[ 3.24014740e+02 -7.17708063e+00 -1.00876030e+02  0.00000000e+00
  0.00000000e+00  0.00000000e+00  1.00000000e+01  1.00000000e+00
  1.00219190e+00  7.90097885e+01  1.66687861e-01  2.87071519e+00]",37,by model,0.247,No collision,"[0.246752, 0.139634, 0, 0, 0, 0, 0, 0, 0, 0, 0, 0]",False
11,"[ 3.37798035e+02 -7.36605787e+00 -8.23109436e+01  0.00000000e+00
  0.00000000e+00  0.00000000e+00  1.00000000e+01  1.00000000e+00
  1.17634095e-01  1.69234238e+01  3.58963531e+02  7.68819034e+00]",38,by model,0.0,No collision,"[0, 0, 0, 0, 0, 0, 0, 0, 0, 0, 0, 0]",False
11,"[351.91217041  -7.54666471 -45.78098679   0.           0.
   0.          10.           1.           0.37552476  21.42181015
 357.84967041   3.90671864]",37,by model,0.0,No collision,"[0, 0, 0, 0, 0, 0, 0, 0, 0, 0, 0, 0]",False
11,"[ 3.52793732e+02 -7.56118774e+00 -4.35642128e+01  0.00000000e+00
  0.00000000e+00  0.00000000e+00  1.00000000e+01 -1.00000000e+00
  3.51786077e-01  2.14674397e+01  3.57584930e+02  1.56744399e-04]",37,by model,0.0,No collision,"[0, 0, 0, 0, 0, 0, 0, 0, 0, 0, 0, 0]",False
11,"[ 3.52793732e+02 -7.56118774e+00 -4.35642128e+01  0.00000000e+00
  0.00000000e+00  0.00000000e+00  1.00000000e+01 -1.00000000e+00
  3.51805478e-01  2.14684048e+01  3.57584930e+02  1.55746400e-04]",27,randomly,0.0,No collision,"[0, 0, 0, 0, 0, 0, 0, 0, 0, 0, 0, 0]",False
11,"[ 3.52793732e+02 -7.56118822e+00 -4.35642128e+01  0.00000000e+00
  0.00000000e+00  0.00000000e+00  1.00000000e+01 -1.00000000e+00
  3.51843774e-01  2.14693546e+01  3.57584961e+02  1.58225098e-04]",37,by model,0.0,No collision,"[0, 0, 0, 0, 0, 0, 0, 0, 0, 0, 0, 0]",False
11,"[ 3.52793732e+02 -7.56118870e+00 -4.35642128e+01  0.00000000e+00
  0.00000000e+00  0.00000000e+00  1.00000000e+01 -1.00000000e+00
  3.51879507e-01  2.14702454e+01  3.57584930e+02  1.55188186e-04]",37,by model,0.0,No collision,"[0, 0, 0, 0, 0, 0, 0, 0, 0, 0, 0, 0]",False
11,"[ 3.52793732e+02 -7.56118870e+00 -4.35642128e+01  0.00000000e+00
  0.00000000e+00  0.00000000e+00  1.00000000e+01  1.00000000e+00
  3.51926386e-01  2.14711857e+01  3.57585022e+02  1.57776805e-04]",37,by model,0.0,No collision,"[0, 0, 0, 0, 0, 0, 0, 0, 0, 0, 0, 0]",False
11,"[ 3.52793732e+02 -7.56118870e+00 -4.35642128e+01  0.00000000e+00
  0.00000000e+00  0.00000000e+00  1.00000000e+01  1.00000000e+00
  3.51951629e-01  2.14720802e+01  3.57585022e+02  1.56116195e-04]",37,by model,0.0,No collision,"[0, 0, 0, 0, 0, 0, 0, 0, 0, 0, 0, 0]",False
11,"[ 3.52793732e+02 -7.56118965e+00 -4.35642128e+01  0.00000000e+00
  0.00000000e+00  0.00000000e+00  1.00000000e+01  0.00000000e+00
  3.51984888e-01  2.14729042e+01  3.57585083e+02  1.55813873e-04]",37,by model,0.0,No collision,"[0, 0, 0, 0, 0, 0, 0, 0, 0, 0, 0, 0]",True
12,"[-39.92432785  -1.40705597 -11.92957973   0.           0.
   0.          12.          -1.           1.28259623 105.85567474
 359.14465332   1.52272234]",29,by model,0.0,No collision,"[0, 0, 0, 0, 0, 0, 0, 0, 0, 0, 0, 0]",False
12,"[-3.39700851e+01 -1.56165767e+00 -1.36401587e+01  0.00000000e+00
  0.00000000e+00  0.00000000e+00  1.20000000e+01 -1.00000000e+00
  1.51683879e+00  1.06005264e+02  3.59016632e+02  5.28497638e-05]",29,by model,0.0,No collision,"[0, 0, 0, 0, 0, 0, 0, 0, 0, 0, 0, 0]",False
12,"[-3.39700851e+01 -1.56165755e+00 -1.36401587e+01  0.00000000e+00
  0.00000000e+00  0.00000000e+00  1.20000000e+01 -1.00000000e+00
  1.51683855e+00  1.06005264e+02  3.59016632e+02  5.26419913e-05]",29,by model,0.0,No collision,"[0, 0, 0, 0, 0, 0, 0, 0, 0, 0, 0, 0]",False
12,"[-3.39700851e+01 -1.56165755e+00 -1.36401587e+01  0.00000000e+00
  0.00000000e+00  0.00000000e+00  1.20000000e+01  1.00000000e+00
  1.51683879e+00  1.06005264e+02  3.59016632e+02  5.25431480e-05]",29,by model,0.0,No collision,"[0, 0, 0, 0, 0, 0, 0, 0, 0, 0, 0, 0]",False
12,"[  7.67437363  -2.24168324 -25.25109863   0.           0.
   0.          12.           1.           1.42694008 106.46514893
 359.9029541   13.66006305]",43,randomly,0.642,No collision,"[0.114708, 0, 0, 0, 0, 0.057293, 0.539566, 0.641529, 0.369318, 0.322029, 0.550438, 0.612871]",False
12,"[ 68.63961792  -3.31799054 -38.19929886   0.           0.
   0.          12.           1.           0.88495547 110.60881805
   0.19812258   8.3909069 ]",33,by model,0.825,No collision,"[0.623547, 0.703795, 0.814955, 0.824997, 0.613954, 0.622127, 0.619031, 0.565202, 0.565381, 0.373358, 0.41246, 0.545868]",False
12,"[ 1.21373970e+02 -4.00416756e+00 -5.12426987e+01  0.00000000e+00
  0.00000000e+00  0.00000000e+00  1.20000000e+01 -1.00000000e+00
  5.53807557e-01  1.05343704e+02  1.11312695e-01  7.73153378e+00]",33,by model,0.586,No collision,"[0.586151, 0.224908, 0.186905, 0.145758, 0.104446, 0.162707, 0.202075, 0.275298, 0.33794, 0.351605, 0.367175, 0.37956]",False
12,"[164.2509613   -4.5232048  -63.15783691   0.           0.
   0.          12.          -1.           0.56276453 104.83441162
 359.67166138   8.76191756]",33,by model,0.476,No collision,"[0.391939, 0.405613, 0.393696, 0.407661, 0.420505, 0.414164, 0.430205, 0.442733, 0.454344, 0.459988, 0.463171, 0.476357]",False
12,"[ 2.18401031e+02 -5.32824755e+00 -7.71912003e+01  0.00000000e+00
  0.00000000e+00  0.00000000e+00  1.20000000e+01 -1.00000000e+00
  1.14872634e+00  1.04763687e+02  9.91825294e-03  1.00223405e+01]",17,randomly,1.0,SchoolBus(Clone)fe5c9a46-489f-4db9-8c39-0fe46ff07def,"[0.53549, 0.521869, 0.497435, 0.425866, 0.399664, 0.382614, 0.343077, 0.317463, 0.615635, 1, 0, 0]",False
12,"[ 2.60222229e+02 -6.11829424e+00 -8.81626740e+01  0.00000000e+00
  0.00000000e+00  0.00000000e+00  1.20000000e+01 -1.00000000e+00
  1.00215232e+00  1.05206253e+02  7.43395463e-02  1.57280897e-04]",33,by model,1.0,SchoolBus(Clone)fe5c9a46-489f-4db9-8c39-0fe46ff07def,"[0, 0, 0, 0, 1, 0, 0, 0, 1, 1, 0, 0]",False
12,"[278.74151611  -6.46115732 -93.46039581   0.           0.
   0.          12.           1.           1.15873623 104.65427399
 359.99383545   4.75769108]",33,by model,0.705,No collision,"[0, 0.292906, 0.705134, 0.63302, 0.349548, 0.398351, 0.051726, 0.211403, 0, 0, 0, 0]",False
12,"[ 2.96193451e+02 -6.81257439e+00 -9.11673431e+01  0.00000000e+00
  0.00000000e+00  0.00000000e+00  1.20000000e+01  1.00000000e+00
  3.17518026e-01  7.08234558e+01  3.57883636e+02  1.97735792e+00]",36,randomly,0.315,No collision,"[0, 0.315306, 0, 0, 0, 0, 0, 0, 0, 0, 0, 0]",False
12,"[ 2.97669891e+02 -6.85290766e+00 -9.07303085e+01  0.00000000e+00
  0.00000000e+00  0.00000000e+00  1.20000000e+01  1.00000000e+00
  3.59951935e+02  7.31250229e+01  3.57651276e+02  4.09503101e-05]",9,by model,0.0,No collision,"[0, 0, 0, 0, 0, 0, 0, 0, 0, 0, 0, 0]",False
12,"[ 2.97669891e+02 -6.85290766e+00 -9.07303085e+01  0.00000000e+00
  0.00000000e+00  1.00000000e+00  1.20000000e+01 -1.00000000e+00
  3.59951935e+02  7.31250229e+01  3.57651276e+02  4.18232758e-05]",1,randomly,0.0,No collision,"[0, 0, 0, 0, 0, 0, 0, 0, 0, 0, 0, 0]",False
12,"[ 2.97669891e+02 -6.85290766e+00 -9.07303085e+01  2.00000003e-01
  0.00000000e+00  2.00000003e-01  1.20000000e+01 -1.00000000e+00
  3.59951935e+02  7.31250229e+01  3.57651276e+02  4.18897951e-05]",3,randomly,0.0,No collision,"[0, 0, 0, 0, 0, 0, 0, 0, 0, 0, 0, 0]",False
12,"[ 2.97669891e+02 -6.85290766e+00 -9.07303085e+01  1.00000000e+00
  0.00000000e+00  1.00000000e+00  1.20000000e+01 -1.00000000e+00
  3.59951935e+02  7.31250229e+01  3.57651276e+02  4.16953378e-05]",37,by model,0.0,No collision,"[0, 0, 0, 0, 0, 0, 0, 0, 0, 0, 0, 0]",False
12,"[ 2.97669891e+02 -6.85290813e+00 -9.07303085e+01  1.00000000e+00
  0.00000000e+00  1.00000000e+00  1.20000000e+01 -1.00000000e+00
  3.59951935e+02  7.31250229e+01  3.57651276e+02  3.92135038e-05]",37,by model,0.0,No collision,"[0, 0, 0, 0, 0, 0, 0, 0, 0, 0, 0, 0]",False
12,"[ 2.97669891e+02 -6.85290813e+00 -9.07303085e+01  1.00000000e+00
  0.00000000e+00  1.00000000e+00  1.20000000e+01  1.00000000e+00
  3.59951935e+02  7.31250229e+01  3.57651276e+02  3.83149406e-05]",9,by model,0.0,No collision,"[0, 0, 0, 0, 0, 0, 0, 0, 0, 0, 0, 0]",False
12,"[ 2.97669891e+02 -6.85290813e+00 -9.07303085e+01  0.00000000e+00
  0.00000000e+00  1.00000000e+00  1.20000000e+01  1.00000000e+00
  3.59951935e+02  7.31250229e+01  3.57651276e+02  3.78216689e-05]",3,randomly,0.0,No collision,"[0, 0, 0, 0, 0, 0, 0, 0, 0, 0, 0, 0]",False
12,"[ 2.97669891e+02 -6.85290813e+00 -9.07303085e+01  1.00000000e+00
  0.00000000e+00  1.00000000e+00  1.20000000e+01  0.00000000e+00
  3.59951935e+02  7.31250229e+01  3.57651276e+02  3.73653288e-05]",37,by model,0.0,No collision,"[0, 0, 0, 0, 0, 0, 0, 0, 0, 0, 0, 0]",True
13,"[-4.02835960e+01 -1.39707160e+00 -1.18052711e+01  0.00000000e+00
  0.00000000e+00  0.00000000e+00  1.20000000e+01 -1.00000000e+00
  1.44132137e+00  1.05006615e+02  3.59154694e+02  2.48363470e-01]",43,randomly,0.0,No collision,"[0, 0, 0, 0, 0, 0, 0, 0, 0, 0, 0, 0]",False
13,"[-3.79579964e+01 -1.45742834e+00 -1.24412823e+01  0.00000000e+00
  0.00000000e+00  0.00000000e+00  1.20000000e+01 -1.00000000e+00
  1.37619472e+00  1.05097191e+02  3.59046417e+02  1.92605943e-03]",29,by model,0.0,No collision,"[0, 0, 0, 0, 0, 0, 0, 0, 0, 0, 0, 0]",False
13,"[-3.79490318e+01 -1.45766354e+00 -1.24459639e+01  0.00000000e+00
  0.00000000e+00  0.00000000e+00  1.20000000e+01 -1.00000000e+00
  1.39757454e+00  1.05098434e+02  3.59042938e+02  5.17817000e-05]",34,randomly,0.0,No collision,"[0, 0, 0, 0, 0, 0, 0, 0, 0, 0, 0, 0]",False
13,"[-3.79490318e+01 -1.45766354e+00 -1.24459639e+01  0.00000000e+00
  0.00000000e+00  0.00000000e+00  1.20000000e+01  1.00000000e+00
  1.39757466e+00  1.05098434e+02  3.59042938e+02  5.20056518e-05]",29,by model,0.133,No collision,"[0, 0, 0, 0, 0, 0, 0, 0, 0.031125, 0, 0.133042, 0]",False
13,"[-1.45454750e+01 -1.90742624e+00 -1.89600601e+01  0.00000000e+00
  0.00000000e+00  0.00000000e+00  1.20000000e+01 -1.00000000e+00
  6.68263495e-01  1.05906151e+02  9.65753719e-02  1.07190656e+01]",33,by model,0.35,No collision,"[0, 0, 0, 0, 0, 0, 0, 0, 0, 0.349843, 0.190577, 0.195948]",False
13,"[ 43.9355011   -2.90346169 -33.09905624   0.           0.
   0.          12.           1.           1.0221343  108.51545715
 359.50976562   7.3322341 ]",39,randomly,0.889,No collision,"[0.225278, 0.46494, 0.615134, 0.258821, 0.201577, 0.493433, 0.482528, 0.560218, 0.590282, 0.849913, 0.888848, 0.726535]",False
13,"[ 95.97485352  -3.74999619 -47.55667877   0.           0.
   0.          12.          -1.           0.68683124 101.90363312
 358.99542236   9.91074454]",33,randomly,0.662,No collision,"[0.581415, 0.397311, 0.39752, 0.532452, 0.662236, 0.304916, 0, 0, 0, 0, 0, 0]",False
13,"[157.02557373  -4.44022846 -61.46434021   0.           0.
   0.          12.          -1.           0.60218275 103.09741211
 359.66897583  11.03771705]",33,by model,0.0,No collision,"[0, 0, 0, 0, 0, 0, 0, 0, 0, 0, 0, 0]",False
13,"[ 2.15534378e+02 -5.26777029e+00 -7.63617325e+01  0.00000000e+00
  0.00000000e+00  0.00000000e+00  1.20000000e+01 -1.00000000e+00
  1.14965034e+00  1.05049149e+02  6.15580492e-02  1.29399967e+01]",22,randomly,1.0,Jeep(Clone)27577cb1-3698-4896-b0a8-2cf864d8acc4,"[0.619864, 1, 0.154962, 1, 0.092123, 0, 0, 0, 0, 0, 0, 0]",False
13,"[228.94943237  -5.54468775 -79.98576355   0.           0.
   0.          12.          -1.           0.99516988 105.47682953
 359.75802612   0.49882093]",33,by model,0.0,No collision,"[0, 0, 0, 0, 0, 0, 0, 0, 0, 0, 0, 0]",False
13,"[230.28747559  -5.56963968 -80.34914398   0.           0.
   0.          12.           1.           0.96929371 105.21976471
 359.71643066   0.93450601]",33,by model,0.813,No collision,"[0.288155, 0.656996, 0.723233, 0.731411, 0.719782, 0.659861, 0.595048, 0.512884, 0.434772, 0.498514, 0.669176, 0.81321]",False
13,"[ 2.66604431e+02 -6.23468447e+00 -8.98808365e+01  0.00000000e+00
  0.00000000e+00  0.00000000e+00  1.20000000e+01  1.00000000e+00
  1.22527456e+00  1.04641388e+02  8.72332156e-02  9.62808266e+00]",37,by model,1.0,Jeep(Clone)27577cb1-3698-4896-b0a8-2cf864d8acc4,"[1, 0.869816, 0.850422, 0.800043, 0.343345, 0.30368, 0.534127, 0, 0, 0.656751, 0.301907, 0.527796]",False
13,"[ 2.78320892e+02 -6.45113802e+00 -9.30191269e+01  0.00000000e+00
  0.00000000e+00  0.00000000e+00  1.20000000e+01  1.00000000e+00
  1.10564816e+00  1.05084030e+02  4.15257849e-02  3.42674716e-05]",26,randomly,0.738,No collision,"[0.624176, 0.656267, 0.674836, 0.738171, 0.657277, 0.302737, 0.304421, 0.319265, 0.338731, 0.293274, 0.192239, 0.038501]",False
13,"[284.05273438  -6.56325483 -94.58010864   0.           0.
   0.          12.          -1.           0.82279342 105.28582001
 359.81365967   4.92874577]",33,by model,0.754,No collision,"[0, 0, 0, 0, 0, 0, 0, 0.209549, 0.597024, 0.678529, 0.750812, 0.754336]",False
13,"[316.53286743  -7.06838226 -99.72372437   0.           0.
   0.          12.          -1.           0.75395215  96.89954376
   0.4769201    3.92713819]",37,by model,0.923,No collision,"[0.827126, 0.91943, 0.923402, 0.167142, 0.284103, 0, 0.234123, 0, 0, 0, 0, 0]",False
13,"[ 3.33372711e+02 -7.34098339e+00 -9.27886353e+01  0.00000000e+00
  0.00000000e+00  0.00000000e+00  1.20000000e+01 -1.00000000e+00
  3.50746453e-01  4.29943161e+01  3.59119476e+02  8.34489700e-01]",38,by model,0.0,No collision,"[0, 0, 0, 0, 0, 0, 0, 0, 0, 0, 0, 0]",False
13,"[ 3.43505981e+02 -7.47478867e+00 -7.67251816e+01  0.00000000e+00
  0.00000000e+00  0.00000000e+00  1.20000000e+01 -1.00000000e+00
  1.26596451e-01  1.62534904e+01  3.58237885e+02  5.91243909e+00]",38,by model,0.0,No collision,"[0, 0, 0, 0, 0, 0, 0, 0, 0, 0, 0, 0]",False
13,"[ 3.46599121e+02 -7.48442078e+00 -6.40253830e+01  0.00000000e+00
  0.00000000e+00  0.00000000e+00  1.20000000e+01  1.00000000e+00
  1.33380130e-01  1.29574347e+01  3.58278961e+02  1.22021209e-04]",38,by model,0.0,No collision,"[0, 0, 0, 0, 0, 0, 0, 0, 0, 0, 0, 0]",False
13,"[ 3.46599121e+02 -7.48442078e+00 -6.40253830e+01  0.00000000e+00
  0.00000000e+00  0.00000000e+00  1.20000000e+01  1.00000000e+00
  1.33363128e-01  1.29564209e+01  3.58278961e+02  1.21051581e-04]",38,by model,0.0,No collision,"[0, 0, 0, 0, 0, 0, 0, 0, 0, 0, 0, 0]",False
13,"[ 3.46599121e+02 -7.48442078e+00 -6.40253830e+01  0.00000000e+00
  0.00000000e+00  0.00000000e+00  1.20000000e+01  0.00000000e+00
  1.33339316e-01  1.29554100e+01  3.58278961e+02  1.21251340e-04]",38,by model,0.0,No collision,"[0, 0, 0, 0, 0, 0, 0, 0, 0, 0, 0, 0]",False
13,"[ 3.46599121e+02 -7.48442030e+00 -6.40253830e+01  0.00000000e+00
  0.00000000e+00  0.00000000e+00  1.20000000e+01 -1.00000000e+00
  1.33316576e-01  1.29544201e+01  3.58278992e+02  1.21144082e-04]",3,randomly,0.0,No collision,"[0, 0, 0, 0, 0, 0, 0, 0, 0, 0, 0, 0]",False
13,"[ 3.46599121e+02 -7.48442030e+00 -6.40253830e+01  1.00000000e+00
  0.00000000e+00  1.00000000e+00  1.20000000e+01 -1.00000000e+00
  1.33273661e-01  1.29534283e+01  3.58279022e+02  1.21179498e-04]",20,randomly,0.0,No collision,"[0, 0, 0, 0, 0, 0, 0, 0, 0, 0, 0, 0]",False
13,"[ 3.46599121e+02 -7.48442030e+00 -6.40253830e+01  1.00000000e+00
  0.00000000e+00  1.00000000e+00  1.20000000e+01 -1.00000000e+00
  1.33247882e-01  1.29524164e+01  3.58278961e+02  1.21478563e-04]",38,by model,0.0,No collision,"[0, 0, 0, 0, 0, 0, 0, 0, 0, 0, 0, 0]",False
13,"[ 3.46599121e+02 -7.48442030e+00 -6.40253830e+01  1.00000000e+00
  0.00000000e+00  1.00000000e+00  1.20000000e+01  1.00000000e+00
  1.33224741e-01  1.29514151e+01  3.58278931e+02  1.21066556e-04]",38,by model,0.0,No collision,"[0, 0, 0, 0, 0, 0, 0, 0, 0, 0, 0, 0]",False
13,"[ 3.46599121e+02 -7.48441982e+00 -6.40253830e+01  1.00000000e+00
  0.00000000e+00  1.00000000e+00  1.20000000e+01  1.00000000e+00
  1.33181795e-01  1.29504185e+01  3.58278961e+02  1.21581547e-04]",38,by model,0.0,No collision,"[0, 0, 0, 0, 0, 0, 0, 0, 0, 0, 0, 0]",True
14,"[-39.89416504  -1.40773189 -11.92929268   0.           0.
   0.          12.          -1.           1.2773695  105.63871765
 359.14352417   1.62188503]",29,by model,0.391,No collision,"[0, 0.391186, 0, 0, 0, 0, 0, 0, 0, 0, 0, 0]",False
14,"[-3.39967537e+01 -1.56048656e+00 -1.36023598e+01  0.00000000e+00
  0.00000000e+00  0.00000000e+00  1.20000000e+01 -1.00000000e+00
  1.51293051e+00  1.05851585e+02  3.59045380e+02  5.30043188e-05]",29,by model,0.0,No collision,"[0, 0, 0, 0, 0, 0, 0, 0, 0, 0, 0, 0]",False
14,"[-3.39967537e+01 -1.56048656e+00 -1.36023598e+01  0.00000000e+00
  0.00000000e+00  0.00000000e+00  1.20000000e+01 -1.00000000e+00
  1.51292884e+00  1.05851585e+02  3.59045380e+02  5.25024419e-05]",29,by model,0.0,No collision,"[0, 0, 0, 0, 0, 0, 0, 0, 0, 0, 0, 0]",False
14,"[-3.39967537e+01 -1.56048656e+00 -1.36023598e+01  0.00000000e+00
  0.00000000e+00  0.00000000e+00  1.20000000e+01  1.00000000e+00
  1.51293051e+00  1.05851585e+02  3.59045380e+02  5.26834459e-05]",29,by model,0.0,No collision,"[0, 0, 0, 0, 0, 0, 0, 0, 0, 0, 0, 0]",False
14,"[  9.45832062  -2.28873968 -25.68446541   0.           0.
   0.          12.           1.           1.37344861 105.81715393
 359.82846069  14.2607966 ]",33,by model,0.319,No collision,"[0.319328, 0.30836, 0.289949, 0.261438, 0.095691, 0, 0, 0, 0, 0, 0, 0]",False
14,"[ 82.87837219  -3.53214717 -41.44710922   0.           0.
   0.          12.           1.           0.91818148 109.87333679
 359.92663574  11.80925389]",33,by model,0.62,No collision,"[0, 0.620308, 0.178561, 0.141029, 0.16188, 0.175757, 0, 0, 0, 0, 0, 0]",False
14,"[ 1.40219559e+02 -4.22293615e+00 -5.61741982e+01  0.00000000e+00
  0.00000000e+00  0.00000000e+00  1.20000000e+01 -1.00000000e+00
  6.32752538e-01  1.05813087e+02 -8.83069064e-04  9.29984809e+00]",29,randomly,0.402,No collision,"[0, 0, 0, 0, 0.146559, 0.28986, 0.327012, 0.349394, 0.366354, 0.377493, 0.39139, 0.402324]",False
14,"[ 1.98808975e+02 -4.97081661e+00 -7.19092026e+01  0.00000000e+00
  0.00000000e+00  0.00000000e+00  1.20000000e+01 -1.00000000e+00
  7.91694403e-01  1.04766342e+02  7.51585662e-02  1.09287105e+01]",37,by model,0.516,No collision,"[0.414078, 0.425942, 0.437992, 0.452736, 0.463142, 0.473382, 0.482432, 0.492065, 0.499969, 0.507975, 0.515985, 0.508742]",False
14,"[ 2.67869263e+02 -6.25852680e+00 -9.01920242e+01  0.00000000e+00
  0.00000000e+00  0.00000000e+00  1.20000000e+01 -1.00000000e+00
  1.03473771e+00  1.05139061e+02  9.86081287e-02  1.25783590e+01]",37,by model,0.479,No collision,"[0.478669, 0.418085, 0.34402, 0.278783, 0.128518, 0.000717, 0, 0, 0, 0, 0, 0]",False
14,"[331.99310303  -7.30667686 -99.85639191   0.           0.
   0.          12.          -1.           1.08678865  55.11024094
 358.97521973   7.71532317]",38,by model,0.0,No collision,"[0, 0, 0, 0, 0, 0, 0, 0, 0, 0, 0, 0]",False
14,"[ 3.46547485e+02 -7.51323700e+00 -6.91716385e+01  0.00000000e+00
  0.00000000e+00  0.00000000e+00  1.20000000e+01  1.00000000e+00
  3.18997651e-01  1.90215206e+01  3.57902863e+02  4.23957680e+00]",25,randomly,0.0,No collision,"[0, 0, 0, 0, 0, 0, 0, 0, 0, 0, 0, 0]",False
14,"[ 3.48667969e+02 -7.55130339e+00 -6.25586128e+01  0.00000000e+00
  0.00000000e+00  0.00000000e+00  1.20000000e+01  1.00000000e+00
  6.57326519e-01  1.69285660e+01  3.57759216e+02  1.66091097e-04]",38,by model,0.151,No collision,"[0, 0, 0.151493, 0, 0, 0, 0, 0, 0, 0, 0, 0]",False
14,"[ 3.48667969e+02 -7.55130386e+00 -6.25586128e+01  0.00000000e+00
  0.00000000e+00  0.00000000e+00  1.20000000e+01  1.00000000e+00
  6.57288313e-01  1.69275455e+01  3.57759216e+02  1.65421638e-04]",38,by model,0.0,No collision,"[0, 0, 0, 0, 0, 0, 0, 0, 0, 0, 0, 0]",False
14,"[ 3.48667969e+02 -7.55130386e+00 -6.25586128e+01  0.00000000e+00
  0.00000000e+00  0.00000000e+00  1.20000000e+01 -1.00000000e+00
  6.57235384e-01  1.69265308e+01  3.57759186e+02  1.65057468e-04]",38,by model,0.0,No collision,"[0, 0, 0, 0, 0, 0, 0, 0, 0, 0, 0, 0]",False
14,"[ 3.48667969e+02 -7.55130339e+00 -6.25586128e+01  0.00000000e+00
  0.00000000e+00  0.00000000e+00  1.20000000e+01 -1.00000000e+00
  6.57198966e-01  1.69255123e+01  3.57759155e+02  1.66218682e-04]",38,by model,0.0,No collision,"[0, 0, 0, 0, 0, 0, 0, 0, 0, 0, 0, 0]",True
15,"[-38.99085617  -1.43131912 -12.16009712   0.           0.
   0.          12.          -1.           1.30119979 105.21434784
 359.07565308   2.45682817]",29,by model,0.362,No collision,"[0, 0.361915, 0, 0, 0, 0, 0, 0, 0, 0, 0, 0]",False
15,"[-3.15732498e+01 -1.62629366e+00 -1.42218542e+01  0.00000000e+00
  0.00000000e+00  0.00000000e+00  1.20000000e+01 -1.00000000e+00
  1.59067965e+00  1.05603500e+02  3.59167999e+02  5.46584832e-05]",29,by model,0.0,No collision,"[0, 0, 0, 0, 0, 0, 0, 0, 0, 0, 0, 0]",False
15,"[-3.15732498e+01 -1.62629378e+00 -1.42218542e+01  0.00000000e+00
  0.00000000e+00  0.00000000e+00  1.20000000e+01 -1.00000000e+00
  1.59067738e+00  1.05603500e+02  3.59168030e+02  5.46722028e-05]",29,by model,0.0,No collision,"[0, 0, 0, 0, 0, 0, 0, 0, 0, 0, 0, 0]",False
15,"[-3.15732498e+01 -1.62629366e+00 -1.42218542e+01  0.00000000e+00
  0.00000000e+00  0.00000000e+00  1.20000000e+01  1.00000000e+00
  1.59067929e+00  1.05603500e+02  3.59167999e+02  5.45425639e-05]",29,by model,0.0,No collision,"[0, 0, 0, 0, 0, 0, 0, 0, 0, 0, 0, 0]",False
15,"[-10.69205856  -1.9458127  -20.10259247   0.           0.
   0.          12.          -1.           0.30917096 105.72370148
   0.25800934   9.05535555]",21,randomly,0.565,No collision,"[0.319239, 0.512681, 0.564953, 0.46682, 0.275012, 0.023452, 0, 0, 0, 0, 0, 0]",False
15,"[ 31.90708542  -2.72342563 -31.35724068   0.           0.
   0.          12.           1.           1.05993712 105.32205963
 358.8777771    4.23020802]",33,by model,0.072,No collision,"[0, 0, 0, 0, 0, 0, 0, 0, 0, 0, 0.07208, 0.059545]",False
15,"[ 57.64013672  -3.12781668 -36.060112     0.           0.
   0.          12.          -1.           0.80889571  94.92126465
 359.69021606   6.91581394]",33,by model,0.693,No collision,"[0.239877, 0.69271, 0.310298, 0.050626, 0.026942, 0, 0, 0, 0, 0, 0, 0]",False
15,"[110.8715744   -3.90050626 -49.12232208   0.           0.
   0.          12.          -1.           0.61276293 104.89291382
 359.70019531   9.99832944]",33,by model,0.455,No collision,"[0, 0.125037, 0.402624, 0.45528, 0, 0.058421, 0.221007, 0.276117, 0.276495, 0.212868, 0.159519, 0.065611]",False
15,"[202.72058105  -5.03752518 -73.70733643   0.           0.
   0.          12.          -1.           0.7922191  100.70780182
 359.01315308  22.14967275]",33,by model,0.15,No collision,"[0.150107, 0, 0, 0, 0, 0, 0, 0, 0, 0, 0, 0]",False
15,"[310.37149048  -6.99070454 -99.75314331   0.           0.
   0.          12.          -1.           0.81487596 114.99729919
   0.78781837  14.956895  ]",37,by model,0.0,No collision,"[0, 0, 0, 0, 0, 0, 0, 0, 0, 0, 0, 0]",False
15,"[336.40899658  -7.36383152 -82.34246063   0.           0.
   0.          12.           1.           0.7789607  354.31069946
   1.44493806   5.05905625]",10,randomly,0.0,No collision,"[0, 0, 0, 0, 0, 0, 0, 0, 0, 0, 0, 0]",False
15,"[ 3.36563904e+02 -7.44977045e+00 -7.35785294e+01  0.00000000e+00
  0.00000000e+00  0.00000000e+00  1.00000000e+01  1.00000000e+00
  1.16351470e-01  7.30684233e+00  1.19572699e+00  8.76682915e-05]",37,by model,0.0,No collision,"[0, 0, 0, 0, 0, 0, 0, 0, 0, 0, 0, 0]",False
15,"[ 3.36563904e+02 -7.44977045e+00 -7.35785294e+01  0.00000000e+00
  0.00000000e+00  0.00000000e+00  1.00000000e+01  1.00000000e+00
  1.16312534e-01  7.30818462e+00  1.19573581e+00  8.74518750e-05]",37,by model,0.0,No collision,"[0, 0, 0, 0, 0, 0, 0, 0, 0, 0, 0, 0]",False
15,"[337.52386475  -7.44534874 -68.99481201   0.           0.
   0.          10.          -1.         359.96697998  13.05012608
   0.91526961   1.68853477]",37,by model,0.0,No collision,"[0, 0, 0, 0, 0, 0, 0, 0, 0, 0, 0, 0]",False
15,"[ 3.37696991e+02 -7.44428062e+00 -6.83261566e+01  0.00000000e+00
  0.00000000e+00  0.00000000e+00  1.00000000e+01 -1.00000000e+00
  3.59879089e+02  1.37628632e+01  8.87106180e-01  6.01012770e-05]",37,by model,0.0,No collision,"[0, 0, 0, 0, 0, 0, 0, 0, 0, 0, 0, 0]",False
15,"[338.18356323  -7.44079781 -66.6113739    0.           0.
   0.          10.          -1.         359.84521484  15.46665096
   0.76095396   1.40396263]",11,randomly,0.0,No collision,"[0, 0, 0, 0, 0, 0, 0, 0, 0, 0, 0, 0]",False
15,"[ 3.38222870e+02 -7.44032335e+00 -6.64684830e+01  0.00000000e+00
  0.00000000e+00  0.00000000e+00  1.40000000e+01 -1.00000000e+00
  3.59856476e+02  1.55529842e+01  7.46315062e-01  5.50474071e-05]",37,by model,0.0,No collision,"[0, 0, 0, 0, 0, 0, 0, 0, 0, 0, 0, 0]",False
15,"[ 3.38222870e+02 -7.44032383e+00 -6.64684830e+01  0.00000000e+00
  0.00000000e+00  0.00000000e+00  1.40000000e+01  1.00000000e+00
  3.59856476e+02  1.55539951e+01  7.46321797e-01  5.19727915e-05]",37,by model,0.0,No collision,"[0, 0, 0, 0, 0, 0, 0, 0, 0, 0, 0, 0]",False
15,"[ 3.38222870e+02 -7.44032288e+00 -6.64684830e+01  0.00000000e+00
  0.00000000e+00  0.00000000e+00  1.40000000e+01  1.00000000e+00
  3.59856445e+02  1.55550165e+01  7.46287644e-01  5.27311855e-05]",37,by model,0.0,No collision,"[0, 0, 0, 0, 0, 0, 0, 0, 0, 0, 0, 0]",False
15,"[ 3.38222870e+02 -7.44032335e+00 -6.64684830e+01  0.00000000e+00
  0.00000000e+00  0.00000000e+00  1.40000000e+01  0.00000000e+00
  3.59856445e+02  1.55560322e+01  7.46253848e-01  5.23720455e-05]",37,by model,0.0,No collision,"[0, 0, 0, 0, 0, 0, 0, 0, 0, 0, 0, 0]",True
